date,ta_avg_mean,rn_day_mean,n_stations_ta,n_stations_rn
2001-01-01,-2.94,0.578,57,27
2001-01-02,-0.086,0.241,57,34
2001-01-03,-4.874,0.371,57,17
2001-01-04,-6.375,0.62,56,15
2001-01-05,-5.598,0.0,57,1
2001-01-06,-2.395,0.675,57,4
2001-01-07,2.13,28.274,57,57
2001-01-08,2.982,2.048,57,27
2001-01-09,2.012,5.24,57,57
2001-01-10,-2.979,0.488,57,8
2001-01-11,-3.426,0.536,57,39
2001-01-12,-7.756,0.0,57,3
2001-01-13,-6.863,3.138,57,37
2001-01-14,-10.941,0.841,56,17
2001-01-15,-12.196,0.44,56,10
2001-01-16,-10.804,0.15,57,10
2001-01-17,-7.111,0.05,55,12
2001-01-18,-1.36,0.217,57,30
2001-01-19,-0.419,0.794,57,31
2001-01-20,1.605,8.776,57,55
2001-01-21,-0.823,,57,0
2001-01-22,-1.36,,57,0
2001-01-23,-2.193,0.0,57,1
2001-01-24,-0.549,0.05,57,6
2001-01-25,2.426,0.838,57,13
2001-01-26,2.463,0.632,57,31
2001-01-27,1.009,2.674,57,57
2001-01-28,-1.067,0.578,57,45
2001-01-29,-2.204,0.871,57,35
2001-01-30,-1.263,0.128,57,18
2001-01-31,-0.188,2.228,57,39
2001-02-01,-2.298,0.021,57,14
2001-02-02,-4.391,0.295,57,20
2001-02-03,0.033,0.204,57,25
2001-02-04,1.688,0.0,57,2
2001-02-05,2.158,0.033,57,3
2001-02-06,3.539,3.174,57,19
2001-02-07,1.051,0.737,57,19
2001-02-08,-3.661,0.136,57,14
2001-02-09,-1.321,0.337,57,30
2001-02-10,-0.961,,57,0
2001-02-11,-1.298,,57,0
2001-02-12,-1.389,,57,0
2001-02-13,-1.719,0.0,57,1
2001-02-14,-2.789,0.75,57,2
2001-02-15,-0.97,6.263,57,57
2001-02-16,-3.064,0.278,56,9
2001-02-17,-2.084,0.0,57,2
2001-02-18,3.135,0.05,57,4
2001-02-19,4.184,,57,0
2001-02-20,4.153,,57,0
2001-02-21,4.251,2.18,57,41
2001-02-22,5.258,,57,0
2001-02-23,3.405,19.533,57,57
2001-02-24,1.295,7.435,57,57
2001-02-25,-0.556,0.167,57,3
2001-02-26,0.867,,57,0
2001-02-27,2.707,13.658,57,57
2001-02-28,5.119,12.113,57,56
2001-03-01,4.163,2.777,57,35
2001-03-02,4.379,0.5,57,2
2001-03-03,5.032,3.031,57,54
2001-03-04,-0.584,1.518,57,55
2001-03-05,2.511,0.0,57,3
2001-03-06,5.233,0.275,57,20
2001-03-07,0.289,0.08,57,20
2001-03-08,-3.023,0.741,57,39
2001-03-09,-0.228,0.529,57,24
2001-03-10,2.572,4.009,57,22
2001-03-11,0.698,0.0,57,1
2001-03-12,1.798,0.0,57,1
2001-03-13,3.772,0.0,57,3
2001-03-14,8.932,0.389,57,19
2001-03-15,5.972,0.889,57,9
2001-03-16,5.263,0.7,57,3
2001-03-17,7.012,0.98,57,30
2001-03-18,8.53,,57,0
2001-03-19,10.361,,57,0
2001-03-20,12.07,,57,0
2001-03-21,11.346,,57,0
2001-03-22,11.125,0.033,57,15
2001-03-23,9.754,,57,0
2001-03-24,11.432,0.0,57,1
2001-03-25,10.775,0.02,57,5
2001-03-26,4.849,,57,0
2001-03-27,3.911,0.688,57,32
2001-03-28,4.328,3.107,57,57
2001-03-29,3.102,0.379,57,42
2001-03-30,1.87,1.952,57,50
2001-03-31,4.135,0.0,57,1
2001-04-01,6.225,,57,0
2001-04-02,8.826,0.1,57,11
2001-04-03,8.412,0.0,57,1
2001-04-04,8.975,,57,0
2001-04-05,10.133,,57,0
2001-04-06,10.589,,57,0
2001-04-07,12.614,0.523,57,13
2001-04-08,14.916,0.033,57,3
2001-04-09,17.456,0.525,57,4
2001-04-10,16.26,,57,0
2001-04-11,9.579,6.393,57,57
2001-04-12,8.472,0.0,57,7
2001-04-13,10.963,1.125,57,8
2001-04-14,10.667,3.0,57,53
2001-04-15,12.942,,57,0
2001-04-16,14.43,,57,0
2001-04-17,14.495,,57,0
2001-04-18,15.218,,57,0
2001-04-19,14.746,0.787,57,8
2001-04-20,12.037,1.36,57,5
2001-04-21,12.335,,57,0
2001-04-22,12.118,3.34,57,5
2001-04-23,13.853,,57,0
2001-04-24,13.047,0.0,57,4
2001-04-25,11.337,,57,0
2001-04-26,12.502,,57,0
2001-04-27,14.175,,57,0
2001-04-28,15.291,1.63,57,40
2001-04-29,15.879,6.884,57,50
2001-04-30,16.353,9.252,57,46
2001-05-01,13.74,1.155,57,38
2001-05-02,13.521,1.377,57,44
2001-05-03,13.596,0.025,57,4
2001-05-04,14.288,0.91,57,20
2001-05-05,15.209,,57,0
2001-05-06,17.87,0.252,57,31
2001-05-07,17.256,11.405,57,57
2001-05-08,18.16,3.856,57,32
2001-05-09,15.849,2.527,57,26
2001-05-10,15.684,0.0,57,7
2001-05-11,15.411,,57,0
2001-05-12,16.689,,57,0
2001-05-13,18.323,,57,0
2001-05-14,18.905,,57,0
2001-05-15,18.028,0.141,57,22
2001-05-16,18.219,,57,0
2001-05-17,20.119,,57,0
2001-05-18,19.96,0.067,57,6
2001-05-19,21.426,0.0,57,1
2001-05-20,22.065,,57,0
2001-05-21,20.623,3.916,57,32
2001-05-22,17.1,9.428,57,57
2001-05-23,18.747,2.206,57,32
2001-05-24,19.988,0.233,57,3
2001-05-25,20.877,0.067,57,3
2001-05-26,19.688,0.333,57,9
2001-05-27,19.965,0.525,57,4
2001-05-28,20.177,,57,0
2001-05-29,21.791,,57,0
2001-05-30,18.695,1.952,57,46
2001-05-31,18.56,2.22,57,10
2001-06-01,19.323,1.7,57,17
2001-06-02,20.947,,57,0
2001-06-03,22.696,,57,0
2001-06-04,22.468,0.0,57,1
2001-06-05,20.551,1.071,57,31
2001-06-06,21.986,0.231,57,13
2001-06-07,22.474,0.243,57,7
2001-06-08,22.384,0.667,57,3
2001-06-09,22.521,6.473,57,11
2001-06-10,22.732,0.967,57,6
2001-06-11,21.644,4.7,57,10
2001-06-12,21.423,5.121,57,19
2001-06-13,18.888,6.367,57,57
2001-06-14,19.328,1.656,57,36
2001-06-15,20.077,,57,0
2001-06-16,20.712,0.0,57,6
2001-06-17,22.863,4.52,57,15
2001-06-18,20.619,65.556,57,57
2001-06-19,21.009,24.4,57,57
2001-06-20,21.253,4.319,57,27
2001-06-21,20.686,6.8,57,21
2001-06-22,21.253,1.776,57,42
2001-06-23,20.993,2.433,57,45
2001-06-24,20.004,62.375,57,57
2001-06-25,22.858,15.902,57,46
2001-06-26,22.468,2.427,57,33
2001-06-27,22.77,0.378,57,23
2001-06-28,24.288,1.042,57,12
2001-06-29,23.375,27.039,57,57
2001-06-30,23.675,25.623,57,57
2001-07-01,23.919,11.135,57,37
2001-07-02,26.868,1.272,57,18
2001-07-03,26.381,3.546,57,13
2001-07-04,26.591,0.343,57,7
2001-07-05,24.919,26.315,57,54
2001-07-06,23.823,5.84,57,30
2001-07-07,23.675,5.589,57,9
2001-07-08,24.381,,57,0
2001-07-09,24.528,,57,0
2001-07-10,23.581,7.01,57,42
2001-07-11,24.742,15.945,57,55
2001-07-12,23.425,26.434,57,50
2001-07-13,24.711,2.889,57,9
2001-07-14,24.384,19.742,57,57
2001-07-15,24.353,41.363,57,57
2001-07-16,22.94,13.062,57,47
2001-07-17,23.644,4.308,57,12
2001-07-18,23.528,0.975,57,4
2001-07-19,23.877,1.041,57,27
2001-07-20,25.468,3.178,57,50
2001-07-21,25.989,23.879,57,34
2001-07-22,27.53,12.35,57,20
2001-07-23,27.335,22.028,57,32
2001-07-24,27.035,18.139,57,23
2001-07-25,27.032,7.129,57,24
2001-07-26,27.047,5.376,57,17
2001-07-27,26.772,4.25,57,16
2001-07-28,27.17,2.622,57,9
2001-07-29,27.225,38.969,57,29
2001-07-30,26.24,29.126,57,53
2001-07-31,26.963,22.007,57,54
2001-08-01,27.261,14.611,57,47
2001-08-02,27.965,2.972,57,25
2001-08-03,28.209,2.827,57,11
2001-08-04,28.088,3.312,57,16
2001-08-05,25.53,3.672,57,53
2001-08-06,26.711,4.387,57,31
2001-08-07,25.954,21.705,57,57
2001-08-08,26.739,9.213,57,56
2001-08-09,24.809,8.618,57,17
2001-08-10,24.211,0.009,57,11
2001-08-11,23.104,1.763,57,32
2001-08-12,22.433,3.1,57,48
2001-08-13,23.404,16.763,57,51
2001-08-14,24.83,10.855,57,53
2001-08-15,25.274,11.353,57,53
2001-08-16,26.968,0.2,57,8
2001-08-17,27.118,1.1,57,2
2001-08-18,26.351,1.473,57,11
2001-08-19,25.689,2.58,57,10
2001-08-20,25.849,0.08,57,5
2001-08-21,25.861,0.267,57,12
2001-08-22,25.481,1.817,57,6
2001-08-23,24.686,0.25,57,2
2001-08-24,24.554,0.1,57,1
2001-08-25,23.386,0.844,57,16
2001-08-26,23.507,5.857,57,21
2001-08-27,23.282,3.462,57,13
2001-08-28,22.661,0.229,57,7
2001-08-29,22.146,2.546,57,13
2001-08-30,21.391,5.432,57,34
2001-08-31,21.691,0.0,57,3
2001-09-01,22.54,2.5,57,2
2001-09-02,22.947,1.67,57,10
2001-09-03,23.551,2.707,57,15
2001-09-04,22.53,0.0,57,1
2001-09-05,22.991,0.49,57,21
2001-09-06,22.705,6.267,57,27
2001-09-07,23.114,2.864,57,11
2001-09-08,23.5,4.732,57,25
2001-09-09,22.535,32.651,57,53
2001-09-10,22.419,10.589,57,44
2001-09-11,21.551,2.714,57,14
2001-09-12,19.956,0.014,57,7
2001-09-13,20.154,1.736,57,11
2001-09-14,18.939,24.156,57,39
2001-09-15,20.672,0.0,57,1
2001-09-16,20.586,,57,0
2001-09-17,21.467,0.125,57,4
2001-09-18,21.94,0.127,57,11
2001-09-19,20.2,5.9,57,8
2001-09-20,20.784,1.73,57,33
2001-09-21,17.451,7.735,57,17
2001-09-22,15.491,,57,0
2001-09-23,16.354,,57,0
2001-09-24,17.921,0.095,57,22
2001-09-25,18.616,0.587,57,38
2001-09-26,18.528,0.0,57,1
2001-09-27,18.737,0.0,57,1
2001-09-28,18.232,4.411,57,9
2001-09-29,18.649,0.0,57,8
2001-09-30,15.133,24.437,57,57
2001-10-01,15.884,8.819,57,54
2001-10-02,16.504,0.333,57,3
2001-10-03,17.495,0.121,57,19
2001-10-04,17.065,2.771,57,55
2001-10-05,14.73,1.2,57,4
2001-10-06,15.074,3.31,57,10
2001-10-07,16.235,0.586,57,7
2001-10-08,17.856,2.794,57,18
2001-10-09,15.7,43.477,57,57
2001-10-10,15.374,9.258,57,52
2001-10-11,15.721,0.942,57,24
2001-10-12,14.707,1.9,57,3
2001-10-13,14.533,,57,0
2001-10-14,15.542,,57,0
2001-10-15,16.377,0.093,57,27
2001-10-16,17.07,0.006,57,16
2001-10-17,13.939,0.114,57,7
2001-10-18,12.411,,57,0
2001-10-19,12.43,0.0,57,1
2001-10-20,13.532,0.15,57,2
2001-10-21,14.489,3.845,57,38
2001-10-22,15.463,6.202,57,47
2001-10-23,14.177,0.5,57,1
2001-10-24,14.109,0.3,57,1
2001-10-25,14.993,0.133,57,6
2001-10-26,15.568,0.0,57,1
2001-10-27,14.667,10.377,57,52
2001-10-28,15.395,19.505,57,56
2001-10-29,13.409,1.875,57,20
2001-10-30,12.823,2.38,57,5
2001-10-31,13.454,1.543,57,7
2001-11-01,12.393,1.842,57,31
2001-11-02,7.853,,57,0
2001-11-03,8.34,0.014,57,14
2001-11-04,8.093,0.0,57,4
2001-11-05,9.004,2.868,57,53
2001-11-06,5.598,0.49,57,10
2001-11-07,4.426,,57,0
2001-11-08,6.856,0.1,57,1
2001-11-09,8.684,4.706,57,32
2001-11-10,7.037,0.0,57,1
2001-11-11,6.663,0.0,57,4
2001-11-12,6.725,0.05,57,4
2001-11-13,5.226,0.4,57,8
2001-11-14,4.375,0.633,57,6
2001-11-15,4.263,0.964,57,14
2001-11-16,6.777,0.2,57,5
2001-11-17,6.14,,57,0
2001-11-18,4.721,,57,0
2001-11-19,5.504,,57,0
2001-11-20,6.305,,57,0
2001-11-21,6.893,,57,0
2001-11-22,7.396,,57,0
2001-11-23,7.279,,57,0
2001-11-24,7.979,0.883,57,23
2001-11-25,5.93,0.0,57,3
2001-11-26,1.284,0.085,57,13
2001-11-27,1.147,0.162,57,21
2001-11-28,5.993,0.539,57,31
2001-11-29,7.179,5.049,57,57
2001-11-30,3.202,0.5,57,1
2001-12-01,2.693,0.832,57,22
2001-12-02,4.282,0.2,57,13
2001-12-03,2.204,15.618,57,45
2001-12-04,2.711,1.87,57,27
2001-12-05,3.182,0.225,57,4
2001-12-06,1.307,0.28,57,5
2001-12-07,-0.609,,57,0
2001-12-08,1.728,,57,0
2001-12-09,1.682,,57,0
2001-12-10,2.781,1.708,57,12
2001-12-11,4.202,1.7,57,7
2001-12-12,5.104,4.077,57,57
2001-12-13,1.275,1.342,57,48
2001-12-14,-2.782,1.787,57,23
2001-12-15,-3.36,0.24,57,10
2001-12-16,-3.096,0.0,57,1
2001-12-17,-0.67,0.054,57,13
2001-12-18,-2.939,,57,0
2001-12-19,-2.853,,57,0
2001-12-20,-0.995,,57,0
2001-12-21,-0.649,0.537,57,43
2001-12-22,-2.295,0.3,57,6
2001-12-23,-2.233,0.044,57,9
2001-12-24,-1.626,0.556,57,16
2001-12-25,-0.288,4.192,57,39
2001-12-26,-0.577,,57,0
2001-12-27,-0.877,,57,0
2001-12-28,-1.835,0.0,57,1
2001-12-29,-0.837,1.618,57,50
2001-12-30,-2.691,0.552,57,23
2001-12-31,-1.189,2.657,57,35
2002-01-01,-1.526,0.849,57,41
2002-01-02,-6.967,1.433,57,6
2002-01-03,-4.907,0.0,57,1
2002-01-04,3.382,0.547,57,19
2002-01-05,0.289,0.25,57,4
2002-01-06,-1.433,,57,0
2002-01-07,-0.944,3.191,57,57
2002-01-08,-4.37,0.991,57,23
2002-01-09,-3.009,0.0,57,3
2002-01-10,1.777,0.022,57,9
2002-01-11,4.16,,57,0
2002-01-12,4.321,,57,0
2002-01-13,6.928,1.537,57,19
2002-01-14,9.67,1.579,57,56
2002-01-15,11.563,23.36,57,57
2002-01-16,6.74,17.372,57,57
2002-01-17,2.702,3.687,57,53
2002-01-18,1.989,1.182,57,11
2002-01-19,3.568,1.211,57,9
2002-01-20,2.723,3.621,57,47
2002-01-21,1.137,1.024,57,49
2002-01-22,-2.367,0.688,57,42
2002-01-23,-2.804,0.644,57,18
2002-01-24,-2.409,,56,0
2002-01-25,-1.902,,57,0
2002-01-26,0.667,8.646,57,56
2002-01-27,0.66,0.956,57,41
2002-01-28,-1.662,0.083,56,18
2002-01-29,-2.133,0.23,57,27
2002-01-30,-0.37,0.296,57,28
2002-01-31,-2.521,,57,0
2002-02-01,-0.953,0.1,57,3
2002-02-02,1.547,0.0,57,1
2002-02-03,1.423,0.0,57,4
2002-02-04,1.711,,57,0
2002-02-05,3.902,,57,0
2002-02-06,4.214,0.425,57,20
2002-02-07,3.875,0.0,57,7
2002-02-08,1.998,0.035,57,31
2002-02-09,-0.958,,57,0
2002-02-10,-0.342,0.891,57,45
2002-02-11,-1.796,0.898,57,41
2002-02-12,-1.365,,57,0
2002-02-13,0.104,,57,0
2002-02-14,-0.477,,57,0
2002-02-15,0.332,,57,0
2002-02-16,1.928,0.0,57,1
2002-02-17,3.093,0.478,57,32
2002-02-18,-0.761,,57,0
2002-02-19,-0.868,,57,0
2002-02-20,1.872,,57,0
2002-02-21,2.247,4.118,57,50
2002-02-22,4.088,0.0,57,6
2002-02-23,3.391,0.0,57,1
2002-02-24,3.539,0.08,57,5
2002-02-25,5.233,,57,0
2002-02-26,6.016,0.0,57,9
2002-02-27,6.072,0.827,57,30
2002-02-28,6.819,0.133,57,9
2002-03-01,5.021,0.0,57,1
2002-03-02,5.111,4.888,57,8
2002-03-03,4.553,0.256,57,9
2002-03-04,4.463,0.0,57,3
2002-03-05,4.037,6.367,57,57
2002-03-06,2.7,1.532,57,53
2002-03-07,1.281,,57,0
2002-03-08,2.814,,57,0
2002-03-09,8.454,0.0,57,2
2002-03-10,9.253,1.898,57,51
2002-03-11,6.937,,57,0
2002-03-12,8.13,,57,0
2002-03-13,9.626,,57,0
2002-03-14,8.423,14.951,57,55
2002-03-15,9.004,0.485,57,39
2002-03-16,8.933,,57,0
2002-03-17,10.258,,57,0
2002-03-18,8.249,0.0,57,1
2002-03-19,8.639,,57,0
2002-03-20,12.411,0.72,57,5
2002-03-21,9.47,13.298,57,57
2002-03-22,6.386,1.853,57,43
2002-03-23,5.626,0.125,57,4
2002-03-24,5.007,,57,0
2002-03-25,7.381,0.0,57,3
2002-03-26,8.842,0.229,57,7
2002-03-27,9.868,0.32,57,5
2002-03-28,10.881,0.525,57,16
2002-03-29,11.181,12.925,57,36
2002-03-30,10.368,3.254,57,48
2002-03-31,11.672,0.162,57,13
2002-04-01,13.974,,57,0
2002-04-02,15.181,,57,0
2002-04-03,13.244,0.0,57,3
2002-04-04,11.872,,57,0
2002-04-05,14.481,1.326,57,43
2002-04-06,13.018,28.561,57,57
2002-04-07,13.295,0.013,57,8
2002-04-08,10.516,0.075,57,8
2002-04-09,8.07,0.075,57,4
2002-04-10,8.775,,57,0
2002-04-11,9.119,0.0,57,1
2002-04-12,10.572,2.238,57,45
2002-04-13,12.063,0.02,57,5
2002-04-14,17.802,0.453,57,17
2002-04-15,18.1,10.233,57,49
2002-04-16,15.814,44.905,57,57
2002-04-17,11.335,0.186,57,7
2002-04-18,10.556,,57,0
2002-04-19,11.591,,57,0
2002-04-20,13.36,0.138,57,8
2002-04-21,16.919,0.333,57,15
2002-04-22,18.507,0.867,57,3
2002-04-23,16.758,14.732,57,41
2002-04-24,12.025,0.0,57,4
2002-04-25,9.788,,57,0
2002-04-26,11.34,0.0,57,1
2002-04-27,12.846,,57,0
2002-04-28,14.291,0.067,57,6
2002-04-29,14.87,16.564,57,56
2002-04-30,15.0,41.132,57,57
2002-05-01,15.086,3.469,57,32
2002-05-02,15.804,1.559,57,17
2002-05-03,14.428,20.307,57,57
2002-05-04,18.395,1.325,57,32
2002-05-05,16.784,0.0,57,3
2002-05-06,13.384,10.744,57,57
2002-05-07,11.011,46.325,57,57
2002-05-08,14.098,0.968,57,22
2002-05-09,15.558,0.0,57,4
2002-05-10,14.877,0.071,57,14
2002-05-11,15.347,0.0,57,1
2002-05-12,16.363,0.0,57,5
2002-05-13,17.911,,57,0
2002-05-14,18.219,3.876,57,25
2002-05-15,15.521,14.189,57,57
2002-05-16,14.46,5.175,57,57
2002-05-17,13.651,2.144,57,55
2002-05-18,14.9,6.616,57,51
2002-05-19,15.411,2.332,57,28
2002-05-20,17.73,,57,0
2002-05-21,19.728,0.0,57,2
2002-05-22,19.147,0.827,57,37
2002-05-23,19.167,,57,0
2002-05-24,19.079,,57,0
2002-05-25,19.03,0.125,57,4
2002-05-26,17.316,4.625,57,20
2002-05-27,16.928,,57,0
2002-05-28,17.77,0.153,57,15
2002-05-29,19.514,0.0,57,1
2002-05-30,19.528,0.786,57,42
2002-05-31,20.298,0.567,57,15
2002-06-01,20.974,0.218,57,38
2002-06-02,20.73,6.283,57,18
2002-06-03,21.233,,57,0
2002-06-04,21.695,0.456,57,9
2002-06-05,22.581,0.0,57,2
2002-06-06,23.742,,57,0
2002-06-07,24.121,0.0,57,1
2002-06-08,22.06,0.0,57,11
2002-06-09,21.902,,57,0
2002-06-10,22.291,18.425,57,56
2002-06-11,21.993,8.815,57,48
2002-06-12,19.905,8.106,57,36
2002-06-13,20.002,0.9,57,6
2002-06-14,19.411,0.25,57,2
2002-06-15,19.149,0.992,57,49
2002-06-16,20.64,0.78,57,20
2002-06-17,21.649,0.386,57,14
2002-06-18,22.595,,57,0
2002-06-19,23.053,6.65,57,14
2002-06-20,22.47,6.538,57,39
2002-06-21,22.633,3.44,57,5
2002-06-22,21.174,2.83,57,10
2002-06-23,17.688,5.079,57,57
2002-06-24,15.679,18.939,57,57
2002-06-25,17.414,0.225,57,16
2002-06-26,17.749,0.167,57,3
2002-06-27,19.096,0.0,57,1
2002-06-28,20.482,,57,0
2002-06-29,21.449,0.017,57,6
2002-06-30,21.919,3.507,57,44
2002-07-01,22.24,3.55,57,42
2002-07-02,23.339,6.504,57,48
2002-07-03,24.828,1.238,57,13
2002-07-04,25.835,0.887,57,23
2002-07-05,22.804,67.868,57,57
2002-07-06,21.581,16.082,57,57
2002-07-07,22.811,3.462,57,21
2002-07-08,20.853,5.268,57,44
2002-07-09,21.96,5.691,57,43
2002-07-10,23.118,0.806,57,17
2002-07-11,22.847,0.455,57,11
2002-07-12,24.786,0.0,57,1
2002-07-13,24.579,6.846,57,54
2002-07-14,24.204,14.807,57,57
2002-07-15,25.951,4.121,57,43
2002-07-16,25.375,3.47,57,30
2002-07-17,23.521,2.645,57,22
2002-07-18,23.354,1.764,57,25
2002-07-19,21.551,39.658,57,57
2002-07-20,24.132,3.0,57,46
2002-07-21,24.377,21.128,57,47
2002-07-22,23.321,23.839,57,56
2002-07-23,23.709,12.793,57,46
2002-07-24,25.505,12.45,57,8
2002-07-25,26.244,0.26,57,5
2002-07-26,25.27,2.902,57,48
2002-07-27,27.46,1.55,57,10
2002-07-28,26.595,0.04,57,5
2002-07-29,26.323,0.353,57,15
2002-07-30,26.933,0.523,57,22
2002-07-31,27.393,0.0,57,9
2002-08-01,27.06,0.113,57,15
2002-08-02,26.704,0.067,57,9
2002-08-03,26.639,3.897,57,36
2002-08-04,26.561,12.808,57,36
2002-08-05,27.354,14.017,57,47
2002-08-06,23.574,91.925,57,57
2002-08-07,22.651,114.693,57,57
2002-08-08,23.272,32.4,57,55
2002-08-09,22.835,36.967,57,43
2002-08-10,21.121,32.298,57,57
2002-08-11,20.439,17.126,57,57
2002-08-12,19.991,26.57,57,57
2002-08-13,20.872,13.3,57,49
2002-08-14,20.842,22.811,57,53
2002-08-15,21.089,27.266,57,47
2002-08-16,21.609,3.636,57,53
2002-08-17,23.075,3.798,57,40
2002-08-18,23.968,2.5,57,15
2002-08-19,22.614,1.884,57,25
2002-08-20,22.123,3.032,57,19
2002-08-21,22.075,0.12,57,5
2002-08-22,22.189,4.455,57,56
2002-08-23,23.919,4.916,57,56
2002-08-24,24.777,0.067,57,9
2002-08-25,24.409,1.319,57,16
2002-08-26,24.939,1.561,57,36
2002-08-27,25.249,19.655,57,53
2002-08-28,25.689,6.731,57,29
2002-08-29,26.382,0.713,57,23
2002-08-30,24.83,6.267,57,57
2002-08-31,22.37,145.377,57,57
2002-09-01,22.056,12.789,57,57
2002-09-02,24.507,0.0,57,1
2002-09-03,25.088,0.0,57,2
2002-09-04,24.086,0.4,57,3
2002-09-05,23.061,5.859,57,37
2002-09-06,21.132,9.98,57,25
2002-09-07,20.758,,57,0
2002-09-08,21.221,,57,0
2002-09-09,21.726,0.0,57,13
2002-09-10,21.44,0.6,57,2
2002-09-11,22.051,0.5,57,2
2002-09-12,20.484,3.019,57,36
2002-09-13,19.205,2.219,57,31
2002-09-14,18.979,0.825,57,36
2002-09-15,16.809,21.169,57,52
2002-09-16,16.442,26.151,57,53
2002-09-17,18.439,0.282,57,11
2002-09-18,17.57,,57,0
2002-09-19,17.76,,57,0
2002-09-20,18.328,0.0,57,1
2002-09-21,18.147,5.076,57,17
2002-09-22,17.307,2.667,57,33
2002-09-23,16.919,4.183,57,6
2002-09-24,17.433,,57,0
2002-09-25,17.886,0.0,57,1
2002-09-26,18.489,0.0,57,1
2002-09-27,17.116,0.057,57,7
2002-09-28,19.253,6.804,57,46
2002-09-29,18.411,8.896,57,51
2002-09-30,17.8,0.952,57,21
2002-10-01,17.547,1.925,57,20
2002-10-02,16.105,2.92,57,35
2002-10-03,15.844,2.41,57,40
2002-10-04,15.925,,57,0
2002-10-05,16.667,14.147,57,43
2002-10-06,14.998,14.991,57,57
2002-10-07,13.793,1.108,57,25
2002-10-08,11.577,,57,0
2002-10-09,11.363,,57,0
2002-10-10,13.028,,57,0
2002-10-11,14.574,,57,0
2002-10-12,15.932,0.0,57,3
2002-10-13,17.435,3.344,57,18
2002-10-14,15.288,0.125,57,4
2002-10-15,14.518,5.211,57,57
2002-10-16,13.804,0.0,57,1
2002-10-17,15.382,0.0,57,2
2002-10-18,15.002,5.237,57,49
2002-10-19,15.991,9.471,57,49
2002-10-20,13.853,5.648,57,56
2002-10-21,12.028,0.682,57,44
2002-10-22,6.1,,57,0
2002-10-23,4.774,,57,0
2002-10-24,8.181,1.306,57,34
2002-10-25,10.281,1.92,57,15
2002-10-26,8.296,6.513,57,56
2002-10-27,5.481,0.648,57,23
2002-10-28,4.604,0.829,57,17
2002-10-29,4.709,,57,0
2002-10-30,6.616,,57,0
2002-10-31,10.835,5.117,57,6
2002-11-01,6.707,0.2,57,15
2002-11-02,4.423,1.774,57,23
2002-11-03,4.288,4.749,57,41
2002-11-04,2.312,0.933,57,18
2002-11-05,3.361,,57,0
2002-11-06,7.874,,57,0
2002-11-07,10.618,5.825,57,57
2002-11-08,4.242,1.341,57,37
2002-11-09,2.43,1.0,57,4
2002-11-10,7.239,0.025,57,4
2002-11-11,13.639,0.075,57,12
2002-11-12,6.602,0.0,57,9
2002-11-13,2.737,0.312,57,24
2002-11-14,3.588,0.394,57,34
2002-11-15,2.288,,57,0
2002-11-16,1.916,,57,0
2002-11-17,3.311,2.817,57,54
2002-11-18,0.381,0.404,57,27
2002-11-19,0.293,,57,0
2002-11-20,3.953,0.885,57,34
2002-11-21,3.568,2.0,57,2
2002-11-22,3.533,0.14,57,5
2002-11-23,5.154,,57,0
2002-11-24,5.049,0.0,57,1
2002-11-25,2.896,0.42,57,5
2002-11-26,1.168,0.764,57,44
2002-11-27,0.654,,57,0
2002-11-28,1.9,,57,0
2002-11-29,6.682,0.65,57,38
2002-11-30,4.723,0.417,57,23
2002-12-01,2.428,,57,0
2002-12-02,3.844,1.5,57,1
2002-12-03,4.774,9.435,57,46
2002-12-04,9.302,8.852,57,48
2002-12-05,7.546,3.588,57,17
2002-12-06,5.763,0.737,57,32
2002-12-07,5.154,3.122,57,54
2002-12-08,2.275,8.53,57,57
2002-12-09,-2.598,1.616,57,37
2002-12-10,-5.075,0.485,57,13
2002-12-11,-4.04,0.47,57,30
2002-12-12,-3.504,0.219,57,16
2002-12-13,-3.377,,57,0
2002-12-14,-1.096,0.0,57,1
2002-12-15,3.321,0.917,57,48
2002-12-16,5.904,8.839,57,57
2002-12-17,3.682,0.762,57,8
2002-12-18,4.237,1.32,57,5
2002-12-19,3.854,0.02,57,5
2002-12-20,3.558,0.0,57,4
2002-12-21,6.086,3.74,57,10
2002-12-22,5.342,3.65,57,12
2002-12-23,5.096,2.579,57,53
2002-12-24,3.863,1.254,57,57
2002-12-25,-0.935,3.152,57,56
2002-12-26,-3.8,0.09,57,10
2002-12-27,-4.075,0.0,57,1
2002-12-28,-0.821,0.085,57,27
2002-12-29,-1.398,,57,0
2002-12-30,-1.975,0.137,57,8
2002-12-31,-1.784,0.044,57,16
2003-01-01,-2.847,0.0,57,1
2003-01-02,-3.042,0.0,57,6
2003-01-03,-1.665,1.709,57,57
2003-01-04,-6.97,2.812,56,34
2003-01-05,-10.234,1.138,56,13
2003-01-06,-9.072,0.033,57,3
2003-01-07,-6.52,0.0,56,2
2003-01-08,-4.75,0.0,56,1
2003-01-09,-1.468,,57,0
2003-01-10,-0.926,,57,0
2003-01-11,-0.886,,57,0
2003-01-12,1.698,,57,0
2003-01-13,4.084,,57,0
2003-01-14,0.282,7.52,57,10
2003-01-15,-4.011,0.0,57,1
2003-01-16,-0.784,,57,0
2003-01-17,2.823,1.684,57,55
2003-01-18,2.274,1.044,57,9
2003-01-19,1.025,0.0,57,12
2003-01-20,-1.033,0.381,57,31
2003-01-21,-2.225,0.0,57,2
2003-01-22,-2.56,4.146,57,57
2003-01-23,-1.556,2.568,57,50
2003-01-24,-2.837,0.2,57,5
2003-01-25,-1.9,,57,0
2003-01-26,1.598,6.07,57,57
2003-01-27,-0.044,4.749,57,57
2003-01-28,-5.16,1.239,55,49
2003-01-29,-9.787,1.336,56,25
2003-01-30,-6.918,0.179,57,14
2003-01-31,-1.982,0.118,57,17
2003-02-01,-1.896,0.1,57,6
2003-02-02,-1.575,0.043,57,7
2003-02-03,-1.326,0.25,57,4
2003-02-04,-0.247,0.1,57,7
2003-02-05,-1.158,1.0,57,22
2003-02-06,-0.491,0.0,57,1
2003-02-07,2.361,0.0,57,2
2003-02-08,2.409,14.807,57,57
2003-02-09,2.549,0.233,57,9
2003-02-10,4.0,0.911,57,45
2003-02-11,1.5,2.289,57,57
2003-02-12,-3.074,0.189,57,9
2003-02-13,-0.361,0.147,57,19
2003-02-14,1.584,0.0,57,1
2003-02-15,3.079,0.025,57,4
2003-02-16,3.907,0.0,57,1
2003-02-17,2.675,,57,0
2003-02-18,3.314,0.0,57,8
2003-02-19,2.637,1.456,57,43
2003-02-20,1.695,1.189,57,9
2003-02-21,2.837,2.74,57,47
2003-02-22,3.877,22.789,57,57
2003-02-23,3.253,2.149,57,55
2003-02-24,3.639,2.155,57,56
2003-02-25,3.954,0.5,57,1
2003-02-26,4.953,0.358,57,19
2003-02-27,4.025,2.0,57,8
2003-02-28,5.254,0.059,57,22
2003-03-01,4.767,7.911,57,57
2003-03-02,5.577,1.927,57,41
2003-03-03,1.863,3.281,57,57
2003-03-04,-1.279,,57,0
2003-03-05,1.749,0.69,57,10
2003-03-06,2.726,13.674,57,57
2003-03-07,3.004,3.03,57,56
2003-03-08,2.168,0.46,57,35
2003-03-09,2.461,0.292,57,13
2003-03-10,2.818,0.983,57,6
2003-03-11,3.398,,57,0
2003-03-12,5.091,0.0,57,1
2003-03-13,4.707,,57,0
2003-03-14,5.019,0.682,57,28
2003-03-15,6.468,0.611,57,36
2003-03-16,6.1,9.163,57,57
2003-03-17,5.258,1.06,57,42
2003-03-18,5.053,,57,0
2003-03-19,4.93,,57,0
2003-03-20,5.837,,57,0
2003-03-21,7.505,0.864,57,25
2003-03-22,7.972,0.25,57,2
2003-03-23,7.704,,57,0
2003-03-24,8.558,0.096,57,25
2003-03-25,8.458,0.153,57,19
2003-03-26,10.375,0.8,57,5
2003-03-27,8.335,5.956,57,57
2003-03-28,5.705,0.0,57,1
2003-03-29,7.154,,57,0
2003-03-30,11.895,0.0,57,1
2003-03-31,14.279,1.47,57,27
2003-04-01,13.565,0.45,57,10
2003-04-02,11.568,,57,0
2003-04-03,11.3,,57,0
2003-04-04,10.005,0.176,57,34
2003-04-05,9.544,0.0,57,1
2003-04-06,11.389,,57,0
2003-04-07,10.409,10.211,57,57
2003-04-08,9.254,10.286,57,57
2003-04-09,7.053,3.422,57,23
2003-04-10,9.125,0.0,57,2
2003-04-11,9.475,10.633,57,57
2003-04-12,12.747,0.206,57,16
2003-04-13,12.204,0.0,57,1
2003-04-14,12.602,,57,0
2003-04-15,13.06,,57,0
2003-04-16,15.221,,57,0
2003-04-17,17.653,,57,0
2003-04-18,16.844,27.851,57,57
2003-04-19,11.095,10.382,57,57
2003-04-20,9.753,9.091,57,57
2003-04-21,11.212,,57,0
2003-04-22,10.747,0.891,57,53
2003-04-23,11.156,21.368,57,57
2003-04-24,13.716,4.815,57,40
2003-04-25,12.049,47.009,57,57
2003-04-26,13.937,1.682,57,11
2003-04-27,15.874,0.167,57,3
2003-04-28,17.07,0.0,57,2
2003-04-29,13.667,42.184,57,57
2003-04-30,13.537,0.871,57,7
2003-05-01,14.665,,57,0
2003-05-02,16.614,,57,0
2003-05-03,17.311,,57,0
2003-05-04,17.202,1.75,57,2
2003-05-05,18.061,0.0,57,2
2003-05-06,16.267,9.011,57,57
2003-05-07,15.968,51.325,57,57
2003-05-08,11.342,4.139,57,44
2003-05-09,12.437,0.2,57,3
2003-05-10,14.363,,57,0
2003-05-11,15.254,,57,0
2003-05-12,16.814,,57,0
2003-05-13,18.921,0.062,57,8
2003-05-14,18.251,3.69,57,42
2003-05-15,17.554,0.73,57,37
2003-05-16,17.047,,57,0
2003-05-17,17.402,0.375,57,4
2003-05-18,17.525,0.0,57,2
2003-05-19,17.604,9.0,57,2
2003-05-20,17.633,0.15,57,2
2003-05-21,17.568,0.0,57,1
2003-05-22,18.584,0.75,57,4
2003-05-23,19.332,3.5,57,3
2003-05-24,18.34,4.567,57,52
2003-05-25,16.075,35.561,57,57
2003-05-26,18.163,8.454,57,35
2003-05-27,19.786,0.1,57,2
2003-05-28,20.87,0.5,57,1
2003-05-29,20.665,9.571,57,51
2003-05-30,18.505,54.009,57,57
2003-05-31,20.072,2.057,57,23
2003-06-01,19.353,0.167,57,3
2003-06-02,18.814,,57,0
2003-06-03,18.781,,57,0
2003-06-04,19.828,,57,0
2003-06-05,20.36,,57,0
2003-06-06,19.218,2.271,57,35
2003-06-07,20.451,0.63,57,10
2003-06-08,22.033,0.0,57,1
2003-06-09,22.004,,57,0
2003-06-10,21.268,0.054,57,28
2003-06-11,20.307,9.04,57,57
2003-06-12,19.077,23.868,57,57
2003-06-13,20.405,0.441,57,17
2003-06-14,20.265,3.15,57,42
2003-06-15,19.177,5.667,57,43
2003-06-16,20.728,1.1,57,30
2003-06-17,21.512,0.0,57,1
2003-06-18,21.693,4.479,57,14
2003-06-19,20.54,42.037,57,46
2003-06-20,21.837,0.333,57,12
2003-06-21,22.989,0.34,57,5
2003-06-22,23.888,5.35,57,10
2003-06-23,20.882,25.511,57,57
2003-06-24,20.254,1.949,57,43
2003-06-25,19.725,1.782,57,44
2003-06-26,21.768,0.15,57,4
2003-06-27,19.712,76.456,57,57
2003-06-28,20.818,2.024,57,51
2003-06-29,21.64,3.6,57,17
2003-06-30,21.774,2.379,57,28
2003-07-01,21.537,11.338,57,50
2003-07-02,22.639,3.592,57,49
2003-07-03,19.891,49.24,57,57
2003-07-04,20.156,7.887,57,53
2003-07-05,21.658,20.133,57,39
2003-07-06,21.33,28.225,57,52
2003-07-07,21.554,6.4,57,42
2003-07-08,22.272,4.624,57,42
2003-07-09,22.718,59.167,57,57
2003-07-10,22.528,22.424,57,54
2003-07-11,22.128,32.55,57,38
2003-07-12,21.328,5.27,57,56
2003-07-13,20.191,40.316,57,57
2003-07-14,20.953,0.2,57,7
2003-07-15,21.87,1.194,57,18
2003-07-16,22.002,9.694,57,16
2003-07-17,21.23,5.48,57,56
2003-07-18,20.819,48.833,57,57
2003-07-19,22.568,3.907,57,46
2003-07-20,23.347,8.375,57,44
2003-07-21,24.146,1.135,57,40
2003-07-22,22.805,49.719,57,57
2003-07-23,23.66,26.132,57,57
2003-07-24,23.798,2.21,57,51
2003-07-25,23.465,25.231,57,54
2003-07-26,23.189,0.957,57,23
2003-07-27,21.921,7.946,57,41
2003-07-28,22.605,13.104,57,57
2003-07-29,23.482,17.43,57,57
2003-07-30,24.261,0.129,57,7
2003-07-31,24.386,0.0,57,3
2003-08-01,24.772,0.0,57,5
2003-08-02,25.66,5.267,57,21
2003-08-03,26.332,5.074,57,35
2003-08-04,26.246,8.151,57,53
2003-08-05,25.354,3.586,57,35
2003-08-06,24.626,13.486,57,42
2003-08-07,22.132,24.614,57,57
2003-08-08,23.763,0.0,57,3
2003-08-09,24.382,,57,0
2003-08-10,24.4,3.635,57,51
2003-08-11,22.516,12.877,57,57
2003-08-12,23.047,0.0,57,1
2003-08-13,21.47,0.9,57,5
2003-08-14,22.43,1.562,57,8
2003-08-15,22.918,0.25,57,8
2003-08-16,21.774,5.054,57,50
2003-08-17,21.265,4.614,57,56
2003-08-18,20.347,40.632,57,57
2003-08-19,22.426,46.974,57,57
2003-08-20,25.058,23.207,57,57
2003-08-21,26.356,11.489,57,47
2003-08-22,27.311,0.516,57,19
2003-08-23,25.709,28.57,57,30
2003-08-24,25.056,26.647,57,51
2003-08-25,24.119,27.491,57,55
2003-08-26,23.379,0.983,57,41
2003-08-27,21.793,53.518,57,57
2003-08-28,23.316,4.388,57,56
2003-08-29,22.091,0.673,57,33
2003-08-30,19.867,15.877,57,57
2003-08-31,19.753,6.312,57,56
2003-09-01,21.7,0.455,57,22
2003-09-02,21.581,19.009,57,57
2003-09-03,22.079,9.009,57,57
2003-09-04,23.611,0.0,57,9
2003-09-05,24.44,17.266,57,53
2003-09-06,23.432,2.548,57,21
2003-09-07,23.082,19.671,57,48
2003-09-08,24.037,15.369,57,52
2003-09-09,21.735,28.36,57,57
2003-09-10,21.232,0.3,57,30
2003-09-11,20.904,5.518,57,50
2003-09-12,21.905,98.412,57,57
2003-09-13,22.523,18.846,57,54
2003-09-14,21.046,0.0,57,2
2003-09-15,20.867,0.5,57,4
2003-09-16,21.567,,57,0
2003-09-17,22.311,,57,0
2003-09-18,21.779,35.202,57,57
2003-09-19,20.765,4.996,57,45
2003-09-20,18.619,1.006,57,35
2003-09-21,17.058,3.083,57,12
2003-09-22,16.254,,57,0
2003-09-23,16.746,0.0,57,2
2003-09-24,17.288,0.129,57,14
2003-09-25,19.1,0.286,57,14
2003-09-26,19.167,,57,0
2003-09-27,18.747,,57,0
2003-09-28,18.682,0.0,57,4
2003-09-29,17.716,4.0,57,9
2003-09-30,17.309,0.0,57,1
2003-10-01,17.351,1.494,57,52
2003-10-02,16.898,0.22,57,10
2003-10-03,15.251,,57,0
2003-10-04,14.119,,57,0
2003-10-05,13.746,,57,0
2003-10-06,14.605,,57,0
2003-10-07,14.832,,57,0
2003-10-08,15.737,0.0,57,1
2003-10-09,16.365,0.0,57,1
2003-10-10,16.921,0.0,57,2
2003-10-11,17.639,0.0,57,1
2003-10-12,18.261,2.895,57,57
2003-10-13,14.705,12.649,57,57
2003-10-14,13.532,0.409,57,44
2003-10-15,11.125,,57,0
2003-10-16,11.547,0.0,57,1
2003-10-17,11.809,0.817,57,12
2003-10-18,12.658,0.0,57,2
2003-10-19,10.621,,57,0
2003-10-20,10.593,,57,0
2003-10-21,11.988,1.43,57,20
2003-10-22,12.442,1.25,57,24
2003-10-23,8.632,,57,0
2003-10-24,9.475,0.0,57,1
2003-10-25,11.388,0.971,57,24
2003-10-26,9.246,,57,0
2003-10-27,11.489,,57,0
2003-10-28,9.784,8.105,57,57
2003-10-29,8.225,,57,0
2003-10-30,9.758,,57,0
2003-10-31,12.407,,57,0
2003-11-01,13.247,,57,0
2003-11-02,15.1,,57,0
2003-11-03,12.802,0.138,57,24
2003-11-04,9.054,,57,0
2003-11-05,11.056,0.217,57,6
2003-11-06,12.333,,57,0
2003-11-07,12.363,4.972,57,18
2003-11-08,11.026,15.228,57,57
2003-11-09,10.618,3.819,57,42
2003-11-10,11.165,4.819,57,53
2003-11-11,9.518,13.07,57,57
2003-11-12,8.979,4.925,57,57
2003-11-13,8.172,1.972,57,18
2003-11-14,8.207,,57,0
2003-11-15,11.498,0.936,57,53
2003-11-16,6.332,,57,0
2003-11-17,4.489,,57,0
2003-11-18,7.518,1.915,57,13
2003-11-19,11.282,5.197,57,30
2003-11-20,12.347,5.084,57,57
2003-11-21,7.24,0.133,57,27
2003-11-22,0.875,0.0,57,2
2003-11-23,1.604,,57,0
2003-11-24,5.642,0.167,57,3
2003-11-25,7.886,2.236,57,44
2003-11-26,9.004,1.994,57,31
2003-11-27,9.747,6.895,57,57
2003-11-28,11.616,8.5,57,56
2003-11-29,9.965,1.221,57,47
2003-11-30,8.204,0.278,57,9
2003-12-01,6.56,0.05,57,4
2003-12-02,6.032,0.0,57,1
2003-12-03,4.2,0.0,57,1
2003-12-04,2.577,,57,0
2003-12-05,6.095,3.293,57,56
2003-12-06,5.842,7.518,57,57
2003-12-07,-2.637,0.1,57,12
2003-12-08,0.161,0.797,57,37
2003-12-09,-1.247,,57,0
2003-12-10,-0.037,0.133,57,3
2003-12-11,2.647,1.279,57,29
2003-12-12,0.942,0.883,57,23
2003-12-13,0.542,0.0,57,4
2003-12-14,1.698,,57,0
2003-12-15,1.323,0.0,57,7
2003-12-16,0.619,0.338,57,13
2003-12-17,1.125,1.108,57,51
2003-12-18,-1.619,0.078,57,9
2003-12-19,-3.442,1.247,57,19
2003-12-20,-4.116,0.25,57,6
2003-12-21,-1.798,,57,0
2003-12-22,3.154,,57,0
2003-12-23,4.168,,57,0
2003-12-24,4.23,,57,0
2003-12-25,1.956,,57,0
2003-12-26,-2.123,0.911,57,18
2003-12-27,-2.326,0.029,57,7
2003-12-28,0.675,,57,0
2003-12-29,4.551,0.274,57,35
2003-12-30,1.668,0.0,57,1
2003-12-31,2.691,0.088,57,26
2004-01-01,3.04,0.0,57,3
2004-01-02,2.644,1.966,57,41
2004-01-03,1.996,0.2,57,1
2004-01-04,0.296,,57,0
2004-01-05,0.17,,57,0
2004-01-06,1.882,,57,0
2004-01-07,2.007,0.0,57,1
2004-01-08,-0.649,,57,0
2004-01-09,0.982,0.2,57,7
2004-01-10,1.126,,57,0
2004-01-11,-0.528,0.05,57,4
2004-01-12,-0.307,1.754,57,50
2004-01-13,-3.757,0.907,56,46
2004-01-14,-4.196,,56,0
2004-01-15,-2.139,0.0,57,1
2004-01-16,0.189,3.617,57,30
2004-01-17,1.684,3.573,57,56
2004-01-18,0.935,1.468,57,53
2004-01-19,-0.372,0.316,57,38
2004-01-20,-2.484,0.994,57,34
2004-01-21,-10.238,1.05,56,34
2004-01-22,-10.375,0.84,57,15
2004-01-23,-7.018,0.264,56,14
2004-01-24,-6.272,0.973,57,15
2004-01-25,-5.861,1.026,57,19
2004-01-26,-4.719,0.033,57,9
2004-01-27,-3.712,0.0,57,4
2004-01-28,-1.367,0.0,57,6
2004-01-29,0.523,,57,0
2004-01-30,0.226,,57,0
2004-01-31,0.604,,57,0
2004-02-01,2.282,0.0,57,1
2004-02-02,0.695,0.0,57,8
2004-02-03,-3.042,0.488,57,17
2004-02-04,-1.76,1.596,57,46
2004-02-05,-3.325,1.353,57,53
2004-02-06,-4.009,1.29,57,51
2004-02-07,-2.96,0.761,57,46
2004-02-08,-0.065,0.077,57,13
2004-02-09,-1.8,1.1,57,1
2004-02-10,-1.016,0.0,57,1
2004-02-11,1.663,0.129,57,14
2004-02-12,1.356,,57,0
2004-02-13,2.574,0.0,57,3
2004-02-14,4.118,1.643,57,49
2004-02-15,3.086,,57,0
2004-02-16,3.796,,57,0
2004-02-17,5.565,0.01,57,10
2004-02-18,4.344,,57,0
2004-02-19,6.484,,57,0
2004-02-20,8.353,,57,0
2004-02-21,10.958,13.252,57,56
2004-02-22,6.788,20.261,57,57
2004-02-23,2.644,0.378,57,9
2004-02-24,3.714,0.625,57,4
2004-02-25,6.396,0.157,57,23
2004-02-26,2.202,0.06,57,15
2004-02-27,2.081,0.156,57,18
2004-02-28,5.209,3.313,57,55
2004-02-29,6.272,0.444,57,41
2004-03-01,3.912,0.24,57,5
2004-03-02,0.307,,57,0
2004-03-03,-2.219,0.656,57,39
2004-03-04,-0.488,3.894,57,33
2004-03-05,0.951,14.159,57,54
2004-03-06,-2.712,0.883,57,41
2004-03-07,-2.182,0.087,57,8
2004-03-08,2.07,,57,0
2004-03-09,6.168,,57,0
2004-03-10,10.982,0.031,57,16
2004-03-11,7.258,,57,0
2004-03-12,6.953,,57,0
2004-03-13,6.947,,57,0
2004-03-14,6.632,0.0,57,3
2004-03-15,7.586,,57,0
2004-03-16,13.386,1.167,57,6
2004-03-17,8.626,7.653,57,57
2004-03-18,2.925,,57,0
2004-03-19,4.042,,57,0
2004-03-20,6.816,,57,0
2004-03-21,8.565,1.105,57,20
2004-03-22,8.353,2.114,57,43
2004-03-23,8.135,,57,0
2004-03-24,7.777,0.341,57,17
2004-03-25,7.107,0.0,57,4
2004-03-26,7.975,,57,0
2004-03-27,9.046,,57,0
2004-03-28,11.058,,57,0
2004-03-29,13.623,1.092,57,51
2004-03-30,11.593,3.337,57,51
2004-03-31,7.839,,57,0
2004-04-01,8.46,14.042,57,57
2004-04-02,7.575,1.598,57,53
2004-04-03,6.019,0.136,57,11
2004-04-04,6.47,,57,0
2004-04-05,8.947,,57,0
2004-04-06,9.296,0.325,57,53
2004-04-07,9.623,0.505,57,39
2004-04-08,9.649,,57,0
2004-04-09,12.921,,57,0
2004-04-10,14.877,,57,0
2004-04-11,15.639,0.0,57,5
2004-04-12,14.865,,57,0
2004-04-13,14.107,,57,0
2004-04-14,14.4,0.0,57,1
2004-04-15,13.951,,57,0
2004-04-16,16.232,,57,0
2004-04-17,16.772,,57,0
2004-04-18,16.43,14.575,57,56
2004-04-19,15.007,8.618,57,57
2004-04-20,16.333,,57,0
2004-04-21,18.435,,57,0
2004-04-22,16.384,3.856,57,55
2004-04-23,12.032,0.0,57,2
2004-04-24,10.804,,57,0
2004-04-25,12.753,0.0,57,1
2004-04-26,10.753,36.665,57,57
2004-04-27,8.137,13.33,57,57
2004-04-28,11.246,0.0,57,1
2004-04-29,15.002,,57,0
2004-04-30,15.789,0.0,57,1
2004-05-01,16.304,0.0,57,2
2004-05-02,15.668,6.855,57,56
2004-05-03,16.239,13.021,57,57
2004-05-04,13.896,2.475,57,55
2004-05-05,14.972,,57,0
2004-05-06,16.667,,57,0
2004-05-07,16.175,,57,0
2004-05-08,16.386,5.005,57,56
2004-05-09,14.907,30.132,57,57
2004-05-10,15.977,5.149,57,57
2004-05-11,17.923,0.0,57,1
2004-05-12,16.425,14.596,57,57
2004-05-13,16.561,1.491,57,56
2004-05-14,17.491,,57,0
2004-05-15,14.707,5.384,57,57
2004-05-16,15.874,1.255,57,11
2004-05-17,15.749,0.276,57,21
2004-05-18,17.681,1.789,57,19
2004-05-19,18.911,0.073,57,11
2004-05-20,18.649,6.406,57,36
2004-05-21,16.935,4.175,57,55
2004-05-22,16.511,0.2,57,5
2004-05-23,16.649,0.0,57,2
2004-05-24,17.339,0.0,57,1
2004-05-25,19.265,0.0,57,1
2004-05-26,17.784,0.033,57,18
2004-05-27,20.191,1.031,57,51
2004-05-28,20.563,21.53,57,57
2004-05-29,21.768,5.719,57,43
2004-05-30,20.021,2.352,57,52
2004-05-31,18.793,1.356,57,41
2004-06-01,19.182,,57,0
2004-06-02,20.723,,57,0
2004-06-03,22.018,,57,0
2004-06-04,22.707,,57,0
2004-06-05,22.798,,57,0
2004-06-06,22.221,0.0,57,12
2004-06-07,18.737,2.53,57,57
2004-06-08,17.796,1.958,57,52
2004-06-09,20.265,0.0,57,2
2004-06-10,21.384,0.0,57,2
2004-06-11,22.216,,57,0
2004-06-12,21.86,0.0,57,1
2004-06-13,21.318,,57,0
2004-06-14,22.446,,57,0
2004-06-15,22.705,,57,0
2004-06-16,22.402,0.027,57,15
2004-06-17,18.154,32.632,57,57
2004-06-18,21.326,4.306,57,52
2004-06-19,20.054,75.877,57,57
2004-06-20,21.889,52.579,57,57
2004-06-21,20.795,39.429,57,55
2004-06-22,22.486,12.96,57,35
2004-06-23,23.953,2.804,57,28
2004-06-24,22.93,5.495,57,43
2004-06-25,21.842,5.817,57,40
2004-06-26,22.674,1.561,57,33
2004-06-27,22.925,12.663,57,30
2004-06-28,22.789,1.133,57,12
2004-06-29,22.968,0.2,57,1
2004-06-30,23.518,0.3,57,12
2004-07-01,23.172,2.267,57,46
2004-07-02,22.593,12.333,57,57
2004-07-03,23.568,27.281,57,57
2004-07-04,22.337,40.088,57,57
2004-07-05,23.251,4.629,57,52
2004-07-06,24.956,10.705,57,20
2004-07-07,22.311,35.202,57,57
2004-07-08,22.016,2.186,57,42
2004-07-09,22.972,0.133,57,9
2004-07-10,23.119,0.718,57,17
2004-07-11,22.337,7.472,57,57
2004-07-12,23.863,40.124,57,55
2004-07-13,23.209,21.309,57,47
2004-07-14,22.391,26.64,57,57
2004-07-15,23.158,24.9,57,57
2004-07-16,24.46,36.946,57,54
2004-07-17,23.919,31.665,57,57
2004-07-18,25.996,0.204,57,24
2004-07-19,27.047,0.265,57,17
2004-07-20,27.002,0.69,57,31
2004-07-21,27.67,0.067,57,6
2004-07-22,27.995,0.0,57,4
2004-07-23,28.195,0.0,57,1
2004-07-24,27.47,,57,0
2004-07-25,25.958,8.287,57,24
2004-07-26,26.132,5.626,57,23
2004-07-27,26.886,0.42,57,5
2004-07-28,27.718,16.775,57,4
2004-07-29,27.716,0.6,57,6
2004-07-30,27.805,2.0,57,6
2004-07-31,27.928,5.125,57,8
2004-08-01,27.104,10.746,57,24
2004-08-02,26.767,7.812,57,16
2004-08-03,26.632,5.229,57,42
2004-08-04,26.837,13.095,57,41
2004-08-05,26.225,4.144,57,45
2004-08-06,27.307,0.75,57,4
2004-08-07,27.66,0.1,57,4
2004-08-08,27.46,5.494,57,18
2004-08-09,27.34,2.13,57,27
2004-08-10,27.063,7.85,57,26
2004-08-11,27.054,,57,0
2004-08-12,26.881,,57,0
2004-08-13,27.256,8.509,57,11
2004-08-14,25.481,13.374,57,53
2004-08-15,24.63,1.854,57,41
2004-08-16,24.311,20.493,57,55
2004-08-17,25.512,20.339,57,54
2004-08-18,23.193,100.272,57,57
2004-08-19,22.274,46.377,57,57
2004-08-20,21.496,3.55,57,38
2004-08-21,22.133,2.326,57,35
2004-08-22,20.34,38.128,57,53
2004-08-23,20.511,29.018,57,55
2004-08-24,22.453,0.33,57,20
2004-08-25,22.893,2.212,57,33
2004-08-26,22.109,8.512,57,51
2004-08-27,23.188,0.08,57,10
2004-08-28,22.839,0.12,57,5
2004-08-29,24.012,0.875,57,4
2004-08-30,24.056,0.603,57,30
2004-08-31,23.833,,57,0
2004-09-01,23.079,2.308,57,12
2004-09-02,21.977,0.0,57,1
2004-09-03,21.479,,57,0
2004-09-04,22.426,0.273,57,11
2004-09-05,22.807,1.398,57,51
2004-09-06,21.83,9.689,57,55
2004-09-07,20.639,30.237,57,57
2004-09-08,21.156,2.424,57,29
2004-09-09,20.474,0.3,57,12
2004-09-10,20.002,2.562,57,40
2004-09-11,18.16,41.991,57,57
2004-09-12,21.775,15.861,57,57
2004-09-13,22.344,7.757,57,51
2004-09-14,22.074,1.242,57,26
2004-09-15,23.012,1.667,57,36
2004-09-16,22.728,24.114,57,57
2004-09-17,23.305,5.114,57,51
2004-09-18,21.865,18.053,57,57
2004-09-19,19.612,0.167,57,3
2004-09-20,16.495,29.491,57,57
2004-09-21,16.988,1.545,57,38
2004-09-22,17.63,0.025,57,4
2004-09-23,18.628,0.32,57,5
2004-09-24,19.147,,57,0
2004-09-25,18.968,0.0,57,1
2004-09-26,18.937,0.613,57,47
2004-09-27,19.637,1.904,57,28
2004-09-28,19.26,1.47,57,30
2004-09-29,19.267,4.0,57,20
2004-09-30,18.842,0.0,57,1
2004-10-01,17.781,1.237,57,38
2004-10-02,12.447,,57,0
2004-10-03,12.391,0.0,57,2
2004-10-04,13.956,4.5,57,2
2004-10-05,14.689,0.167,57,6
2004-10-06,15.17,0.0,57,2
2004-10-07,16.172,0.0,57,2
2004-10-08,17.56,0.55,57,6
2004-10-09,17.095,2.723,57,30
2004-10-10,17.2,0.14,57,10
2004-10-11,16.116,3.0,57,2
2004-10-12,14.533,1.511,57,18
2004-10-13,11.588,0.787,57,31
2004-10-14,10.179,0.77,57,27
2004-10-15,11.96,,57,0
2004-10-16,14.616,0.083,57,6
2004-10-17,14.651,,57,0
2004-10-18,15.272,0.357,57,21
2004-10-19,15.184,0.236,57,11
2004-10-20,15.556,3.117,57,12
2004-10-21,14.558,0.133,57,3
2004-10-22,12.568,,57,0
2004-10-23,10.265,,57,0
2004-10-24,12.325,0.0,57,1
2004-10-25,13.456,0.014,57,14
2004-10-26,11.907,3.913,57,15
2004-10-27,9.302,0.275,57,4
2004-10-28,10.596,,57,0
2004-10-29,12.186,,57,0
2004-10-30,13.551,,57,0
2004-10-31,12.984,,57,0
2004-11-01,13.282,7.118,57,57
2004-11-02,11.96,3.805,57,57
2004-11-03,10.714,1.991,57,44
2004-11-04,10.635,,57,0
2004-11-05,10.814,3.873,57,30
2004-11-06,10.296,0.958,57,24
2004-11-07,9.456,,57,0
2004-11-08,11.774,0.0,57,1
2004-11-09,13.489,,57,0
2004-11-10,15.023,23.0,57,57
2004-11-11,14.753,2.036,57,53
2004-11-12,7.233,,57,0
2004-11-13,4.275,1.29,57,30
2004-11-14,7.396,0.839,57,18
2004-11-15,6.253,0.171,57,14
2004-11-16,6.137,0.0,57,10
2004-11-17,8.023,0.0,57,1
2004-11-18,8.882,2.083,57,6
2004-11-19,7.635,,57,0
2004-11-20,7.347,0.343,57,7
2004-11-21,5.914,0.0,57,1
2004-11-22,5.57,,57,0
2004-11-23,6.484,,57,0
2004-11-24,7.54,,57,0
2004-11-25,8.586,0.167,57,3
2004-11-26,6.912,12.574,57,57
2004-11-27,6.758,0.0,57,2
2004-11-28,5.746,0.0,57,1
2004-11-29,4.307,,57,0
2004-11-30,3.888,,57,0
2004-12-01,4.281,,57,0
2004-12-02,6.702,,57,0
2004-12-03,8.895,0.571,57,7
2004-12-04,9.677,20.263,57,57
2004-12-05,4.4,0.133,57,18
2004-12-06,3.533,2.584,57,32
2004-12-07,4.74,0.994,57,33
2004-12-08,3.802,0.025,57,4
2004-12-09,5.37,,57,0
2004-12-10,6.481,0.142,57,12
2004-12-11,3.465,,57,0
2004-12-12,5.282,0.0,57,1
2004-12-13,2.539,0.0,57,1
2004-12-14,3.053,,57,0
2004-12-15,7.249,2.922,57,50
2004-12-16,5.814,0.35,57,14
2004-12-17,3.816,0.28,57,5
2004-12-18,4.316,0.2,57,3
2004-12-19,4.665,0.555,57,42
2004-12-20,1.228,0.638,57,45
2004-12-21,-1.44,,57,0
2004-12-22,-0.726,0.1,57,3
2004-12-23,-2.226,0.7,57,6
2004-12-24,-0.165,1.297,57,31
2004-12-25,0.921,0.264,57,11
2004-12-26,-0.868,0.0,57,1
2004-12-27,-1.979,,57,0
2004-12-28,-3.098,,57,0
2004-12-29,-3.821,0.264,57,14
2004-12-30,-3.274,0.0,57,3
2004-12-31,-2.928,0.841,57,27
2005-01-01,-4.029,0.1,56,4
2005-01-02,-0.018,0.0,57,9
2005-01-03,3.96,0.388,57,34
2005-01-04,-2.588,0.0,57,3
2005-01-05,-3.825,,57,0
2005-01-06,1.07,0.218,57,22
2005-01-07,-0.151,0.018,57,22
2005-01-08,-3.442,0.103,57,30
2005-01-09,-5.886,0.1,56,4
2005-01-10,-4.196,0.255,57,33
2005-01-11,-2.905,0.38,57,20
2005-01-12,-3.995,0.131,57,13
2005-01-13,-3.793,0.0,57,5
2005-01-14,-2.674,0.0,57,1
2005-01-15,-1.519,0.71,57,10
2005-01-16,-0.998,5.889,57,35
2005-01-17,-1.291,,57,0
2005-01-18,0.479,0.718,57,40
2005-01-19,-1.295,0.356,57,18
2005-01-20,-3.661,0.626,57,19
2005-01-21,-4.484,0.05,56,2
2005-01-22,-1.691,1.075,57,8
2005-01-23,1.958,1.864,57,25
2005-01-24,1.275,0.0,57,3
2005-01-25,-0.451,5.639,57,44
2005-01-26,1.389,1.684,57,38
2005-01-27,1.011,,57,0
2005-01-28,0.818,,57,0
2005-01-29,-0.735,0.883,57,46
2005-01-30,-4.396,0.283,57,6
2005-01-31,-4.874,0.924,57,49
2005-02-01,-8.182,1.42,57,20
2005-02-02,-5.482,0.844,56,18
2005-02-03,-3.132,0.506,57,17
2005-02-04,-0.509,,57,0
2005-02-05,-0.577,,57,0
2005-02-06,-0.284,0.0,57,1
2005-02-07,2.768,0.169,57,49
2005-02-08,2.251,1.06,57,53
2005-02-09,-0.002,0.661,57,23
2005-02-10,-3.177,0.0,57,3
2005-02-11,-4.747,,57,0
2005-02-12,-4.146,,57,0
2005-02-13,-2.125,,57,0
2005-02-14,0.733,1.88,57,20
2005-02-15,4.182,12.653,57,57
2005-02-16,3.851,11.904,57,57
2005-02-17,4.953,2.392,57,12
2005-02-18,3.044,2.986,57,50
2005-02-19,-0.642,0.553,57,43
2005-02-20,-5.486,0.456,57,16
2005-02-21,-5.067,0.671,57,14
2005-02-22,0.156,2.727,57,44
2005-02-23,0.828,0.0,57,1
2005-02-24,-0.384,0.27,57,10
2005-02-25,-2.312,0.0,57,2
2005-02-26,-4.032,0.033,57,3
2005-02-27,-2.023,,57,0
2005-02-28,0.581,,57,0
2005-03-01,0.326,0.0,57,2
2005-03-02,1.037,0.749,57,43
2005-03-03,-0.542,0.0,57,2
2005-03-04,-0.789,11.193,57,14
2005-03-05,-1.646,5.227,57,44
2005-03-06,0.577,2.207,57,15
2005-03-07,4.647,,57,0
2005-03-08,6.879,,57,0
2005-03-09,7.575,0.0,57,4
2005-03-10,10.577,3.503,57,34
2005-03-11,2.447,4.516,57,57
2005-03-12,-2.735,0.043,57,7
2005-03-13,-1.233,0.287,57,8
2005-03-14,2.202,0.375,57,4
2005-03-15,3.768,0.962,57,37
2005-03-16,7.072,2.338,57,37
2005-03-17,6.653,16.725,57,57
2005-03-18,4.593,0.326,57,19
2005-03-19,4.686,,57,0
2005-03-20,6.405,,57,0
2005-03-21,7.628,1.677,57,47
2005-03-22,7.477,18.913,57,55
2005-03-23,7.253,1.195,57,22
2005-03-24,2.332,3.038,57,55
2005-03-25,3.754,0.0,57,1
2005-03-26,7.823,,57,0
2005-03-27,8.704,5.265,57,31
2005-03-28,9.119,0.22,57,5
2005-03-29,5.412,,57,0
2005-03-30,7.093,,57,0
2005-03-31,8.991,,57,0
2005-04-01,9.549,,57,0
2005-04-02,10.158,0.0,57,5
2005-04-03,6.854,2.302,57,54
2005-04-04,8.537,0.0,57,1
2005-04-05,13.463,,57,0
2005-04-06,13.342,3.849,57,57
2005-04-07,15.621,0.067,57,9
2005-04-08,13.949,,57,0
2005-04-09,12.542,10.784,57,56
2005-04-10,11.467,26.035,57,57
2005-04-11,10.363,,57,0
2005-04-12,9.721,0.685,57,20
2005-04-13,10.005,0.067,57,3
2005-04-14,11.23,,57,0
2005-04-15,10.132,,57,0
2005-04-16,10.832,,57,0
2005-04-17,13.493,0.0,57,2
2005-04-18,15.039,1.196,57,45
2005-04-19,15.247,11.842,57,57
2005-04-20,12.293,12.667,57,57
2005-04-21,11.26,0.231,57,16
2005-04-22,11.849,,57,0
2005-04-23,11.574,,57,0
2005-04-24,13.27,0.038,57,13
2005-04-25,14.119,0.125,57,24
2005-04-26,14.988,,57,0
2005-04-27,17.03,0.161,57,23
2005-04-28,20.749,0.1,57,1
2005-04-29,19.746,0.0,57,2
2005-04-30,21.405,5.968,57,25
2005-05-01,19.546,1.338,57,37
2005-05-02,17.554,,57,0
2005-05-03,17.565,,57,0
2005-05-04,18.419,,57,0
2005-05-05,17.228,13.289,57,57
2005-05-06,13.104,13.553,57,57
2005-05-07,12.409,0.65,57,18
2005-05-08,13.688,0.133,57,6
2005-05-09,13.004,0.883,57,12
2005-05-10,13.095,,57,0
2005-05-11,14.286,6.694,57,54
2005-05-12,14.026,2.161,57,51
2005-05-13,14.612,0.0,57,3
2005-05-14,16.377,,57,0
2005-05-15,17.058,,57,0
2005-05-16,17.647,,57,0
2005-05-17,18.577,19.851,57,57
2005-05-18,15.789,18.263,57,57
2005-05-19,17.407,,57,0
2005-05-20,17.549,,57,0
2005-05-21,17.228,,57,0
2005-05-22,17.186,0.347,57,30
2005-05-23,16.521,0.285,57,20
2005-05-24,15.584,0.375,57,4
2005-05-25,17.302,0.0,57,3
2005-05-26,19.896,,57,0
2005-05-27,19.853,,57,0
2005-05-28,19.484,0.033,57,3
2005-05-29,19.495,,57,0
2005-05-30,19.333,,57,0
2005-05-31,20.182,,57,0
2005-06-01,19.232,19.186,57,56
2005-06-02,19.198,16.863,57,57
2005-06-03,19.237,1.818,57,11
2005-06-04,18.244,0.656,57,16
2005-06-05,19.904,,57,0
2005-06-06,20.511,,57,0
2005-06-07,20.819,0.0,57,1
2005-06-08,22.304,,57,0
2005-06-09,22.819,0.02,57,5
2005-06-10,18.174,38.982,57,57
2005-06-11,20.919,0.597,57,32
2005-06-12,21.512,0.2,57,5
2005-06-13,22.398,,57,0
2005-06-14,22.572,2.45,57,10
2005-06-15,19.918,5.365,57,40
2005-06-16,20.456,1.921,57,29
2005-06-17,21.826,0.618,57,17
2005-06-18,22.604,0.683,57,24
2005-06-19,22.421,0.261,57,28
2005-06-20,23.498,0.033,57,3
2005-06-21,24.296,0.0,57,3
2005-06-22,24.316,5.02,57,5
2005-06-23,24.8,,57,0
2005-06-24,25.714,,57,0
2005-06-25,25.821,,57,0
2005-06-26,24.632,19.202,57,55
2005-06-27,24.263,30.782,57,55
2005-06-28,23.591,14.008,57,50
2005-06-29,24.156,16.982,57,57
2005-06-30,25.658,5.9,57,32
2005-07-01,22.819,65.644,57,57
2005-07-02,24.198,35.61,57,49
2005-07-03,22.419,30.851,57,57
2005-07-04,23.532,3.694,57,47
2005-07-05,22.946,1.36,57,35
2005-07-06,23.833,11.77,57,10
2005-07-07,22.57,7.51,57,30
2005-07-08,23.153,4.898,57,55
2005-07-09,22.091,25.325,57,57
2005-07-10,22.556,0.8,57,38
2005-07-11,19.867,61.719,57,57
2005-07-12,22.058,1.005,57,43
2005-07-13,22.8,5.924,57,55
2005-07-14,24.516,3.2,57,16
2005-07-15,25.282,5.4,57,19
2005-07-16,25.639,1.59,57,40
2005-07-17,25.475,3.791,57,44
2005-07-18,26.723,0.085,57,13
2005-07-19,26.647,0.0,57,1
2005-07-20,27.154,,57,0
2005-07-21,27.36,,57,0
2005-07-22,27.5,0.0,57,1
2005-07-23,27.467,0.43,57,10
2005-07-24,26.793,7.806,57,17
2005-07-25,26.186,5.667,57,12
2005-07-26,25.942,3.034,57,29
2005-07-27,26.437,2.926,57,19
2005-07-28,24.46,48.404,57,57
2005-07-29,25.339,7.07,57,37
2005-07-30,25.77,0.72,57,25
2005-07-31,26.307,2.974,57,39
2005-08-01,25.4,24.719,57,57
2005-08-02,25.6,25.696,57,56
2005-08-03,25.682,38.572,57,57
2005-08-04,27.707,2.15,57,18
2005-08-05,27.786,0.233,57,3
2005-08-06,26.853,9.033,57,43
2005-08-07,26.096,5.015,57,34
2005-08-08,25.872,19.57,57,56
2005-08-09,26.721,8.071,57,56
2005-08-10,25.516,16.919,57,57
2005-08-11,25.221,25.325,57,57
2005-08-12,26.833,5.545,57,29
2005-08-13,27.677,0.167,57,6
2005-08-14,27.795,0.1,57,5
2005-08-15,26.805,2.286,57,42
2005-08-16,27.247,0.3,57,5
2005-08-17,26.7,15.776,57,34
2005-08-18,25.153,9.417,57,53
2005-08-19,22.956,26.012,57,57
2005-08-20,21.621,30.219,57,52
2005-08-21,23.049,7.809,57,46
2005-08-22,21.523,15.536,57,55
2005-08-23,22.242,0.4,57,3
2005-08-24,20.761,18.86,57,57
2005-08-25,21.146,22.711,57,57
2005-08-26,21.96,0.886,57,28
2005-08-27,22.739,0.0,57,1
2005-08-28,22.574,11.0,57,5
2005-08-29,23.453,,57,0
2005-08-30,22.605,0.134,57,29
2005-08-31,23.849,0.0,57,8
2005-09-01,26.121,8.072,57,36
2005-09-02,25.498,6.635,57,40
2005-09-03,23.158,1.548,57,42
2005-09-04,21.526,3.791,57,35
2005-09-05,21.368,3.114,57,14
2005-09-06,21.372,55.625,57,36
2005-09-07,22.798,17.5,57,11
2005-09-08,22.853,0.3,57,3
2005-09-09,21.821,12.212,57,51
2005-09-10,23.056,2.82,57,41
2005-09-11,24.405,0.606,57,16
2005-09-12,25.605,0.017,57,12
2005-09-13,23.195,27.658,57,57
2005-09-14,20.63,3.552,57,40
2005-09-15,20.144,0.167,57,6
2005-09-16,21.1,0.625,57,4
2005-09-17,23.796,31.841,57,29
2005-09-18,23.125,14.873,57,56
2005-09-19,20.919,2.364,57,44
2005-09-20,20.435,6.036,57,39
2005-09-21,17.514,43.693,57,57
2005-09-22,18.209,10.574,57,57
2005-09-23,19.374,2.1,57,28
2005-09-24,19.696,2.633,57,15
2005-09-25,18.602,0.0,57,1
2005-09-26,19.114,0.0,57,1
2005-09-27,17.796,,57,0
2005-09-28,17.875,0.0,57,2
2005-09-29,18.784,0.033,57,21
2005-09-30,19.016,21.439,57,56
2005-10-01,21.733,10.756,57,57
2005-10-02,20.316,0.281,57,31
2005-10-03,17.947,0.606,57,36
2005-10-04,14.721,2.165,57,46
2005-10-05,14.109,0.286,57,7
2005-10-06,15.491,0.0,57,2
2005-10-07,15.191,7.478,57,55
2005-10-08,15.865,0.55,57,22
2005-10-09,15.219,0.929,57,7
2005-10-10,15.704,0.0,57,1
2005-10-11,15.644,,57,0
2005-10-12,16.121,,57,0
2005-10-13,17.174,0.25,57,2
2005-10-14,15.463,0.607,57,45
2005-10-15,13.274,0.0,57,1
2005-10-16,12.607,0.0,57,1
2005-10-17,13.121,,57,0
2005-10-18,13.793,33.722,57,9
2005-10-19,13.849,8.538,57,16
2005-10-20,13.768,0.0,57,1
2005-10-21,11.732,6.285,57,52
2005-10-22,8.291,1.395,57,21
2005-10-23,8.428,,57,0
2005-10-24,11.258,0.0,57,3
2005-10-25,12.104,0.212,57,8
2005-10-26,13.114,0.921,57,14
2005-10-27,12.875,0.0,57,1
2005-10-28,12.661,0.535,57,37
2005-10-29,10.328,,57,0
2005-10-30,8.895,0.442,57,19
2005-10-31,8.651,0.083,57,6
2005-11-01,9.853,,57,0
2005-11-02,11.312,0.05,57,4
2005-11-03,14.179,0.064,57,14
2005-11-04,14.651,0.15,57,2
2005-11-05,15.819,3.116,57,49
2005-11-06,15.526,13.912,57,57
2005-11-07,10.721,0.756,57,18
2005-11-08,9.958,1.048,57,33
2005-11-09,8.767,,57,0
2005-11-10,11.484,2.25,57,8
2005-11-11,11.381,7.569,57,32
2005-11-12,8.302,0.5,57,1
2005-11-13,9.004,0.027,57,11
2005-11-14,7.726,0.008,57,12
2005-11-15,3.607,,57,0
2005-11-16,2.291,,57,0
2005-11-17,2.798,,57,0
2005-11-18,3.207,,57,0
2005-11-19,1.898,,57,0
2005-11-20,2.237,0.0,57,2
2005-11-21,4.688,0.634,57,29
2005-11-22,4.198,,57,0
2005-11-23,6.139,0.652,57,21
2005-11-24,6.616,0.619,57,16
2005-11-25,6.356,0.0,57,7
2005-11-26,6.733,0.205,57,20
2005-11-27,7.716,1.471,57,28
2005-11-28,7.66,3.002,57,57
2005-11-29,5.023,0.304,57,24
2005-11-30,3.758,,57,0
2005-12-01,4.893,0.556,57,32
2005-12-02,3.291,,57,0
2005-12-03,0.693,1.863,57,19
2005-12-04,-2.012,4.386,57,56
2005-12-05,-4.039,1.3,57,17
2005-12-06,-1.784,0.847,57,15
2005-12-07,-1.384,1.3,57,21
2005-12-08,-1.672,0.935,57,20
2005-12-09,-1.272,0.0,57,4
2005-12-10,-0.54,0.067,57,12
2005-12-11,-4.016,0.633,57,6
2005-12-12,-5.244,1.868,57,19
2005-12-13,-6.037,0.847,57,15
2005-12-14,-4.804,0.718,57,17
2005-12-15,-3.525,1.539,56,23
2005-12-16,-2.246,1.773,57,30
2005-12-17,-6.987,1.097,54,30
2005-12-18,-7.393,0.8,57,36
2005-12-19,-4.216,0.05,56,4
2005-12-20,-3.272,,57,0
2005-12-21,-4.537,2.762,57,53
2005-12-22,-5.288,0.584,57,31
2005-12-23,-1.204,0.713,57,45
2005-12-24,-4.218,,57,0
2005-12-25,-1.332,0.444,57,27
2005-12-26,-5.029,,56,0
2005-12-27,-5.691,,56,0
2005-12-28,-5.384,,57,0
2005-12-29,-3.852,,54,0
2005-12-30,-1.037,0.292,57,26
2005-12-31,0.337,0.12,57,10
2006-01-01,0.961,0.05,57,20
2006-01-02,1.789,0.018,57,11
2006-01-03,-0.674,,57,0
2006-01-04,-3.116,0.0,57,1
2006-01-05,-5.377,0.457,56,7
2006-01-06,-5.775,0.1,57,7
2006-01-07,-6.023,0.367,57,3
2006-01-08,-4.186,,56,0
2006-01-09,-1.891,0.15,57,18
2006-01-10,-0.26,0.073,57,11
2006-01-11,-2.054,,57,0
2006-01-12,0.977,3.061,57,41
2006-01-13,4.854,14.618,57,57
2006-01-14,4.056,0.386,57,22
2006-01-15,2.758,0.354,57,13
2006-01-16,1.0,0.44,57,20
2006-01-17,1.551,,57,0
2006-01-18,1.675,4.4,57,8
2006-01-19,1.942,5.327,57,15
2006-01-20,2.1,0.2,57,5
2006-01-21,0.435,0.1,57,1
2006-01-22,-1.409,,57,0
2006-01-23,-3.161,,57,0
2006-01-24,-2.804,,56,0
2006-01-25,-1.116,,57,0
2006-01-26,0.332,,57,0
2006-01-27,1.091,,57,0
2006-01-28,0.37,,57,0
2006-01-29,3.896,0.08,57,15
2006-01-30,5.968,0.315,57,39
2006-01-31,4.025,9.296,57,57
2006-02-01,2.177,5.191,57,57
2006-02-02,-0.465,0.031,57,16
2006-02-03,-7.531,0.082,55,11
2006-02-04,-7.316,0.0,56,2
2006-02-05,-4.196,0.125,57,8
2006-02-06,-0.689,1.918,57,49
2006-02-07,0.246,7.007,57,57
2006-02-08,-5.002,0.903,57,39
2006-02-09,-4.426,0.129,57,17
2006-02-10,0.528,0.129,57,24
2006-02-11,1.672,0.113,57,8
2006-02-12,-0.744,,57,0
2006-02-13,3.97,0.16,57,5
2006-02-14,7.135,9.202,57,57
2006-02-15,3.791,3.291,57,47
2006-02-16,3.172,0.123,57,22
2006-02-17,-2.9,,57,0
2006-02-18,-0.56,,57,0
2006-02-19,2.075,,57,0
2006-02-20,3.93,,57,0
2006-02-21,4.888,,57,0
2006-02-22,3.784,0.407,57,46
2006-02-23,2.318,,57,0
2006-02-24,3.949,,57,0
2006-02-25,4.851,3.5,57,33
2006-02-26,3.73,0.791,57,43
2006-02-27,0.618,0.0,57,1
2006-02-28,2.388,1.862,57,52
2006-03-01,1.225,1.652,57,56
2006-03-02,0.046,0.246,57,37
2006-03-03,0.325,0.033,57,9
2006-03-04,3.64,0.95,57,20
2006-03-05,9.102,0.494,57,17
2006-03-06,7.161,1.173,57,11
2006-03-07,7.482,0.0,57,2
2006-03-08,7.114,,57,0
2006-03-09,7.751,0.0,57,4
2006-03-10,9.537,0.044,57,9
2006-03-11,8.565,0.205,57,21
2006-03-12,-1.219,0.036,57,11
2006-03-13,-2.042,0.733,57,48
2006-03-14,1.221,0.136,57,28
2006-03-15,5.998,0.0,57,1
2006-03-16,4.318,5.763,57,57
2006-03-17,8.028,,57,0
2006-03-18,8.26,2.396,57,46
2006-03-19,4.461,0.229,57,7
2006-03-20,5.275,0.0,57,1
2006-03-21,9.039,0.0,57,1
2006-03-22,9.695,0.164,57,11
2006-03-23,7.167,0.417,57,6
2006-03-24,5.135,,57,0
2006-03-25,9.707,0.113,57,15
2006-03-26,8.791,0.0,57,4
2006-03-27,7.882,,57,0
2006-03-28,3.337,0.548,57,56
2006-03-29,4.412,2.124,57,25
2006-03-30,4.805,0.506,57,18
2006-03-31,6.726,,57,0
2006-04-01,9.995,12.482,57,57
2006-04-02,8.779,1.53,57,54
2006-04-03,11.446,,57,0
2006-04-04,9.961,10.013,57,56
2006-04-05,10.365,0.756,57,27
2006-04-06,8.656,0.0,57,10
2006-04-07,11.635,0.36,57,35
2006-04-08,11.344,0.067,57,18
2006-04-09,12.912,4.567,57,57
2006-04-10,12.558,23.246,57,57
2006-04-11,12.742,17.588,57,51
2006-04-12,13.177,0.973,57,15
2006-04-13,8.028,0.565,57,26
2006-04-14,9.425,0.0,57,1
2006-04-15,8.318,0.0,57,1
2006-04-16,7.472,0.0,57,1
2006-04-17,10.34,0.0,57,6
2006-04-18,15.002,6.5,57,7
2006-04-19,10.67,25.635,57,57
2006-04-20,7.053,1.978,57,49
2006-04-21,10.861,0.0,57,1
2006-04-22,10.991,1.44,57,25
2006-04-23,10.209,1.851,57,43
2006-04-24,10.593,,57,0
2006-04-25,11.649,,57,0
2006-04-26,11.556,0.519,57,42
2006-04-27,11.961,0.137,57,24
2006-04-28,12.807,0.0,57,2
2006-04-29,12.842,1.722,57,36
2006-04-30,17.749,0.72,57,20
2006-05-01,18.295,0.033,57,3
2006-05-02,15.165,0.05,57,4
2006-05-03,13.968,,57,0
2006-05-04,17.721,0.022,57,9
2006-05-05,19.795,2.168,57,19
2006-05-06,16.081,66.605,57,57
2006-05-07,17.254,0.663,57,27
2006-05-08,16.77,0.629,57,7
2006-05-09,16.975,2.2,57,43
2006-05-10,16.381,17.444,57,57
2006-05-11,16.14,0.03,57,10
2006-05-12,14.228,0.629,57,41
2006-05-13,14.226,1.004,57,27
2006-05-14,15.507,0.0,57,2
2006-05-15,16.726,,57,0
2006-05-16,18.061,0.0,57,1
2006-05-17,17.891,0.0,57,4
2006-05-18,17.733,2.043,57,35
2006-05-19,15.495,39.447,57,45
2006-05-20,17.811,0.167,57,3
2006-05-21,20.449,,57,0
2006-05-22,19.388,12.664,57,56
2006-05-23,17.619,0.55,57,46
2006-05-24,17.247,0.075,57,4
2006-05-25,16.881,0.0,57,1
2006-05-26,18.093,5.074,57,23
2006-05-27,16.304,14.307,57,57
2006-05-28,16.563,3.662,57,52
2006-05-29,17.333,2.249,57,37
2006-05-30,19.733,0.5,57,5
2006-05-31,20.318,0.667,57,3
2006-06-01,20.498,0.0,57,2
2006-06-02,21.361,0.163,57,8
2006-06-03,19.83,0.1,57,1
2006-06-04,19.226,,57,0
2006-06-05,20.126,5.525,57,8
2006-06-06,20.898,0.433,57,6
2006-06-07,20.54,0.333,57,3
2006-06-08,18.609,9.835,57,52
2006-06-09,20.204,1.684,57,31
2006-06-10,19.288,21.442,57,57
2006-06-11,18.895,3.5,57,41
2006-06-12,20.567,0.0,57,1
2006-06-13,21.439,0.1,57,3
2006-06-14,18.596,51.035,57,57
2006-06-15,20.154,3.862,57,53
2006-06-16,20.967,1.1,57,5
2006-06-17,21.593,0.0,57,4
2006-06-18,21.725,1.157,57,7
2006-06-19,22.421,,57,0
2006-06-20,23.126,1.6,57,5
2006-06-21,21.949,6.112,57,57
2006-06-22,21.721,22.282,57,39
2006-06-23,21.946,0.1,57,5
2006-06-24,22.179,0.22,57,10
2006-06-25,20.698,11.955,57,53
2006-06-26,21.232,3.834,57,56
2006-06-27,22.872,0.825,57,16
2006-06-28,24.344,0.32,57,5
2006-06-29,24.465,7.149,57,47
2006-06-30,23.911,12.93,57,57
2006-07-01,22.011,25.535,57,57
2006-07-02,21.856,6.178,57,51
2006-07-03,22.533,0.291,57,11
2006-07-04,21.111,27.877,57,57
2006-07-05,20.874,3.826,57,50
2006-07-06,20.021,5.713,57,47
2006-07-07,22.005,5.139,57,49
2006-07-08,23.26,10.539,57,44
2006-07-09,23.24,37.64,57,57
2006-07-10,22.561,73.895,57,57
2006-07-11,23.863,19.978,57,55
2006-07-12,25.195,46.449,57,57
2006-07-13,26.765,10.893,57,46
2006-07-14,26.588,13.55,57,38
2006-07-15,25.514,39.117,57,53
2006-07-16,22.175,89.7,57,55
2006-07-17,20.281,39.704,57,57
2006-07-18,20.5,51.272,57,57
2006-07-19,20.325,15.464,57,55
2006-07-20,19.674,11.746,57,57
2006-07-21,21.488,1.674,57,53
2006-07-22,23.305,3.413,57,23
2006-07-23,21.505,0.225,57,16
2006-07-24,21.649,0.156,57,39
2006-07-25,23.526,5.694,57,53
2006-07-26,21.481,48.939,57,57
2006-07-27,23.793,37.944,57,52
2006-07-28,24.542,38.26,57,48
2006-07-29,25.265,19.411,57,45
2006-07-30,26.812,0.386,57,14
2006-07-31,26.961,0.0,57,2
2006-08-01,27.07,,57,0
2006-08-02,27.393,2.675,57,4
2006-08-03,27.814,2.333,57,3
2006-08-04,27.649,14.2,57,10
2006-08-05,27.312,9.623,57,13
2006-08-06,27.139,7.664,57,22
2006-08-07,27.398,11.438,57,8
2006-08-08,27.828,8.5,57,8
2006-08-09,27.826,1.3,57,5
2006-08-10,27.779,0.333,57,3
2006-08-11,26.889,0.078,57,23
2006-08-12,27.075,3.095,57,21
2006-08-13,27.596,3.417,57,6
2006-08-14,28.132,6.333,57,6
2006-08-15,28.233,8.61,57,10
2006-08-16,27.881,3.123,57,22
2006-08-17,26.614,9.629,57,34
2006-08-18,24.84,5.956,57,41
2006-08-19,22.161,17.628,57,54
2006-08-20,23.084,3.983,57,46
2006-08-21,25.821,7.741,57,34
2006-08-22,25.595,11.702,57,44
2006-08-23,25.761,6.574,57,47
2006-08-24,25.818,8.407,57,40
2006-08-25,24.744,15.912,57,52
2006-08-26,25.965,8.838,57,39
2006-08-27,24.44,23.416,57,57
2006-08-28,25.533,0.2,57,3
2006-08-29,24.167,2.867,57,49
2006-08-30,23.267,7.457,57,47
2006-08-31,23.489,0.1,57,5
2006-09-01,22.691,0.233,57,6
2006-09-02,23.118,0.0,57,1
2006-09-03,23.165,,57,0
2006-09-04,22.735,0.383,57,18
2006-09-05,19.505,4.361,57,56
2006-09-06,18.223,7.263,57,57
2006-09-07,19.816,0.0,57,4
2006-09-08,20.547,1.145,57,22
2006-09-09,19.693,2.303,57,38
2006-09-10,15.716,0.033,57,3
2006-09-11,15.214,1.18,57,15
2006-09-12,18.375,1.556,57,16
2006-09-13,19.463,0.567,57,15
2006-09-14,19.479,0.067,57,3
2006-09-15,19.114,9.085,57,47
2006-09-16,19.368,4.192,57,51
2006-09-17,17.93,21.982,57,56
2006-09-18,17.689,10.283,57,54
2006-09-19,19.095,0.2,57,1
2006-09-20,19.281,0.0,57,2
2006-09-21,20.093,0.1,57,1
2006-09-22,19.672,,57,0
2006-09-23,18.196,,57,0
2006-09-24,17.198,0.0,57,2
2006-09-25,17.423,0.0,57,1
2006-09-26,18.254,0.0,57,2
2006-09-27,18.635,0.0,57,3
2006-09-28,18.33,0.5,57,1
2006-09-29,18.681,0.138,57,8
2006-09-30,18.47,,57,0
2006-10-01,18.744,0.265,57,20
2006-10-02,18.196,0.0,57,3
2006-10-03,17.835,0.0,57,1
2006-10-04,18.114,0.0,57,1
2006-10-05,18.709,3.0,57,4
2006-10-06,18.404,0.0,57,1
2006-10-07,17.104,,57,0
2006-10-08,17.696,,57,0
2006-10-09,19.081,0.0,57,1
2006-10-10,19.074,0.0,57,1
2006-10-11,18.318,3.827,57,15
2006-10-12,16.395,0.04,57,10
2006-10-13,15.437,0.45,57,6
2006-10-14,16.533,0.0,57,1
2006-10-15,17.246,0.15,57,2
2006-10-16,17.911,0.1,57,3
2006-10-17,17.34,1.25,57,6
2006-10-18,17.682,3.457,57,7
2006-10-19,18.14,0.5,57,5
2006-10-20,18.168,2.809,57,22
2006-10-21,17.447,0.0,57,6
2006-10-22,16.032,21.974,57,57
2006-10-23,14.002,21.052,57,50
2006-10-24,13.023,3.514,57,7
2006-10-25,13.356,0.0,57,1
2006-10-26,14.116,0.705,57,39
2006-10-27,13.539,0.1,57,6
2006-10-28,12.928,,57,0
2006-10-29,13.421,0.233,57,3
2006-10-30,12.146,,57,0
2006-10-31,12.518,,57,0
2006-11-01,13.332,14.417,57,6
2006-11-02,12.472,0.067,57,3
2006-11-03,12.511,2.278,57,9
2006-11-04,14.053,0.656,57,18
2006-11-05,13.625,7.152,57,54
2006-11-06,6.821,8.607,57,56
2006-11-07,4.425,1.292,57,39
2006-11-08,11.574,0.222,57,9
2006-11-09,14.723,3.924,57,42
2006-11-10,9.767,0.17,57,20
2006-11-11,7.542,1.895,57,44
2006-11-12,5.333,0.0,57,1
2006-11-13,8.677,0.835,57,34
2006-11-14,7.882,0.256,57,18
2006-11-15,7.086,2.818,57,45
2006-11-16,3.754,,57,0
2006-11-17,4.284,,57,0
2006-11-18,5.425,0.886,57,7
2006-11-19,8.298,0.009,57,11
2006-11-20,8.225,0.067,57,9
2006-11-21,7.472,0.131,57,13
2006-11-22,7.486,1.69,57,10
2006-11-23,7.875,3.481,57,16
2006-11-24,7.321,0.056,57,9
2006-11-25,7.8,0.017,57,6
2006-11-26,9.833,2.637,57,43
2006-11-27,8.63,21.386,57,57
2006-11-28,6.74,1.3,57,51
2006-11-29,3.591,,57,0
2006-11-30,2.746,0.388,57,26
2006-12-01,3.211,0.718,57,39
2006-12-02,0.386,1.432,57,44
2006-12-03,-2.535,0.29,57,10
2006-12-04,-1.344,0.12,57,5
2006-12-05,0.93,0.085,57,20
2006-12-06,2.353,0.0,57,2
2006-12-07,5.081,1.75,57,54
2006-12-08,5.744,5.504,57,57
2006-12-09,4.051,4.389,57,57
2006-12-10,0.709,,57,0
2006-12-11,1.532,0.0,57,1
2006-12-12,4.154,0.0,57,1
2006-12-13,5.109,1.893,57,14
2006-12-14,3.212,,57,0
2006-12-15,3.4,0.464,57,14
2006-12-16,2.254,0.967,57,42
2006-12-17,-0.263,4.945,57,53
2006-12-18,-1.654,0.0,57,1
2006-12-19,-0.754,0.0,57,1
2006-12-20,1.816,0.0,57,3
2006-12-21,2.068,,57,0
2006-12-22,2.065,0.125,57,12
2006-12-23,2.307,,57,0
2006-12-24,1.612,,57,0
2006-12-25,4.632,0.0,57,1
2006-12-26,5.254,,57,0
2006-12-27,2.995,0.0,57,8
2006-12-28,-5.014,1.855,57,22
2006-12-29,-6.396,0.05,56,2
2006-12-30,-3.093,0.0,57,1
2006-12-31,0.086,,57,0
2007-01-01,2.337,0.423,57,35
2007-01-02,3.956,1.639,57,31
2007-01-03,4.193,0.753,57,15
2007-01-04,3.532,1.071,57,7
2007-01-05,3.156,0.375,57,8
2007-01-06,0.5,3.567,57,57
2007-01-07,-1.089,0.094,57,18
2007-01-08,-1.339,0.167,57,6
2007-01-09,-1.454,0.133,57,3
2007-01-10,-0.821,0.0,57,1
2007-01-11,-1.74,,57,0
2007-01-12,-1.509,0.0,57,2
2007-01-13,-3.647,,57,0
2007-01-14,-2.839,,57,0
2007-01-15,-0.367,0.0,57,1
2007-01-16,1.991,1.455,57,11
2007-01-17,1.805,,57,0
2007-01-18,1.302,0.0,57,5
2007-01-19,-0.754,,57,0
2007-01-20,0.57,0.013,57,8
2007-01-21,1.114,0.033,57,3
2007-01-22,1.704,0.28,57,15
2007-01-23,1.151,,57,0
2007-01-24,1.526,0.1,57,3
2007-01-25,0.163,,57,0
2007-01-26,0.326,2.04,57,42
2007-01-27,0.847,0.903,57,35
2007-01-28,-0.256,1.748,57,25
2007-01-29,0.168,2.383,57,6
2007-01-30,-0.091,0.6,57,44
2007-01-31,-1.616,0.283,57,30
2007-02-01,-3.126,0.65,57,20
2007-02-02,-3.546,0.416,57,19
2007-02-03,1.128,0.245,57,11
2007-02-04,2.451,,57,0
2007-02-05,3.835,,57,0
2007-02-06,6.253,,57,0
2007-02-07,5.628,,57,0
2007-02-08,6.126,10.196,57,57
2007-02-09,5.444,0.452,57,29
2007-02-10,3.674,0.297,57,34
2007-02-11,1.796,,57,0
2007-02-12,1.847,,57,0
2007-02-13,3.796,25.096,57,57
2007-02-14,2.425,4.711,57,56
2007-02-15,0.582,,57,0
2007-02-16,2.205,,57,0
2007-02-17,4.216,4.153,57,30
2007-02-18,4.912,0.15,57,6
2007-02-19,4.091,0.1,57,1
2007-02-20,4.679,0.5,57,1
2007-02-21,5.244,,57,0
2007-02-22,6.496,0.05,57,2
2007-02-23,5.267,0.0,57,14
2007-02-24,3.539,1.833,57,9
2007-02-25,5.774,0.231,57,36
2007-02-26,5.93,0.0,57,2
2007-02-27,6.286,0.3,57,5
2007-02-28,6.414,,57,0
2007-03-01,7.34,,57,0
2007-03-02,8.416,14.053,57,57
2007-03-03,11.226,0.747,57,49
2007-03-04,11.835,33.772,57,57
2007-03-05,0.937,1.614,57,50
2007-03-06,-2.911,0.059,57,17
2007-03-07,-1.496,0.8,57,38
2007-03-08,1.5,0.5,57,37
2007-03-09,3.891,0.0,57,3
2007-03-10,3.549,1.298,57,41
2007-03-11,0.616,0.009,57,22
2007-03-12,3.649,,57,0
2007-03-13,4.525,,57,0
2007-03-14,5.667,,57,0
2007-03-15,7.274,1.642,57,19
2007-03-16,7.128,1.725,57,20
2007-03-17,5.135,2.821,57,33
2007-03-18,5.054,0.333,57,6
2007-03-19,4.695,6.019,57,16
2007-03-20,5.226,0.0,57,11
2007-03-21,6.96,0.796,57,25
2007-03-22,8.435,0.087,57,8
2007-03-23,10.93,1.167,57,49
2007-03-24,10.428,16.096,57,57
2007-03-25,10.253,0.0,57,2
2007-03-26,10.044,2.135,57,31
2007-03-27,11.182,0.904,57,28
2007-03-28,9.467,9.03,57,50
2007-03-29,8.891,14.446,57,57
2007-03-30,10.379,0.304,57,27
2007-03-31,10.344,13.354,57,57
2007-04-01,9.4,0.531,57,16
2007-04-02,6.844,2.529,57,7
2007-04-03,5.705,0.525,57,16
2007-04-04,6.184,0.409,57,23
2007-04-05,7.756,,57,0
2007-04-06,10.24,0.0,57,3
2007-04-07,9.74,0.057,57,7
2007-04-08,9.091,0.27,57,27
2007-04-09,9.726,,57,0
2007-04-10,10.184,1.955,57,20
2007-04-11,11.542,1.325,57,28
2007-04-12,12.949,2.304,57,28
2007-04-13,11.304,7.964,57,56
2007-04-14,11.089,0.3,57,12
2007-04-15,11.254,1.859,57,51
2007-04-16,7.791,12.066,57,53
2007-04-17,8.774,1.52,57,20
2007-04-18,9.961,0.244,57,18
2007-04-19,11.947,,57,0
2007-04-20,14.604,6.029,57,34
2007-04-21,17.891,1.039,57,33
2007-04-22,14.419,2.379,57,42
2007-04-23,12.765,,57,0
2007-04-24,11.826,0.0,57,2
2007-04-25,13.721,0.062,57,8
2007-04-26,14.279,,57,0
2007-04-27,14.319,0.0,57,2
2007-04-28,14.509,,57,0
2007-04-29,16.107,,57,0
2007-04-30,14.593,3.618,57,56
2007-05-01,12.774,10.105,57,57
2007-05-02,15.775,0.553,57,17
2007-05-03,16.086,0.0,57,6
2007-05-04,18.132,0.05,57,2
2007-05-05,18.028,1.7,57,19
2007-05-06,16.519,9.071,57,24
2007-05-07,18.639,0.0,57,1
2007-05-08,19.819,,57,0
2007-05-09,15.756,12.123,57,57
2007-05-10,14.87,0.7,57,15
2007-05-11,17.193,0.0,57,1
2007-05-12,14.489,10.596,57,57
2007-05-13,16.696,0.0,57,4
2007-05-14,17.911,1.496,57,26
2007-05-15,18.056,0.0,57,1
2007-05-16,15.795,28.693,57,57
2007-05-17,17.653,4.895,57,43
2007-05-18,15.588,3.882,57,49
2007-05-19,15.375,1.708,57,24
2007-05-20,16.391,0.12,57,5
2007-05-21,17.002,,57,0
2007-05-22,18.656,,57,0
2007-05-23,19.739,0.0,57,7
2007-05-24,19.644,28.377,57,57
2007-05-25,20.321,4.705,57,56
2007-05-26,21.393,,57,0
2007-05-27,20.561,0.15,57,2
2007-05-28,18.47,0.1,57,3
2007-05-29,18.561,1.289,57,35
2007-05-30,18.111,2.739,57,18
2007-05-31,18.639,0.0,57,2
2007-06-01,17.907,0.03,57,10
2007-06-02,18.905,0.175,57,4
2007-06-03,20.57,,57,0
2007-06-04,21.053,,57,0
2007-06-05,21.647,0.0,57,3
2007-06-06,21.788,1.321,57,24
2007-06-07,21.033,0.976,57,25
2007-06-08,19.968,6.406,57,49
2007-06-09,18.432,0.672,57,25
2007-06-10,20.172,0.0,57,1
2007-06-11,21.805,,57,0
2007-06-12,22.951,0.0,57,1
2007-06-13,21.496,2.189,57,54
2007-06-14,19.826,5.94,57,57
2007-06-15,20.104,0.155,57,11
2007-06-16,21.602,1.278,57,9
2007-06-17,20.839,0.564,57,11
2007-06-18,22.465,0.0,57,1
2007-06-19,22.593,,57,0
2007-06-20,23.579,0.0,57,7
2007-06-21,22.281,23.684,57,57
2007-06-22,22.044,6.922,57,54
2007-06-23,21.456,11.642,57,55
2007-06-24,20.412,21.175,57,57
2007-06-25,21.572,2.894,57,48
2007-06-26,23.721,0.09,57,10
2007-06-27,24.86,0.039,57,33
2007-06-28,24.933,11.449,57,53
2007-06-29,23.649,3.982,57,56
2007-06-30,23.184,1.885,57,41
2007-07-01,20.182,55.07,57,57
2007-07-02,21.637,14.34,57,55
2007-07-03,23.265,0.581,57,42
2007-07-04,21.474,24.702,57,57
2007-07-05,22.914,0.33,57,23
2007-07-06,23.335,3.259,57,17
2007-07-07,23.982,0.017,57,6
2007-07-08,23.691,1.182,57,11
2007-07-09,22.012,23.442,57,55
2007-07-10,20.891,29.386,57,57
2007-07-11,20.974,9.5,57,41
2007-07-12,23.37,7.352,57,21
2007-07-13,22.609,4.524,57,41
2007-07-14,22.053,2.043,57,37
2007-07-15,22.637,2.545,57,42
2007-07-16,20.267,13.333,57,57
2007-07-17,22.07,4.225,57,48
2007-07-18,24.347,0.0,57,2
2007-07-19,23.977,28.114,57,57
2007-07-20,23.932,4.654,57,52
2007-07-21,22.025,1.826,57,54
2007-07-22,23.721,0.695,57,20
2007-07-23,24.407,1.489,57,27
2007-07-24,24.384,19.537,57,41
2007-07-25,25.686,1.243,57,30
2007-07-26,26.953,9.75,57,2
2007-07-27,27.486,0.0,57,1
2007-07-28,27.244,0.033,57,3
2007-07-29,24.861,14.957,57,49
2007-07-30,24.716,0.464,57,11
2007-07-31,25.611,0.0,57,1
2007-08-01,27.089,9.478,57,27
2007-08-02,27.744,3.254,57,13
2007-08-03,26.705,7.033,57,42
2007-08-04,25.775,28.992,57,49
2007-08-05,24.502,21.959,57,56
2007-08-06,24.139,8.663,57,52
2007-08-07,24.014,25.667,57,57
2007-08-08,25.149,43.744,57,55
2007-08-09,26.395,20.613,57,47
2007-08-10,26.698,12.714,57,44
2007-08-11,27.368,1.55,57,12
2007-08-12,25.637,14.854,57,57
2007-08-13,26.295,15.202,57,57
2007-08-14,25.921,11.868,57,57
2007-08-15,26.425,4.121,57,52
2007-08-16,27.393,6.733,57,15
2007-08-17,27.467,0.0,57,2
2007-08-18,26.905,6.186,57,14
2007-08-19,26.732,2.137,57,19
2007-08-20,26.804,1.527,57,22
2007-08-21,27.691,3.226,57,39
2007-08-22,26.154,9.067,57,49
2007-08-23,25.488,0.125,57,4
2007-08-24,26.495,0.0,57,4
2007-08-25,27.737,0.075,57,4
2007-08-26,26.798,6.102,57,44
2007-08-27,26.061,17.442,57,52
2007-08-28,24.772,23.567,57,51
2007-08-29,21.881,49.614,57,57
2007-08-30,20.639,15.152,57,50
2007-08-31,21.453,1.718,57,40
2007-09-01,18.846,65.754,57,57
2007-09-02,19.847,9.56,57,57
2007-09-03,21.46,3.167,57,39
2007-09-04,20.609,12.144,57,54
2007-09-05,19.391,40.284,57,57
2007-09-06,18.561,28.491,57,57
2007-09-07,20.461,3.57,57,40
2007-09-08,21.432,0.733,57,15
2007-09-09,21.149,5.333,57,6
2007-09-10,21.877,0.0,57,1
2007-09-11,21.972,0.32,57,5
2007-09-12,21.932,0.0,57,2
2007-09-13,21.953,0.167,57,6
2007-09-14,20.302,41.86,57,57
2007-09-15,21.167,52.404,57,57
2007-09-16,20.428,54.079,57,57
2007-09-17,22.251,7.896,57,50
2007-09-18,21.549,10.265,57,55
2007-09-19,25.04,11.383,57,46
2007-09-20,26.419,6.409,57,34
2007-09-21,24.621,0.977,57,48
2007-09-22,20.986,5.261,57,57
2007-09-23,19.825,4.375,57,52
2007-09-24,19.993,14.205,57,57
2007-09-25,21.081,0.067,57,6
2007-09-26,20.889,0.22,57,5
2007-09-27,22.256,9.629,57,24
2007-09-28,18.675,4.589,57,54
2007-09-29,18.082,0.324,57,38
2007-09-30,17.651,1.95,57,38
2007-10-01,18.275,0.3,57,23
2007-10-02,19.17,0.096,57,23
2007-10-03,19.637,0.575,57,28
2007-10-04,19.802,2.252,57,48
2007-10-05,19.242,0.12,57,5
2007-10-06,18.958,0.03,57,10
2007-10-07,19.189,16.804,57,51
2007-10-08,16.649,4.976,57,29
2007-10-09,15.03,0.3,57,5
2007-10-10,16.012,0.092,57,13
2007-10-11,16.181,0.053,57,17
2007-10-12,15.907,3.0,57,2
2007-10-13,14.723,3.688,57,8
2007-10-14,14.623,4.108,57,13
2007-10-15,13.784,1.214,57,21
2007-10-16,13.477,2.078,57,18
2007-10-17,12.546,7.4,57,14
2007-10-18,12.974,2.438,57,8
2007-10-19,11.495,4.085,57,46
2007-10-20,7.614,0.608,57,25
2007-10-21,9.916,,57,0
2007-10-22,12.619,,57,0
2007-10-23,13.44,,57,0
2007-10-24,14.037,0.0,57,2
2007-10-25,14.368,10.442,57,57
2007-10-26,15.06,8.598,57,56
2007-10-27,12.881,0.167,57,3
2007-10-28,13.168,2.927,57,44
2007-10-29,11.212,0.167,57,18
2007-10-30,10.04,0.264,57,11
2007-10-31,10.542,0.0,57,6
2007-11-01,9.979,0.159,57,17
2007-11-02,8.204,0.11,57,10
2007-11-03,8.832,0.0,57,1
2007-11-04,8.772,,57,0
2007-11-05,9.098,0.0,57,1
2007-11-06,9.691,,57,0
2007-11-07,9.854,,57,0
2007-11-08,10.261,,57,0
2007-11-09,11.13,1.356,57,16
2007-11-10,9.961,0.03,57,10
2007-11-11,8.065,0.833,57,6
2007-11-12,6.891,,57,0
2007-11-13,7.354,,57,0
2007-11-14,9.102,,57,0
2007-11-15,8.642,1.77,57,27
2007-11-16,5.805,0.2,57,3
2007-11-17,5.574,0.128,57,29
2007-11-18,1.446,0.0,57,1
2007-11-19,0.412,3.051,57,35
2007-11-20,2.614,1.114,57,42
2007-11-21,2.728,1.966,57,47
2007-11-22,2.695,,57,0
2007-11-23,6.242,9.713,57,30
2007-11-24,6.8,2.365,57,34
2007-11-25,4.826,0.5,57,1
2007-11-26,5.991,0.158,57,31
2007-11-27,3.056,,57,0
2007-11-28,3.14,9.0,57,6
2007-11-29,6.332,9.7,57,10
2007-11-30,2.958,0.625,57,4
2007-12-01,3.386,0.0,57,4
2007-12-02,3.961,6.746,57,46
2007-12-03,2.696,0.264,57,33
2007-12-04,-0.488,0.0,57,2
2007-12-05,-0.991,,57,0
2007-12-06,0.239,0.77,57,37
2007-12-07,3.165,1.988,57,50
2007-12-08,1.204,0.0,57,3
2007-12-09,0.846,,57,0
2007-12-10,2.388,1.0,57,46
2007-12-11,5.453,2.189,57,56
2007-12-12,4.344,2.158,57,19
2007-12-13,2.963,0.858,57,19
2007-12-14,0.761,0.407,57,14
2007-12-15,1.682,1.349,57,39
2007-12-16,-0.082,0.0,57,2
2007-12-17,1.865,0.176,57,17
2007-12-18,0.428,0.08,57,15
2007-12-19,0.293,0.0,57,2
2007-12-20,2.421,0.22,57,15
2007-12-21,2.516,3.531,57,16
2007-12-22,4.496,0.329,57,7
2007-12-23,3.153,0.0,57,8
2007-12-24,1.967,0.05,57,2
2007-12-25,4.616,,57,0
2007-12-26,5.951,,57,0
2007-12-27,4.839,5.159,57,56
2007-12-28,5.921,5.351,57,57
2007-12-29,2.005,0.809,57,44
2007-12-30,-3.835,2.538,57,40
2007-12-31,-3.6,2.403,57,33
2008-01-01,-4.567,1.528,57,18
2008-01-02,-2.655,0.05,56,2
2008-01-03,0.618,0.03,57,10
2008-01-04,0.002,0.0,57,2
2008-01-05,0.839,,57,0
2008-01-06,2.407,,57,0
2008-01-07,2.73,,57,0
2008-01-08,2.232,0.0,57,1
2008-01-09,1.454,0.0,57,1
2008-01-10,1.97,0.0,57,3
2008-01-11,2.596,15.175,57,57
2008-01-12,2.496,9.65,57,46
2008-01-13,-1.089,2.91,57,10
2008-01-14,-0.775,0.427,57,15
2008-01-15,-1.802,,57,0
2008-01-16,-4.142,0.0,57,2
2008-01-17,-5.768,,57,0
2008-01-18,-3.486,,56,0
2008-01-19,-1.518,0.0,57,2
2008-01-20,1.618,3.917,57,46
2008-01-21,1.953,2.919,57,57
2008-01-22,1.719,4.74,57,57
2008-01-23,-0.305,1.784,57,51
2008-01-24,-5.282,0.05,57,2
2008-01-25,-4.511,0.0,57,3
2008-01-26,-2.402,0.0,57,1
2008-01-27,-2.079,0.533,57,3
2008-01-28,-0.781,0.638,57,21
2008-01-29,0.153,1.58,57,15
2008-01-30,-1.272,0.279,57,38
2008-01-31,-3.518,0.0,57,2
2008-02-01,-3.018,,57,0
2008-02-02,-1.419,,57,0
2008-02-03,-0.972,0.121,57,14
2008-02-04,-1.565,,57,0
2008-02-05,-2.751,,57,0
2008-02-06,-2.27,0.0,57,5
2008-02-07,-3.425,0.0,57,1
2008-02-08,-2.66,0.285,57,13
2008-02-09,-2.244,0.487,57,32
2008-02-10,-1.032,,57,0
2008-02-11,0.414,,57,0
2008-02-12,-3.925,0.1,57,2
2008-02-13,-5.296,0.1,56,1
2008-02-14,-1.904,0.022,57,9
2008-02-15,-1.795,0.0,57,4
2008-02-16,-3.004,0.0,57,3
2008-02-17,-2.867,0.0,57,2
2008-02-18,-2.125,,57,0
2008-02-19,0.021,,57,0
2008-02-20,2.721,,57,0
2008-02-21,2.077,,57,0
2008-02-22,5.082,1.0,57,31
2008-02-23,-0.421,0.189,57,19
2008-02-24,-1.804,0.15,57,6
2008-02-25,-0.295,1.823,57,56
2008-02-26,0.467,4.587,57,56
2008-02-27,1.256,0.0,57,1
2008-02-28,2.304,0.0,57,1
2008-02-29,4.789,0.014,57,7
2008-03-01,3.474,,57,0
2008-03-02,3.916,0.256,57,16
2008-03-03,3.254,4.225,57,24
2008-03-04,1.042,3.125,57,40
2008-03-05,2.065,,57,0
2008-03-06,2.807,0.727,57,22
2008-03-07,3.305,0.0,57,3
2008-03-08,4.16,,57,0
2008-03-09,6.149,0.0,57,5
2008-03-10,6.83,,57,0
2008-03-11,8.872,,57,0
2008-03-12,9.321,,57,0
2008-03-13,9.354,1.162,57,52
2008-03-14,7.821,1.465,57,34
2008-03-15,8.421,0.04,57,5
2008-03-16,8.34,0.0,57,3
2008-03-17,7.749,,57,0
2008-03-18,9.995,0.05,57,2
2008-03-19,9.444,6.481,57,21
2008-03-20,7.989,,57,0
2008-03-21,8.932,,57,0
2008-03-22,9.986,4.468,57,53
2008-03-23,8.516,25.447,57,57
2008-03-24,9.177,1.907,57,42
2008-03-25,6.118,0.333,57,27
2008-03-26,6.086,0.108,57,24
2008-03-27,6.239,0.856,57,34
2008-03-28,6.479,0.167,57,6
2008-03-29,6.905,4.904,57,57
2008-03-30,6.967,3.798,57,56
2008-03-31,6.981,2.276,57,25
2008-04-01,8.274,,57,0
2008-04-02,8.891,1.635,57,26
2008-04-03,9.504,,57,0
2008-04-04,10.409,,57,0
2008-04-05,12.437,,57,0
2008-04-06,13.467,3.926,57,42
2008-04-07,11.611,4.78,57,55
2008-04-08,13.184,0.0,57,6
2008-04-09,10.956,14.658,57,57
2008-04-10,11.835,5.865,57,57
2008-04-11,11.77,0.1,57,1
2008-04-12,11.318,0.438,57,16
2008-04-13,11.365,1.677,57,22
2008-04-14,12.291,,57,0
2008-04-15,14.454,,57,0
2008-04-16,14.756,6.108,57,24
2008-04-17,14.711,3.605,57,38
2008-04-18,15.458,0.129,57,7
2008-04-19,15.64,,57,0
2008-04-20,16.019,,57,0
2008-04-21,16.575,0.0,57,2
2008-04-22,16.726,4.448,57,50
2008-04-23,11.893,5.247,57,57
2008-04-24,9.854,,57,0
2008-04-25,12.719,2.143,57,30
2008-04-26,10.509,3.351,57,57
2008-04-27,9.882,0.423,57,22
2008-04-28,12.584,0.0,57,4
2008-04-29,16.307,,57,0
2008-04-30,18.625,,57,0
2008-05-01,18.916,,57,0
2008-05-02,19.558,,57,0
2008-05-03,20.761,,57,0
2008-05-04,17.872,4.988,57,49
2008-05-05,16.021,1.559,57,51
2008-05-06,16.612,,57,0
2008-05-07,17.665,3.677,57,13
2008-05-08,17.975,0.379,57,14
2008-05-09,16.696,0.0,57,1
2008-05-10,14.049,1.167,57,6
2008-05-11,13.514,,57,0
2008-05-12,13.477,9.145,57,22
2008-05-13,11.416,8.854,57,57
2008-05-14,12.84,0.992,57,24
2008-05-15,14.179,,57,0
2008-05-16,15.405,0.0,57,4
2008-05-17,16.74,,57,0
2008-05-18,16.046,28.688,57,56
2008-05-19,15.096,5.785,57,55
2008-05-20,14.784,0.5,57,1
2008-05-21,18.202,3.262,57,13
2008-05-22,20.267,,57,0
2008-05-23,20.474,0.871,57,28
2008-05-24,19.57,13.048,57,23
2008-05-25,20.514,0.1,57,4
2008-05-26,19.814,,57,0
2008-05-27,21.153,0.143,57,7
2008-05-28,18.67,39.316,57,57
2008-05-29,20.247,0.363,57,8
2008-05-30,17.363,0.818,57,39
2008-05-31,17.337,0.1,57,1
2008-06-01,19.077,,57,0
2008-06-02,18.667,13.853,57,36
2008-06-03,18.584,1.979,57,42
2008-06-04,16.679,8.073,57,56
2008-06-05,15.332,12.075,57,57
2008-06-06,18.051,0.353,57,17
2008-06-07,19.447,0.176,57,25
2008-06-08,19.404,12.633,57,57
2008-06-09,20.918,1.675,57,16
2008-06-10,22.474,0.1,57,2
2008-06-11,21.137,,57,0
2008-06-12,20.753,5.182,57,11
2008-06-13,22.107,0.05,57,4
2008-06-14,20.991,1.18,57,5
2008-06-15,19.619,0.05,57,2
2008-06-16,19.626,1.1,57,6
2008-06-17,20.653,7.754,57,50
2008-06-18,20.67,60.5,57,57
2008-06-19,22.205,0.54,57,20
2008-06-20,23.014,7.936,57,33
2008-06-21,21.753,12.16,57,47
2008-06-22,21.456,3.144,57,39
2008-06-23,20.498,2.305,57,19
2008-06-24,20.395,0.525,57,20
2008-06-25,20.719,1.35,57,10
2008-06-26,21.098,1.22,57,5
2008-06-27,22.254,4.529,57,7
2008-06-28,19.447,37.233,57,57
2008-06-29,19.951,7.516,57,56
2008-06-30,21.647,0.819,57,16
2008-07-01,22.337,1.295,57,20
2008-07-02,22.189,15.021,57,57
2008-07-03,23.73,4.293,57,55
2008-07-04,25.384,0.217,57,6
2008-07-05,25.709,2.009,57,22
2008-07-06,27.421,1.0,57,1
2008-07-07,27.325,2.6,57,5
2008-07-08,27.414,0.833,57,3
2008-07-09,27.188,0.05,57,2
2008-07-10,27.026,0.05,57,2
2008-07-11,26.556,3.786,57,7
2008-07-12,25.337,8.255,57,51
2008-07-13,25.823,14.568,57,53
2008-07-14,26.8,7.515,57,26
2008-07-15,26.884,3.77,57,37
2008-07-16,26.358,12.031,57,36
2008-07-17,26.347,5.021,57,34
2008-07-18,26.561,1.825,57,12
2008-07-19,25.321,42.696,57,57
2008-07-20,25.702,32.091,57,57
2008-07-21,25.365,2.138,57,47
2008-07-22,25.228,2.816,57,25
2008-07-23,25.242,10.017,57,41
2008-07-24,25.644,65.241,57,44
2008-07-25,24.43,41.625,57,56
2008-07-26,24.191,14.036,57,50
2008-07-27,25.561,1.567,57,21
2008-07-28,27.179,3.884,57,25
2008-07-29,27.939,11.436,57,14
2008-07-30,25.989,6.732,57,56
2008-07-31,26.689,0.378,57,50
2008-08-01,27.911,0.529,57,7
2008-08-02,27.184,10.08,57,40
2008-08-03,25.76,7.954,57,54
2008-08-04,25.028,,57,0
2008-08-05,25.275,0.0,57,2
2008-08-06,25.619,,57,0
2008-08-07,25.737,,57,0
2008-08-08,26.57,11.596,57,28
2008-08-09,26.56,5.747,57,43
2008-08-10,27.54,1.158,57,12
2008-08-11,27.526,1.757,57,30
2008-08-12,26.181,19.614,57,57
2008-08-13,26.614,15.734,57,53
2008-08-14,26.811,8.245,57,47
2008-08-15,25.063,31.06,57,57
2008-08-16,21.605,31.412,57,57
2008-08-17,23.135,0.786,57,36
2008-08-18,24.353,21.0,57,56
2008-08-19,24.602,0.804,57,24
2008-08-20,22.739,4.0,57,30
2008-08-21,22.075,2.129,57,14
2008-08-22,19.739,38.851,57,57
2008-08-23,21.961,3.686,57,49
2008-08-24,22.584,1.436,57,11
2008-08-25,22.451,5.143,57,7
2008-08-26,22.0,0.443,57,7
2008-08-27,21.744,2.8,57,6
2008-08-28,22.546,0.25,57,6
2008-08-29,23.019,0.033,57,3
2008-08-30,22.954,0.1,57,2
2008-08-31,22.628,0.182,57,11
2008-09-01,22.174,19.804,57,57
2008-09-02,21.607,9.211,57,56
2008-09-03,21.984,,57,0
2008-09-04,21.828,0.567,57,3
2008-09-05,21.911,0.107,57,15
2008-09-06,21.607,1.583,57,46
2008-09-07,22.377,,57,0
2008-09-08,22.581,1.0,57,2
2008-09-09,22.516,,57,0
2008-09-10,22.089,0.1,57,1
2008-09-11,22.768,0.375,57,16
2008-09-12,23.337,0.292,57,13
2008-09-13,22.775,4.75,57,4
2008-09-14,23.133,0.26,57,5
2008-09-15,22.714,1.921,57,24
2008-09-16,22.63,0.1,57,1
2008-09-17,23.012,,57,0
2008-09-18,23.525,0.125,57,4
2008-09-19,23.304,,57,0
2008-09-20,22.047,12.084,57,57
2008-09-21,22.393,5.902,57,43
2008-09-22,22.505,2.315,57,20
2008-09-23,22.368,2.387,57,46
2008-09-24,20.865,1.248,57,46
2008-09-25,18.925,4.204,57,53
2008-09-26,15.639,0.533,57,9
2008-09-27,13.172,,57,0
2008-09-28,15.03,0.096,57,27
2008-09-29,15.825,2.413,57,39
2008-09-30,16.458,0.2,57,1
2008-10-01,17.684,0.633,57,3
2008-10-02,17.77,,57,0
2008-10-03,18.233,,57,0
2008-10-04,18.346,3.0,57,3
2008-10-05,18.814,1.941,57,37
2008-10-06,17.956,0.29,57,20
2008-10-07,16.407,12.412,57,8
2008-10-08,16.809,1.5,57,5
2008-10-09,18.079,0.017,57,6
2008-10-10,17.428,0.426,57,42
2008-10-11,13.753,,57,0
2008-10-12,13.061,,57,0
2008-10-13,13.956,,57,0
2008-10-14,14.76,,57,0
2008-10-15,15.288,,57,0
2008-10-16,15.979,,57,0
2008-10-17,16.709,,57,0
2008-10-18,17.025,,57,0
2008-10-19,16.149,,57,0
2008-10-20,16.695,,57,0
2008-10-21,17.168,0.1,57,6
2008-10-22,16.323,15.581,57,57
2008-10-23,18.079,4.646,57,57
2008-10-24,13.104,0.27,57,10
2008-10-25,11.635,2.819,57,31
2008-10-26,13.925,0.374,57,19
2008-10-27,11.247,,57,0
2008-10-28,11.439,,57,0
2008-10-29,11.961,0.1,57,5
2008-10-30,10.737,0.0,57,2
2008-10-31,9.993,4.561,57,46
2008-11-01,10.437,,57,0
2008-11-02,13.053,0.0,57,1
2008-11-03,12.07,0.05,57,2
2008-11-04,8.358,,57,0
2008-11-05,10.082,0.0,57,1
2008-11-06,14.025,1.125,57,8
2008-11-07,13.365,0.725,57,12
2008-11-08,11.188,3.537,57,27
2008-11-09,9.861,1.467,57,42
2008-11-10,8.819,1.055,57,11
2008-11-11,8.307,0.0,57,1
2008-11-12,8.261,,57,0
2008-11-13,9.381,,57,0
2008-11-14,9.981,,57,0
2008-11-15,10.853,1.144,57,27
2008-11-16,9.484,0.067,57,3
2008-11-17,5.635,0.127,57,11
2008-11-18,0.188,2.011,57,18
2008-11-19,-2.07,2.162,57,13
2008-11-20,1.365,0.782,57,39
2008-11-21,4.698,0.667,57,43
2008-11-22,3.681,,57,0
2008-11-23,6.575,,57,0
2008-11-24,5.884,5.231,57,42
2008-11-25,5.198,2.1,57,24
2008-11-26,5.012,0.04,57,5
2008-11-27,4.447,5.484,57,55
2008-11-28,5.788,3.137,57,30
2008-11-29,4.368,1.931,57,52
2008-11-30,2.46,,57,0
2008-12-01,5.204,0.25,57,6
2008-12-02,5.339,0.433,57,6
2008-12-03,5.851,,57,0
2008-12-04,7.307,3.371,57,56
2008-12-05,-3.407,3.339,57,28
2008-12-06,-7.0,0.67,56,10
2008-12-07,-2.326,0.906,57,18
2008-12-08,3.926,1.443,57,40
2008-12-09,5.911,0.638,57,13
2008-12-10,7.426,0.025,57,4
2008-12-11,5.512,1.989,57,38
2008-12-12,3.223,,57,0
2008-12-13,3.265,0.0,57,1
2008-12-14,-0.125,0.0,57,1
2008-12-15,-0.489,0.125,57,8
2008-12-16,1.819,,57,0
2008-12-17,3.358,1.32,57,30
2008-12-18,0.277,,57,0
2008-12-19,-1.081,0.433,57,6
2008-12-20,3.54,3.17,57,57
2008-12-21,1.396,4.416,57,45
2008-12-22,-2.298,3.003,57,32
2008-12-23,-0.735,0.352,57,25
2008-12-24,1.821,0.017,57,6
2008-12-25,0.965,0.018,57,22
2008-12-26,-3.677,,57,0
2008-12-27,-2.561,,57,0
2008-12-28,0.595,,57,0
2008-12-29,2.502,0.134,57,29
2008-12-30,-1.186,0.653,57,38
2008-12-31,-4.116,1.877,57,13
2009-01-01,-4.695,0.606,57,16
2009-01-02,-3.375,,57,0
2009-01-03,-1.904,,57,0
2009-01-04,-0.733,,57,0
2009-01-05,-1.111,0.0,57,3
2009-01-06,-1.707,,57,0
2009-01-07,-1.102,,57,0
2009-01-08,-1.458,,57,0
2009-01-09,-2.509,0.343,57,7
2009-01-10,-4.656,1.181,57,16
2009-01-11,-5.149,1.66,57,15
2009-01-12,-5.382,1.144,57,18
2009-01-13,-4.595,0.22,57,15
2009-01-14,-4.661,0.431,56,35
2009-01-15,-6.537,0.0,56,1
2009-01-16,-2.323,0.558,57,26
2009-01-17,-0.009,0.0,57,4
2009-01-18,2.595,4.448,57,52
2009-01-19,1.374,0.0,57,1
2009-01-20,1.844,,57,0
2009-01-21,1.547,0.486,57,14
2009-01-22,2.24,0.039,57,18
2009-01-23,-5.255,0.804,56,23
2009-01-24,-6.612,1.85,56,38
2009-01-25,-3.407,0.73,57,47
2009-01-26,-2.274,0.3,57,37
2009-01-27,-2.951,0.1,57,1
2009-01-28,-0.772,,57,0
2009-01-29,1.184,1.505,57,20
2009-01-30,5.27,4.19,57,39
2009-01-31,4.904,4.6,57,10
2009-02-01,3.239,0.025,57,4
2009-02-02,5.165,0.0,57,4
2009-02-03,5.484,1.132,57,19
2009-02-04,4.642,0.0,57,1
2009-02-05,4.296,0.03,57,10
2009-02-06,3.095,0.0,57,1
2009-02-07,3.475,,57,0
2009-02-08,3.542,,57,0
2009-02-09,4.539,0.122,57,9
2009-02-10,3.698,0.0,57,3
2009-02-11,5.291,0.085,57,13
2009-02-12,7.174,0.462,57,24
2009-02-13,13.046,18.596,57,57
2009-02-14,6.928,0.0,57,1
2009-02-15,1.579,0.3,57,28
2009-02-16,-3.072,,57,0
2009-02-17,-2.995,,57,0
2009-02-18,-0.818,,57,0
2009-02-19,0.772,4.424,57,51
2009-02-20,0.158,0.802,57,51
2009-02-21,-1.235,,57,0
2009-02-22,2.074,10.808,57,36
2009-02-23,3.549,3.61,57,10
2009-02-24,7.956,0.938,57,45
2009-02-25,5.888,3.006,57,52
2009-02-26,4.349,0.585,57,13
2009-02-27,4.87,2.036,57,14
2009-02-28,4.393,,57,0
2009-03-01,4.2,0.725,57,4
2009-03-02,3.142,1.293,57,27
2009-03-03,2.656,4.621,57,56
2009-03-04,4.084,,57,0
2009-03-05,5.351,6.36,57,57
2009-03-06,3.939,0.258,57,19
2009-03-07,2.833,,57,0
2009-03-08,5.802,,57,0
2009-03-09,6.846,,57,0
2009-03-10,5.618,,57,0
2009-03-11,4.468,,57,0
2009-03-12,7.126,1.791,57,46
2009-03-13,5.274,15.107,57,57
2009-03-14,0.984,0.033,57,6
2009-03-15,5.361,,57,0
2009-03-16,10.579,,57,0
2009-03-17,12.647,,57,0
2009-03-18,16.674,,57,0
2009-03-19,15.965,1.738,57,29
2009-03-20,10.951,0.47,57,20
2009-03-21,12.182,10.142,57,57
2009-03-22,10.821,8.604,57,57
2009-03-23,6.258,3.163,57,8
2009-03-24,4.353,0.145,57,11
2009-03-25,3.304,0.079,57,14
2009-03-26,3.153,3.682,57,33
2009-03-27,4.514,,57,0
2009-03-28,5.316,0.8,57,5
2009-03-29,5.544,3.663,57,8
2009-03-30,7.126,1.76,57,30
2009-03-31,6.36,2.913,57,38
2009-04-01,4.86,0.304,57,23
2009-04-02,7.165,,57,0
2009-04-03,9.307,,57,0
2009-04-04,9.865,0.0,57,1
2009-04-05,9.874,,57,0
2009-04-06,11.016,,57,0
2009-04-07,13.235,,57,0
2009-04-08,14.012,,57,0
2009-04-09,15.393,,57,0
2009-04-10,16.211,,57,0
2009-04-11,15.504,,57,0
2009-04-12,15.439,,57,0
2009-04-13,15.8,2.778,57,18
2009-04-14,13.193,3.143,57,35
2009-04-15,11.058,3.933,57,54
2009-04-16,10.242,0.954,57,13
2009-04-17,11.974,,57,0
2009-04-18,15.16,,57,0
2009-04-19,16.756,0.3,57,1
2009-04-20,13.912,33.57,57,57
2009-04-21,11.774,1.162,57,37
2009-04-22,11.87,0.25,57,2
2009-04-23,11.693,,57,0
2009-04-24,12.246,6.465,57,57
2009-04-25,9.914,5.179,57,56
2009-04-26,9.721,0.455,57,33
2009-04-27,10.525,0.808,57,37
2009-04-28,11.926,0.368,57,25
2009-04-29,14.182,,57,0
2009-04-30,15.239,,57,0
2009-05-01,16.586,,57,0
2009-05-02,16.175,4.036,57,55
2009-05-03,17.084,3.573,57,41
2009-05-04,17.0,0.233,57,3
2009-05-05,17.384,0.627,57,11
2009-05-06,18.598,1.078,57,9
2009-05-07,18.347,,57,0
2009-05-08,19.386,,57,0
2009-05-09,21.019,,57,0
2009-05-10,19.474,0.46,57,5
2009-05-11,18.621,12.023,57,30
2009-05-12,17.456,9.93,57,57
2009-05-13,17.63,,57,0
2009-05-14,17.961,,57,0
2009-05-15,16.772,0.88,57,54
2009-05-16,13.961,38.649,57,57
2009-05-17,14.932,4.877,57,57
2009-05-18,16.639,,57,0
2009-05-19,19.247,,57,0
2009-05-20,20.365,0.432,57,31
2009-05-21,15.618,51.246,57,57
2009-05-22,18.537,0.342,57,36
2009-05-23,16.891,0.755,57,51
2009-05-24,17.423,1.05,57,12
2009-05-25,19.954,,57,0
2009-05-26,20.921,4.8,57,12
2009-05-27,20.225,0.275,57,4
2009-05-28,20.304,,57,0
2009-05-29,19.047,,57,0
2009-05-30,17.563,1.582,57,11
2009-05-31,18.304,0.033,57,3
2009-06-01,20.609,,57,0
2009-06-02,21.153,7.004,57,45
2009-06-03,18.195,10.086,57,51
2009-06-04,19.535,0.175,57,4
2009-06-05,20.0,7.857,57,7
2009-06-06,19.549,2.261,57,18
2009-06-07,18.086,0.1,57,20
2009-06-08,19.525,,57,0
2009-06-09,19.479,7.768,57,57
2009-06-10,19.872,13.456,57,57
2009-06-11,21.626,0.92,57,30
2009-06-12,20.495,1.086,57,22
2009-06-13,19.742,3.3,57,5
2009-06-14,19.554,1.78,57,25
2009-06-15,20.384,3.812,57,24
2009-06-16,20.888,3.264,57,22
2009-06-17,20.981,0.894,57,17
2009-06-18,23.654,0.013,57,8
2009-06-19,24.277,,57,0
2009-06-20,22.807,19.388,57,57
2009-06-21,24.912,1.786,57,50
2009-06-22,21.833,37.876,57,45
2009-06-23,22.974,,57,0
2009-06-24,24.042,,57,0
2009-06-25,24.205,,57,0
2009-06-26,24.407,0.0,57,1
2009-06-27,24.925,0.343,57,7
2009-06-28,25.154,1.519,57,42
2009-06-29,24.339,31.818,57,57
2009-06-30,22.567,7.766,57,44
2009-07-01,22.57,2.61,57,31
2009-07-02,21.384,14.809,57,46
2009-07-03,21.423,4.214,57,37
2009-07-04,22.275,4.306,57,35
2009-07-05,23.519,8.614,57,7
2009-07-06,24.268,0.729,57,7
2009-07-07,21.539,64.968,57,57
2009-07-08,24.751,3.69,57,39
2009-07-09,23.026,72.263,57,57
2009-07-10,23.604,5.336,57,11
2009-07-11,23.023,11.543,57,56
2009-07-12,22.661,73.947,57,57
2009-07-13,24.367,14.147,57,53
2009-07-14,25.386,53.382,57,56
2009-07-15,22.321,42.569,57,48
2009-07-16,23.588,53.932,57,41
2009-07-17,24.972,18.246,57,54
2009-07-18,26.705,15.671,57,41
2009-07-19,25.195,15.558,57,50
2009-07-20,25.37,1.528,57,43
2009-07-21,24.891,30.841,57,49
2009-07-22,23.356,0.1,57,1
2009-07-23,23.233,2.261,57,23
2009-07-24,21.833,10.848,57,54
2009-07-25,21.335,5.318,57,55
2009-07-26,22.609,1.674,57,19
2009-07-27,22.918,8.881,57,21
2009-07-28,21.828,8.032,57,53
2009-07-29,23.153,11.592,57,49
2009-07-30,24.146,1.333,57,3
2009-07-31,23.746,6.222,57,9
2009-08-01,23.805,8.229,57,7
2009-08-02,23.786,0.557,57,7
2009-08-03,22.361,1.024,57,21
2009-08-04,23.607,0.0,57,1
2009-08-05,24.412,0.0,57,2
2009-08-06,23.402,6.58,57,54
2009-08-07,23.782,15.57,57,57
2009-08-08,25.249,3.26,57,35
2009-08-09,25.421,2.517,57,12
2009-08-10,25.353,0.467,57,15
2009-08-11,24.042,34.789,57,57
2009-08-12,24.702,50.098,57,57
2009-08-13,25.181,5.379,57,43
2009-08-14,25.681,0.0,57,3
2009-08-15,23.498,,57,0
2009-08-16,25.168,0.123,57,13
2009-08-17,25.009,0.967,57,24
2009-08-18,25.926,0.443,57,14
2009-08-19,26.905,1.533,57,12
2009-08-20,26.223,19.467,57,52
2009-08-21,25.119,1.657,57,14
2009-08-22,24.239,0.0,57,5
2009-08-23,24.4,1.269,57,13
2009-08-24,23.153,0.5,57,2
2009-08-25,23.37,3.167,57,3
2009-08-26,24.0,9.946,57,13
2009-08-27,23.902,14.671,57,55
2009-08-28,24.582,6.658,57,26
2009-08-29,21.586,1.431,57,16
2009-08-30,20.221,3.814,57,50
2009-08-31,20.93,0.163,57,16
2009-09-01,21.079,,57,0
2009-09-02,21.144,,57,0
2009-09-03,21.205,,57,0
2009-09-04,22.284,0.0,57,2
2009-09-05,23.2,,57,0
2009-09-06,23.819,,57,0
2009-09-07,23.374,1.122,57,23
2009-09-08,22.544,1.079,57,24
2009-09-09,21.754,,57,0
2009-09-10,20.982,,57,0
2009-09-11,20.182,1.519,57,53
2009-09-12,19.181,7.376,57,55
2009-09-13,19.458,,57,0
2009-09-14,18.854,1.448,57,44
2009-09-15,19.833,0.117,57,12
2009-09-16,19.768,,57,0
2009-09-17,19.789,,57,0
2009-09-18,20.43,0.1,57,3
2009-09-19,19.688,,57,0
2009-09-20,19.5,,57,0
2009-09-21,18.628,2.851,57,57
2009-09-22,19.546,0.2,57,2
2009-09-23,20.249,3.057,57,30
2009-09-24,20.446,,57,0
2009-09-25,19.689,0.805,57,19
2009-09-26,21.056,0.967,57,6
2009-09-27,19.263,19.164,57,56
2009-09-28,19.668,13.435,57,57
2009-09-29,19.918,0.42,57,5
2009-09-30,19.711,2.22,57,5
2009-10-01,20.102,6.865,57,20
2009-10-02,19.37,19.144,57,27
2009-10-03,16.96,1.292,57,12
2009-10-04,16.242,0.246,57,13
2009-10-05,15.444,,57,0
2009-10-06,16.174,0.0,57,1
2009-10-07,16.463,3.446,57,13
2009-10-08,15.396,0.825,57,12
2009-10-09,14.158,0.125,57,8
2009-10-10,14.133,,57,0
2009-10-11,14.577,,57,0
2009-10-12,14.718,,57,0
2009-10-13,14.595,6.958,57,43
2009-10-14,13.591,1.366,57,50
2009-10-15,13.614,,57,0
2009-10-16,14.754,5.971,57,7
2009-10-17,14.396,8.447,57,57
2009-10-18,13.982,0.0,57,3
2009-10-19,13.533,4.938,57,39
2009-10-20,11.421,0.033,57,3
2009-10-21,12.509,0.357,57,7
2009-10-22,12.044,0.067,57,3
2009-10-23,13.756,2.133,57,12
2009-10-24,14.944,0.1,57,3
2009-10-25,14.018,0.0,57,1
2009-10-26,13.958,,57,0
2009-10-27,14.358,,57,0
2009-10-28,13.593,,57,0
2009-10-29,15.126,1.318,57,11
2009-10-30,16.039,1.7,57,4
2009-10-31,16.804,9.624,57,42
2009-11-01,12.198,7.857,57,51
2009-11-02,3.681,8.5,57,19
2009-11-03,4.075,,57,0
2009-11-04,10.519,0.013,57,8
2009-11-05,13.739,0.277,57,13
2009-11-06,13.809,0.11,57,10
2009-11-07,15.844,1.071,57,7
2009-11-08,16.618,19.523,57,57
2009-11-09,16.544,4.853,57,17
2009-11-10,13.83,8.812,57,24
2009-11-11,10.084,6.456,57,9
2009-11-12,9.358,2.45,57,10
2009-11-13,10.046,4.805,57,57
2009-11-14,7.753,0.352,57,21
2009-11-15,2.567,0.536,57,22
2009-11-16,1.414,0.05,57,2
2009-11-17,1.354,0.2,57,4
2009-11-18,0.519,,57,0
2009-11-19,2.818,0.036,57,11
2009-11-20,2.242,0.325,57,28
2009-11-21,1.888,0.261,57,23
2009-11-22,2.181,1.214,57,7
2009-11-23,5.477,0.0,57,1
2009-11-24,5.421,,57,0
2009-11-25,4.875,1.175,57,40
2009-11-26,6.328,0.15,57,2
2009-11-27,7.265,,57,0
2009-11-28,5.633,10.6,57,7
2009-11-29,5.795,8.904,57,56
2009-11-30,5.186,0.762,57,29
2009-12-01,4.132,0.0,57,1
2009-12-02,3.747,0.0,57,1
2009-12-03,4.393,1.297,57,30
2009-12-04,3.593,,57,0
2009-12-05,2.168,6.625,57,57
2009-12-06,-1.261,0.167,57,3
2009-12-07,-0.496,,57,0
2009-12-08,1.404,0.129,57,7
2009-12-09,4.667,1.602,57,48
2009-12-10,7.56,12.307,57,57
2009-12-11,9.058,4.337,57,56
2009-12-12,6.951,0.146,57,13
2009-12-13,3.949,0.1,57,1
2009-12-14,1.558,,57,0
2009-12-15,-1.105,,57,0
2009-12-16,-4.228,1.042,57,12
2009-12-17,-4.351,1.8,57,18
2009-12-18,-6.016,1.727,57,15
2009-12-19,-4.449,1.035,57,23
2009-12-20,-2.611,1.346,57,28
2009-12-21,-3.302,,57,0
2009-12-22,1.819,0.06,57,10
2009-12-23,3.865,0.376,57,37
2009-12-24,2.204,,57,0
2009-12-25,2.196,0.906,57,36
2009-12-26,-3.307,0.085,57,20
2009-12-27,-4.409,0.697,57,29
2009-12-28,-5.353,0.357,55,7
2009-12-29,-2.867,0.371,57,14
2009-12-30,-0.721,1.027,57,44
2009-12-31,-7.184,2.0,57,24
2010-01-01,-5.812,0.111,57,9
2010-01-02,-0.839,1.419,57,42
2010-01-03,-3.756,0.0,57,2
2010-01-04,-2.437,6.477,57,57
2010-01-05,-6.032,1.457,57,28
2010-01-06,-8.496,0.847,56,15
2010-01-07,-7.802,0.1,57,21
2010-01-08,-6.828,,57,0
2010-01-09,-4.147,0.171,57,24
2010-01-10,-2.223,,57,0
2010-01-11,-2.396,0.0,57,5
2010-01-12,-5.833,0.963,57,19
2010-01-13,-9.105,1.047,56,17
2010-01-14,-7.319,0.073,57,15
2010-01-15,-3.402,0.203,57,29
2010-01-16,-4.937,,56,0
2010-01-17,-4.016,,57,0
2010-01-18,-1.149,,57,0
2010-01-19,2.874,0.974,57,19
2010-01-20,7.414,11.086,57,57
2010-01-21,1.1,4.017,57,48
2010-01-22,-3.707,0.0,57,8
2010-01-23,-3.353,0.35,57,16
2010-01-24,-0.107,0.029,57,7
2010-01-25,0.393,0.02,57,5
2010-01-26,-2.891,,57,0
2010-01-27,0.812,6.545,57,56
2010-01-28,3.032,0.192,57,13
2010-01-29,-0.316,0.025,57,16
2010-01-30,1.393,0.117,57,6
2010-01-31,2.27,0.163,57,8
2010-02-01,1.702,0.362,57,13
2010-02-02,-2.439,,57,0
2010-02-03,-5.464,0.0,56,1
2010-02-04,-3.479,0.188,57,24
2010-02-05,-2.375,0.0,57,1
2010-02-06,-3.251,,57,0
2010-02-07,0.423,0.12,57,5
2010-02-08,4.342,2.794,57,52
2010-02-09,5.033,8.232,57,57
2010-02-10,4.702,8.877,57,57
2010-02-11,1.939,15.411,57,57
2010-02-12,0.312,2.863,57,54
2010-02-13,-1.118,2.196,57,52
2010-02-14,-1.716,0.1,57,4
2010-02-15,-1.028,1.5,57,5
2010-02-16,-2.042,2.35,57,12
2010-02-17,-1.872,0.762,57,21
2010-02-18,-1.493,0.754,57,39
2010-02-19,-1.068,0.171,57,34
2010-02-20,1.714,,57,0
2010-02-21,3.189,,57,0
2010-02-22,4.582,0.091,57,11
2010-02-23,5.856,,57,0
2010-02-24,10.509,0.3,57,5
2010-02-25,13.088,34.73,57,57
2010-02-26,9.075,4.58,57,44
2010-02-27,5.889,1.409,57,46
2010-02-28,6.642,1.217,57,6
2010-03-01,4.739,16.37,57,57
2010-03-02,3.844,0.474,57,39
2010-03-03,4.677,0.113,57,8
2010-03-04,5.456,4.204,57,57
2010-03-05,6.502,3.351,57,55
2010-03-06,5.133,2.86,57,45
2010-03-07,3.774,1.482,57,34
2010-03-08,3.177,3.807,57,14
2010-03-09,1.937,6.111,57,56
2010-03-10,-0.626,4.4,57,56
2010-03-11,2.444,0.05,57,2
2010-03-12,7.747,0.711,57,9
2010-03-13,5.6,,57,0
2010-03-14,7.325,1.697,57,37
2010-03-15,9.26,16.351,57,57
2010-03-16,2.732,,57,0
2010-03-17,1.746,1.721,57,39
2010-03-18,1.64,2.752,57,52
2010-03-19,5.418,,57,0
2010-03-20,10.393,1.3,57,51
2010-03-21,4.275,0.143,57,14
2010-03-22,3.904,2.483,57,42
2010-03-23,6.544,3.573,57,22
2010-03-24,8.018,0.05,57,2
2010-03-25,4.644,5.419,57,52
2010-03-26,2.781,0.1,57,10
2010-03-27,5.258,3.58,57,15
2010-03-28,5.87,0.1,57,7
2010-03-29,5.098,0.0,57,1
2010-03-30,7.409,0.0,57,2
2010-03-31,8.381,18.375,57,57
2010-04-01,8.691,14.54,57,57
2010-04-02,6.9,0.0,57,3
2010-04-03,5.823,,57,0
2010-04-04,7.956,,57,0
2010-04-05,11.47,0.138,57,8
2010-04-06,9.712,0.7,57,9
2010-04-07,6.535,1.18,57,5
2010-04-08,8.3,,57,0
2010-04-09,11.186,,57,0
2010-04-10,11.758,0.379,57,14
2010-04-11,12.075,0.921,57,24
2010-04-12,11.504,3.375,57,53
2010-04-13,6.616,2.052,57,46
2010-04-14,4.03,1.488,57,26
2010-04-15,5.83,0.217,57,6
2010-04-16,7.021,0.0,57,1
2010-04-17,8.414,,57,0
2010-04-18,10.646,0.229,57,24
2010-04-19,14.018,7.67,57,30
2010-04-20,15.311,0.6,57,18
2010-04-21,12.214,7.254,57,57
2010-04-22,9.533,12.242,57,57
2010-04-23,9.075,2.626,57,46
2010-04-24,10.1,0.1,57,1
2010-04-25,12.416,,57,0
2010-04-26,12.023,23.36,57,57
2010-04-27,9.895,5.709,57,54
2010-04-28,5.814,7.444,57,57
2010-04-29,9.828,1.164,57,28
2010-04-30,10.846,0.028,57,18
2010-05-01,12.061,,57,0
2010-05-02,16.56,,57,0
2010-05-03,19.77,0.25,57,4
2010-05-04,20.537,0.1,57,2
2010-05-05,20.161,0.3,57,30
2010-05-06,17.289,6.196,57,53
2010-05-07,16.298,,57,0
2010-05-08,16.93,,57,0
2010-05-09,18.007,,57,0
2010-05-10,16.437,0.235,57,37
2010-05-11,13.428,1.81,57,31
2010-05-12,13.488,0.025,57,4
2010-05-13,14.272,0.083,57,6
2010-05-14,15.723,,57,0
2010-05-15,15.791,0.0,57,1
2010-05-16,18.114,,57,0
2010-05-17,19.439,4.432,57,57
2010-05-18,17.823,51.093,57,57
2010-05-19,19.179,2.827,57,52
2010-05-20,20.312,,57,0
2010-05-21,21.488,,57,0
2010-05-22,17.677,21.658,57,57
2010-05-23,15.67,28.368,57,57
2010-05-24,14.76,6.366,57,50
2010-05-25,14.902,2.483,57,52
2010-05-26,15.939,0.515,57,27
2010-05-27,15.779,0.2,57,1
2010-05-28,15.356,,57,0
2010-05-29,17.207,0.0,57,1
2010-05-30,16.651,0.5,57,2
2010-05-31,15.853,0.825,57,8
2010-06-01,16.151,,57,0
2010-06-02,18.288,0.133,57,3
2010-06-03,20.265,0.0,57,2
2010-06-04,21.314,0.2,57,3
2010-06-05,21.768,3.112,57,8
2010-06-06,21.891,4.156,57,18
2010-06-07,21.495,3.127,57,11
2010-06-08,21.237,0.6,57,4
2010-06-09,22.356,,57,0
2010-06-10,22.549,,57,0
2010-06-11,22.246,1.05,57,20
2010-06-12,20.151,11.324,57,55
2010-06-13,22.579,5.508,57,37
2010-06-14,22.858,6.986,57,29
2010-06-15,22.861,3.443,57,42
2010-06-16,23.202,0.575,57,16
2010-06-17,24.332,0.043,57,7
2010-06-18,23.705,2.124,57,46
2010-06-19,22.746,3.008,57,49
2010-06-20,21.074,6.674,57,42
2010-06-21,22.858,0.0,57,5
2010-06-22,22.639,0.1,57,5
2010-06-23,22.184,,57,0
2010-06-24,22.886,,57,0
2010-06-25,23.623,1.13,57,40
2010-06-26,22.44,9.854,57,56
2010-06-27,22.526,3.991,57,56
2010-06-28,23.14,12.743,57,21
2010-06-29,24.06,0.713,57,16
2010-06-30,23.902,4.767,57,36
2010-07-01,24.674,10.396,57,24
2010-07-02,24.146,19.43,57,57
2010-07-03,24.581,6.133,57,57
2010-07-04,24.14,3.142,57,43
2010-07-05,25.172,1.82,57,35
2010-07-06,25.588,3.5,57,5
2010-07-07,24.33,3.635,57,23
2010-07-08,23.549,1.031,57,39
2010-07-09,24.263,2.321,57,39
2010-07-10,24.56,3.202,57,46
2010-07-11,21.711,59.807,57,57
2010-07-12,22.993,1.268,57,31
2010-07-13,23.096,13.461,57,33
2010-07-14,23.733,0.492,57,12
2010-07-15,24.367,3.372,57,32
2010-07-16,23.826,47.93,57,57
2010-07-17,24.814,37.153,57,57
2010-07-18,26.663,2.757,57,23
2010-07-19,26.918,3.762,57,16
2010-07-20,27.458,5.357,57,7
2010-07-21,27.542,3.035,57,40
2010-07-22,27.677,0.995,57,21
2010-07-23,25.826,26.967,57,49
2010-07-24,25.709,7.206,57,49
2010-07-25,25.77,6.76,57,47
2010-07-26,25.937,3.507,57,40
2010-07-27,26.507,7.585,57,20
2010-07-28,24.884,15.967,57,45
2010-07-29,26.354,0.8,57,31
2010-07-30,26.688,0.438,57,13
2010-07-31,27.44,0.0,57,2
2010-08-01,28.289,0.51,57,10
2010-08-02,26.895,8.036,57,42
2010-08-03,26.079,3.703,57,34
2010-08-04,28.128,6.539,57,23
2010-08-05,28.67,4.581,57,31
2010-08-06,27.605,12.463,57,52
2010-08-07,26.7,12.107,57,41
2010-08-08,26.819,7.947,57,15
2010-08-09,27.654,5.569,57,13
2010-08-10,25.995,34.386,57,57
2010-08-11,26.549,35.146,57,56
2010-08-12,25.895,4.153,57,40
2010-08-13,25.991,38.553,57,57
2010-08-14,26.856,17.215,57,55
2010-08-15,26.716,41.895,57,57
2010-08-16,24.932,25.685,57,53
2010-08-17,25.411,23.3,57,44
2010-08-18,26.418,20.728,57,36
2010-08-19,27.456,1.609,57,11
2010-08-20,27.949,3.056,57,9
2010-08-21,28.218,0.413,57,8
2010-08-22,28.302,2.8,57,10
2010-08-23,27.418,11.641,57,27
2010-08-24,26.121,12.961,57,36
2010-08-25,23.986,23.731,57,55
2010-08-26,25.153,13.4,57,43
2010-08-27,25.926,4.933,57,43
2010-08-28,26.033,11.02,57,46
2010-08-29,25.542,31.52,57,54
2010-08-30,25.649,4.669,57,55
2010-08-31,25.07,18.288,57,57
2010-09-01,26.426,11.414,57,50
2010-09-02,25.684,28.798,57,57
2010-09-03,26.474,6.444,57,32
2010-09-04,26.602,2.5,57,3
2010-09-05,26.27,18.093,57,44
2010-09-06,24.181,23.429,57,56
2010-09-07,23.577,28.105,57,43
2010-09-08,21.696,0.323,57,22
2010-09-09,22.198,15.353,57,43
2010-09-10,24.918,26.112,57,41
2010-09-11,23.856,46.588,57,57
2010-09-12,23.133,38.018,57,57
2010-09-13,22.446,0.994,57,16
2010-09-14,22.346,0.664,57,11
2010-09-15,21.921,2.1,57,14
2010-09-16,21.882,,57,0
2010-09-17,22.449,,57,0
2010-09-18,23.005,0.0,57,4
2010-09-19,21.335,9.505,57,39
2010-09-20,22.756,10.944,57,41
2010-09-21,24.398,44.627,57,44
2010-09-22,18.011,12.016,57,51
2010-09-23,17.256,0.695,57,20
2010-09-24,16.802,0.5,57,1
2010-09-25,16.818,0.575,57,4
2010-09-26,16.551,0.167,57,3
2010-09-27,17.011,5.6,57,5
2010-09-28,15.798,1.044,57,25
2010-09-29,13.456,,57,0
2010-09-30,14.223,,57,0
2010-10-01,15.154,,57,0
2010-10-02,17.27,11.781,57,57
2010-10-03,18.714,7.211,57,57
2010-10-04,15.189,3.244,57,43
2010-10-05,15.065,0.244,57,16
2010-10-06,15.349,,57,0
2010-10-07,16.428,2.0,57,1
2010-10-08,17.386,4.746,57,46
2010-10-09,17.774,1.579,57,33
2010-10-10,17.247,,57,0
2010-10-11,16.637,0.324,57,25
2010-10-12,16.819,0.211,57,9
2010-10-13,15.842,2.6,57,5
2010-10-14,15.468,0.275,57,8
2010-10-15,13.374,,57,0
2010-10-16,14.158,0.25,57,8
2010-10-17,14.274,2.5,57,1
2010-10-18,13.691,3.5,57,1
2010-10-19,14.588,,57,0
2010-10-20,14.819,,57,0
2010-10-21,15.123,5.392,57,12
2010-10-22,14.93,,57,0
2010-10-23,14.56,1.047,57,19
2010-10-24,15.756,12.874,57,34
2010-10-25,12.704,4.167,57,3
2010-10-26,4.742,0.0,57,1
2010-10-27,6.218,0.0,57,2
2010-10-28,6.979,,57,0
2010-10-29,8.619,0.1,57,1
2010-10-30,10.737,0.0,57,1
2010-10-31,10.791,1.967,57,15
2010-11-01,10.916,0.18,57,5
2010-11-02,7.451,0.0,57,1
2010-11-03,6.167,,57,0
2010-11-04,8.554,,57,0
2010-11-05,9.679,,57,0
2010-11-06,10.261,,57,0
2010-11-07,10.388,2.538,57,8
2010-11-08,8.884,2.193,57,43
2010-11-09,5.491,0.211,57,27
2010-11-10,5.021,0.0,57,1
2010-11-11,9.258,5.995,57,57
2010-11-12,9.654,1.23,57,20
2010-11-13,8.432,0.067,57,3
2010-11-14,8.784,0.0,57,2
2010-11-15,3.588,,57,0
2010-11-16,2.832,0.083,57,6
2010-11-17,4.774,0.086,57,7
2010-11-18,4.477,,57,0
2010-11-19,4.004,,57,0
2010-11-20,6.156,0.0,57,1
2010-11-21,8.872,0.0,57,1
2010-11-22,8.27,1.306,57,36
2010-11-23,5.114,0.167,57,3
2010-11-24,6.812,,57,0
2010-11-25,5.067,0.1,57,15
2010-11-26,-0.64,0.0,57,1
2010-11-27,2.539,1.802,57,49
2010-11-28,0.596,0.927,57,11
2010-11-29,4.088,1.603,57,31
2010-11-30,7.305,1.422,57,41
2010-12-01,6.667,,57,0
2010-12-02,7.614,1.708,57,40
2010-12-03,3.26,1.121,57,33
2010-12-04,2.818,,57,0
2010-12-05,7.147,0.0,57,2
2010-12-06,5.633,4.173,57,11
2010-12-07,0.27,2.35,57,6
2010-12-08,0.568,2.847,57,45
2010-12-09,-0.339,0.37,57,23
2010-12-10,3.26,0.892,57,36
2010-12-11,1.121,0.071,57,7
2010-12-12,-1.461,0.0,57,6
2010-12-13,2.93,11.711,57,53
2010-12-14,0.361,0.057,57,14
2010-12-15,-6.57,0.575,56,12
2010-12-16,-5.7,0.153,56,15
2010-12-17,-0.786,1.207,57,45
2010-12-18,0.125,,57,0
2010-12-19,4.907,0.193,57,14
2010-12-20,4.189,,57,0
2010-12-21,3.2,0.0,57,1
2010-12-22,3.268,,57,0
2010-12-23,1.339,0.0,57,2
2010-12-24,-7.46,0.05,57,12
2010-12-25,-7.72,1.667,55,15
2010-12-26,-6.059,1.672,56,32
2010-12-27,-2.086,0.895,57,37
2010-12-28,-0.016,4.235,57,55
2010-12-29,-2.998,0.475,57,20
2010-12-30,-3.405,3.577,57,52
2010-12-31,-6.828,2.573,57,11
2011-01-01,-5.452,3.514,56,7
2011-01-02,-4.228,0.42,57,5
2011-01-03,-3.87,3.596,57,23
2011-01-04,-2.73,0.077,57,13
2011-01-05,-1.414,0.112,57,25
2011-01-06,-4.979,0.306,57,16
2011-01-07,-6.38,0.0,55,1
2011-01-08,-3.479,0.075,57,16
2011-01-09,-3.495,0.023,57,26
2011-01-10,-7.34,0.0,57,1
2011-01-11,-4.274,0.717,57,36
2011-01-12,-5.802,0.138,57,26
2011-01-13,-6.407,,57,0
2011-01-14,-3.412,0.443,57,23
2011-01-15,-8.346,0.438,57,16
2011-01-16,-11.078,0.433,55,9
2011-01-17,-8.032,0.05,57,4
2011-01-18,-5.775,0.05,57,12
2011-01-19,-4.988,0.067,57,21
2011-01-20,-6.089,0.068,57,19
2011-01-21,-5.747,0.0,57,1
2011-01-22,-3.87,0.12,56,20
2011-01-23,-2.839,1.998,57,43
2011-01-24,-5.4,0.568,57,28
2011-01-25,-6.893,0.036,56,11
2011-01-26,-6.582,0.0,56,7
2011-01-27,-6.467,,57,0
2011-01-28,-5.037,,57,0
2011-01-29,-7.024,0.552,55,21
2011-01-30,-7.888,0.7,56,14
2011-01-31,-5.464,0.167,56,9
2011-02-01,-0.93,,57,0
2011-02-02,0.823,,57,0
2011-02-03,0.509,,57,0
2011-02-04,1.4,,57,0
2011-02-05,0.967,,57,0
2011-02-06,1.921,0.0,57,5
2011-02-07,1.398,,57,0
2011-02-08,2.061,1.767,57,30
2011-02-09,0.368,0.05,57,4
2011-02-10,-1.467,1.45,57,16
2011-02-11,-1.14,11.755,57,20
2011-02-12,-3.757,5.383,56,23
2011-02-13,-4.235,0.02,57,5
2011-02-14,-2.747,4.706,57,36
2011-02-15,-1.751,0.0,57,4
2011-02-16,0.461,1.497,57,36
2011-02-17,1.272,3.857,57,54
2011-02-18,0.791,0.167,57,3
2011-02-19,1.844,,57,0
2011-02-20,3.761,,57,0
2011-02-21,3.793,,57,0
2011-02-22,3.668,,57,0
2011-02-23,4.405,0.0,57,1
2011-02-24,6.902,,57,0
2011-02-25,4.328,,57,0
2011-02-26,4.907,0.286,57,7
2011-02-27,5.495,43.409,57,57
2011-02-28,4.514,3.611,57,56
2011-03-01,2.354,2.853,57,57
2011-03-02,-2.214,,57,0
2011-03-03,-1.312,0.0,57,3
2011-03-04,0.293,,57,0
2011-03-05,2.063,,57,0
2011-03-06,4.425,0.0,57,1
2011-03-07,3.16,0.0,57,2
2011-03-08,2.444,0.025,57,8
2011-03-09,1.539,0.0,57,2
2011-03-10,2.263,0.0,57,6
2011-03-11,4.498,0.0,57,1
2011-03-12,7.153,,57,0
2011-03-13,9.519,,57,0
2011-03-14,8.844,0.183,57,6
2011-03-15,3.804,0.0,57,9
2011-03-16,0.802,0.0,57,9
2011-03-17,1.723,0.0,57,4
2011-03-18,5.456,,57,0
2011-03-19,10.182,0.087,57,8
2011-03-20,6.519,15.426,57,57
2011-03-21,7.716,1.54,57,5
2011-03-22,3.351,2.363,57,8
2011-03-23,2.354,,57,0
2011-03-24,4.377,3.504,57,52
2011-03-25,2.674,0.703,57,30
2011-03-26,2.686,,57,0
2011-03-27,5.058,0.0,57,11
2011-03-28,5.881,1.295,57,19
2011-03-29,4.633,,57,0
2011-03-30,7.507,,57,0
2011-03-31,9.375,,57,0
2011-04-01,10.533,,57,0
2011-04-02,8.479,0.322,57,23
2011-04-03,7.032,3.659,57,34
2011-04-04,7.663,0.0,57,2
2011-04-05,8.942,,57,0
2011-04-06,10.747,1.087,57,31
2011-04-07,11.353,17.358,57,57
2011-04-08,11.495,4.551,57,41
2011-04-09,10.188,,57,0
2011-04-10,11.926,1.067,57,27
2011-04-11,9.789,3.969,57,39
2011-04-12,9.849,,57,0
2011-04-13,11.716,,57,0
2011-04-14,12.961,0.0,57,2
2011-04-15,15.87,0.141,57,17
2011-04-16,11.235,0.5,57,6
2011-04-17,11.067,0.133,57,3
2011-04-18,7.611,3.553,57,47
2011-04-19,8.798,3.891,57,11
2011-04-20,10.586,,57,0
2011-04-21,13.154,0.082,57,11
2011-04-22,10.304,26.535,57,57
2011-04-23,10.43,0.067,57,3
2011-04-24,9.993,1.105,57,22
2011-04-25,12.528,0.313,57,31
2011-04-26,10.042,11.965,57,57
2011-04-27,11.905,3.363,57,46
2011-04-28,9.86,1.815,57,26
2011-04-29,12.879,1.196,57,26
2011-04-30,14.567,41.254,57,57
2011-05-01,14.921,3.262,57,52
2011-05-02,15.089,,57,0
2011-05-03,15.712,0.0,57,3
2011-05-04,14.17,,57,0
2011-05-05,15.023,0.1,57,1
2011-05-06,14.754,1.947,57,32
2011-05-07,17.696,1.602,57,45
2011-05-08,18.268,0.0,57,1
2011-05-09,19.614,7.495,57,56
2011-05-10,18.218,45.877,57,57
2011-05-11,15.44,46.807,57,57
2011-05-12,14.912,3.346,57,52
2011-05-13,15.974,,57,0
2011-05-14,17.211,,57,0
2011-05-15,17.658,,57,0
2011-05-16,16.481,0.0,57,2
2011-05-17,15.861,,57,0
2011-05-18,18.668,0.0,57,1
2011-05-19,20.339,0.487,57,8
2011-05-20,19.893,5.157,57,42
2011-05-21,16.944,6.142,57,52
2011-05-22,16.746,2.488,57,32
2011-05-23,15.663,5.259,57,27
2011-05-24,17.961,,57,0
2011-05-25,18.87,0.0,57,1
2011-05-26,16.163,7.521,57,48
2011-05-27,16.511,1.588,57,26
2011-05-28,18.514,,57,0
2011-05-29,19.193,0.0,57,1
2011-05-30,18.881,0.0,57,2
2011-05-31,17.167,2.458,57,50
2011-06-01,17.186,13.4,57,54
2011-06-02,18.305,0.125,57,4
2011-06-03,19.451,0.0,57,2
2011-06-04,20.518,0.357,57,7
2011-06-05,21.211,0.2,57,2
2011-06-06,21.118,,57,0
2011-06-07,21.218,0.036,57,11
2011-06-08,21.925,2.218,57,11
2011-06-09,20.947,0.953,57,15
2011-06-10,20.986,3.969,57,29
2011-06-11,22.758,2.933,57,15
2011-06-12,22.111,2.006,57,18
2011-06-13,20.533,1.617,57,18
2011-06-14,21.3,0.05,57,2
2011-06-15,21.737,1.883,57,6
2011-06-16,22.439,,57,0
2011-06-17,21.916,0.175,57,24
2011-06-18,22.272,2.35,57,32
2011-06-19,23.053,,57,0
2011-06-20,23.2,2.318,57,17
2011-06-21,24.626,0.533,57,3
2011-06-22,23.533,21.849,57,55
2011-06-23,24.891,26.065,57,54
2011-06-24,21.565,64.602,57,56
2011-06-25,19.211,53.202,57,57
2011-06-26,20.24,46.719,57,57
2011-06-27,21.453,6.361,57,31
2011-06-28,23.693,4.009,57,46
2011-06-29,24.489,42.477,57,47
2011-06-30,24.518,19.185,57,55
2011-07-01,25.104,1.528,57,36
2011-07-02,25.923,3.992,57,24
2011-07-03,23.932,57.609,57,57
2011-07-04,24.081,10.961,57,36
2011-07-05,23.918,,57,0
2011-07-06,22.689,3.438,57,32
2011-07-07,22.965,23.072,57,57
2011-07-08,24.077,28.733,57,52
2011-07-09,23.105,73.754,57,57
2011-07-10,22.768,66.546,57,56
2011-07-11,22.83,24.371,57,51
2011-07-12,23.609,33.187,57,53
2011-07-13,24.546,10.491,57,56
2011-07-14,22.94,19.381,57,57
2011-07-15,23.728,9.15,57,50
2011-07-16,25.912,15.986,57,35
2011-07-17,26.309,8.06,57,20
2011-07-18,26.87,0.583,57,6
2011-07-19,27.198,7.7,57,11
2011-07-20,26.335,0.967,57,9
2011-07-21,24.212,8.369,57,16
2011-07-22,22.912,6.529,57,31
2011-07-23,24.491,2.767,57,40
2011-07-24,23.575,15.565,57,54
2011-07-25,24.398,11.793,57,30
2011-07-26,25.73,20.821,57,48
2011-07-27,25.712,64.67,57,56
2011-07-28,26.56,17.463,57,43
2011-07-29,26.612,7.925,57,52
2011-07-30,26.102,10.556,57,36
2011-07-31,25.439,15.821,57,48
2011-08-01,24.984,28.316,57,57
2011-08-02,25.186,20.048,57,42
2011-08-03,26.053,14.639,57,44
2011-08-04,26.67,7.83,57,23
2011-08-05,27.63,4.333,57,3
2011-08-06,27.086,2.914,57,43
2011-08-07,27.33,24.448,57,48
2011-08-08,26.421,31.158,57,57
2011-08-09,24.714,43.073,57,55
2011-08-10,25.77,16.854,57,46
2011-08-11,26.746,10.026,57,34
2011-08-12,25.923,20.513,57,45
2011-08-13,25.809,8.385,57,54
2011-08-14,25.839,6.022,57,51
2011-08-15,25.868,5.22,57,15
2011-08-16,26.3,22.508,57,37
2011-08-17,25.063,29.952,57,50
2011-08-18,24.509,8.61,57,51
2011-08-19,22.621,4.727,57,44
2011-08-20,20.881,12.139,57,49
2011-08-21,22.319,8.289,57,18
2011-08-22,21.332,3.0,57,30
2011-08-23,21.412,4.948,57,21
2011-08-24,19.909,2.45,57,42
2011-08-25,23.079,0.632,57,34
2011-08-26,23.728,0.369,57,32
2011-08-27,24.723,2.15,57,18
2011-08-28,25.091,0.5,57,1
2011-08-29,25.735,14.75,57,6
2011-08-30,25.551,3.778,57,23
2011-08-31,23.656,,57,0
2011-09-01,25.475,,57,0
2011-09-02,24.849,3.85,57,10
2011-09-03,24.239,3.02,57,10
2011-09-04,22.87,8.414,57,14
2011-09-05,22.068,5.845,57,22
2011-09-06,21.377,1.1,57,4
2011-09-07,20.963,,57,0
2011-09-08,21.361,0.2,57,37
2011-09-09,20.232,1.939,57,49
2011-09-10,19.363,18.863,57,51
2011-09-11,21.223,28.546,57,56
2011-09-12,23.468,5.649,57,49
2011-09-13,24.307,0.554,57,13
2011-09-14,24.721,0.0,57,1
2011-09-15,24.528,,57,0
2011-09-16,24.853,0.0,57,1
2011-09-17,24.395,14.035,57,26
2011-09-18,21.216,5.362,57,37
2011-09-19,17.468,0.871,57,48
2011-09-20,16.889,0.42,57,10
2011-09-21,16.832,0.5,57,1
2011-09-22,16.102,,57,0
2011-09-23,16.993,,57,0
2011-09-24,17.593,,57,0
2011-09-25,17.83,,57,0
2011-09-26,17.816,,57,0
2011-09-27,17.777,,57,0
2011-09-28,17.846,0.0,57,2
2011-09-29,17.377,13.0,57,57
2011-09-30,16.493,0.55,57,18
2011-10-01,12.835,0.65,57,2
2011-10-02,12.172,,57,0
2011-10-03,11.751,,57,0
2011-10-04,13.396,,57,0
2011-10-05,15.123,0.0,57,1
2011-10-06,14.874,,57,0
2011-10-07,13.551,,57,0
2011-10-08,13.926,,57,0
2011-10-09,14.87,,57,0
2011-10-10,15.968,,57,0
2011-10-11,15.514,,57,0
2011-10-12,14.433,0.0,57,2
2011-10-13,16.114,0.025,57,4
2011-10-14,13.905,8.807,57,57
2011-10-15,15.216,6.849,57,55
2011-10-16,13.042,0.994,57,32
2011-10-17,12.382,,57,0
2011-10-18,9.196,,57,0
2011-10-19,11.802,,57,0
2011-10-20,14.395,,57,0
2011-10-21,15.353,12.384,57,44
2011-10-22,14.653,28.156,57,52
2011-10-23,14.207,0.133,57,18
2011-10-24,13.793,1.662,57,50
2011-10-25,7.986,,57,0
2011-10-26,7.479,,57,0
2011-10-27,10.377,,57,0
2011-10-28,12.535,0.0,57,1
2011-10-29,12.802,3.437,57,46
2011-10-30,13.637,1.048,57,21
2011-10-31,12.644,,57,0
2011-11-01,14.332,0.3,57,1
2011-11-02,15.711,0.8,57,12
2011-11-03,16.586,,57,0
2011-11-04,18.305,3.728,57,36
2011-11-05,18.714,18.605,57,56
2011-11-06,15.719,10.968,57,56
2011-11-07,15.07,0.77,57,20
2011-11-08,13.918,2.323,57,26
2011-11-09,13.277,1.323,57,35
2011-11-10,12.83,0.288,57,17
2011-11-11,11.939,2.085,57,48
2011-11-12,11.282,,57,0
2011-11-13,11.209,0.0,57,1
2011-11-14,7.34,,57,0
2011-11-15,6.354,,57,0
2011-11-16,8.53,,57,0
2011-11-17,11.307,1.312,57,40
2011-11-18,14.158,15.532,57,57
2011-11-19,12.951,5.017,57,53
2011-11-20,3.323,0.0,57,2
2011-11-21,1.977,,57,0
2011-11-22,4.458,0.344,57,25
2011-11-23,4.953,5.945,57,56
2011-11-24,1.27,,57,0
2011-11-25,2.323,0.0,57,5
2011-11-26,5.358,0.025,57,4
2011-11-27,10.289,0.794,57,16
2011-11-28,11.66,0.96,57,20
2011-11-29,11.275,5.427,57,26
2011-11-30,7.307,30.579,57,57
2011-12-01,5.604,1.819,57,37
2011-12-02,6.063,2.461,57,46
2011-12-03,5.747,7.509,57,56
2011-12-04,4.196,0.0,57,1
2011-12-05,2.088,,57,0
2011-12-06,3.958,0.388,57,25
2011-12-07,5.144,0.05,57,2
2011-12-08,2.775,3.696,57,27
2011-12-09,-1.04,2.815,57,27
2011-12-10,-1.189,1.276,57,21
2011-12-11,2.907,0.077,57,13
2011-12-12,3.842,0.02,57,5
2011-12-13,1.581,,57,0
2011-12-14,3.24,0.092,57,12
2011-12-15,-0.496,0.067,57,6
2011-12-16,-4.333,1.353,57,17
2011-12-17,-4.136,0.0,56,8
2011-12-18,-1.195,0.085,57,13
2011-12-19,-1.833,,57,0
2011-12-20,-0.989,0.0,57,2
2011-12-21,1.809,0.281,57,27
2011-12-22,-2.216,0.146,57,28
2011-12-23,-5.004,1.162,56,13
2011-12-24,-3.589,1.29,57,39
2011-12-25,-4.746,0.7,57,7
2011-12-26,-5.496,0.2,57,2
2011-12-27,-4.096,,57,0
2011-12-28,-1.1,0.273,57,15
2011-12-29,-0.16,0.625,57,24
2011-12-30,-2.695,0.567,57,3
2011-12-31,-1.879,,57,0
2012-01-01,-1.033,0.619,57,42
2012-01-02,-3.565,0.375,57,4
2012-01-03,-2.623,0.895,57,44
2012-01-04,-4.625,1.396,57,26
2012-01-05,-4.916,0.0,57,6
2012-01-06,-3.286,0.013,57,8
2012-01-07,-4.043,,56,0
2012-01-08,-2.447,,57,0
2012-01-09,-0.407,0.0,57,3
2012-01-10,-0.684,,57,0
2012-01-11,-3.632,0.033,57,6
2012-01-12,-4.114,0.056,57,16
2012-01-13,-0.821,0.019,57,16
2012-01-14,-1.735,,57,0
2012-01-15,-1.312,,57,0
2012-01-16,0.702,4.236,57,22
2012-01-17,2.351,0.554,57,26
2012-01-18,1.896,1.386,57,22
2012-01-19,4.44,5.544,57,54
2012-01-20,5.57,1.745,57,44
2012-01-21,3.518,1.518,57,51
2012-01-22,-1.998,0.04,57,10
2012-01-23,-6.932,0.044,57,9
2012-01-24,-6.475,0.638,57,16
2012-01-25,-6.421,1.277,56,30
2012-01-26,-3.935,0.196,57,24
2012-01-27,-0.504,0.216,57,32
2012-01-28,-0.358,,57,0
2012-01-29,-1.582,,57,0
2012-01-30,-3.444,,57,0
2012-01-31,-3.005,4.052,57,54
2012-02-01,-7.254,0.37,57,33
2012-02-02,-10.982,0.775,56,8
2012-02-03,-7.937,0.1,57,16
2012-02-04,-2.549,0.183,57,30
2012-02-05,-1.177,0.0,57,5
2012-02-06,0.567,1.617,57,30
2012-02-07,-4.137,0.05,57,22
2012-02-08,-6.877,1.242,57,19
2012-02-09,-3.633,0.441,57,29
2012-02-10,-2.002,0.0,57,3
2012-02-11,-2.951,0.0,57,1
2012-02-12,-0.46,0.0,57,3
2012-02-13,2.0,1.138,57,13
2012-02-14,2.961,4.926,57,23
2012-02-15,1.689,0.5,57,2
2012-02-16,-0.204,0.017,57,6
2012-02-17,-4.002,0.429,56,14
2012-02-18,-5.293,0.245,57,11
2012-02-19,-3.854,0.21,57,10
2012-02-20,-1.102,,57,0
2012-02-21,0.449,1.06,57,20
2012-02-22,3.735,0.0,57,1
2012-02-23,5.389,0.1,57,20
2012-02-24,4.075,0.452,57,27
2012-02-25,2.035,1.532,57,38
2012-02-26,-0.472,3.462,57,8
2012-02-27,-0.809,0.1,57,2
2012-02-28,1.067,1.3,57,16
2012-02-29,4.198,0.64,57,5
2012-03-01,6.926,0.0,57,1
2012-03-02,5.446,1.777,57,57
2012-03-03,5.688,2.4,57,11
2012-03-04,5.146,3.531,57,55
2012-03-05,4.842,15.211,57,57
2012-03-06,4.519,3.974,57,57
2012-03-07,4.186,,57,0
2012-03-08,3.388,,57,0
2012-03-09,3.661,3.257,57,7
2012-03-10,4.253,0.393,57,15
2012-03-11,-0.086,0.068,57,22
2012-03-12,-0.8,0.0,57,1
2012-03-13,1.146,,57,0
2012-03-14,4.019,0.1,57,12
2012-03-15,5.528,,57,0
2012-03-16,6.833,4.891,57,56
2012-03-17,9.163,2.351,57,57
2012-03-18,7.181,2.097,57,33
2012-03-19,3.577,0.2,57,8
2012-03-20,1.795,,57,0
2012-03-21,4.893,,57,0
2012-03-22,6.44,7.9,57,44
2012-03-23,5.584,18.786,57,57
2012-03-24,4.274,1.781,57,47
2012-03-25,3.947,0.0,57,1
2012-03-26,4.116,,57,0
2012-03-27,7.672,,57,0
2012-03-28,9.286,,57,0
2012-03-29,11.433,0.983,57,35
2012-03-30,11.695,21.358,57,53
2012-03-31,6.607,0.219,57,21
2012-04-01,5.126,,57,0
2012-04-02,9.665,7.033,57,52
2012-04-03,6.296,26.468,57,57
2012-04-04,8.27,0.0,57,1
2012-04-05,7.765,0.025,57,4
2012-04-06,5.853,0.133,57,9
2012-04-07,6.34,,57,0
2012-04-08,12.904,0.0,57,2
2012-04-09,15.767,0.067,57,9
2012-04-10,13.442,4.533,57,57
2012-04-11,12.451,2.514,57,57
2012-04-12,10.523,0.0,57,4
2012-04-13,10.33,0.928,57,36
2012-04-14,12.477,,57,0
2012-04-15,14.579,,57,0
2012-04-16,12.974,0.0,57,2
2012-04-17,11.781,,57,0
2012-04-18,13.289,,57,0
2012-04-19,13.528,1.708,57,36
2012-04-20,14.732,1.038,57,37
2012-04-21,12.26,51.895,57,57
2012-04-22,12.233,4.63,57,57
2012-04-23,15.339,0.782,57,11
2012-04-24,18.877,,57,0
2012-04-25,14.593,23.316,57,57
2012-04-26,12.868,0.916,57,32
2012-04-27,14.368,,57,0
2012-04-28,16.833,,57,0
2012-04-29,16.621,0.0,57,1
2012-04-30,18.618,1.39,57,10
2012-05-01,18.863,8.696,57,24
2012-05-02,18.842,1.815,57,39
2012-05-03,17.1,3.042,57,33
2012-05-04,16.604,0.62,57,5
2012-05-05,19.321,0.156,57,16
2012-05-06,17.419,0.175,57,4
2012-05-07,18.049,,57,0
2012-05-08,18.618,1.845,57,29
2012-05-09,18.046,0.8,57,5
2012-05-10,15.628,1.057,57,7
2012-05-11,14.247,0.786,57,7
2012-05-12,15.442,,57,0
2012-05-13,16.86,0.006,57,18
2012-05-14,15.258,18.412,57,57
2012-05-15,15.225,0.874,57,43
2012-05-16,17.104,0.294,57,16
2012-05-17,13.656,2.237,57,41
2012-05-18,16.474,,57,0
2012-05-19,17.621,,57,0
2012-05-20,18.909,,57,0
2012-05-21,19.146,,57,0
2012-05-22,19.819,,57,0
2012-05-23,20.418,,57,0
2012-05-24,19.537,0.681,57,21
2012-05-25,19.763,1.031,57,13
2012-05-26,19.305,0.0,57,1
2012-05-27,19.942,1.442,57,19
2012-05-28,19.323,3.404,57,28
2012-05-29,20.218,0.591,57,11
2012-05-30,18.239,4.645,57,56
2012-05-31,19.214,2.858,57,31
2012-06-01,19.472,0.3,57,3
2012-06-02,19.961,4.61,57,21
2012-06-03,20.718,1.96,57,5
2012-06-04,21.547,1.3,57,7
2012-06-05,22.911,0.15,57,10
2012-06-06,22.482,0.1,57,2
2012-06-07,22.5,0.838,57,8
2012-06-08,19.951,8.869,57,51
2012-06-09,21.361,0.188,57,8
2012-06-10,22.089,4.583,57,12
2012-06-11,21.44,2.029,57,24
2012-06-12,21.709,3.752,57,33
2012-06-13,21.114,2.92,57,25
2012-06-14,21.221,0.14,57,5
2012-06-15,20.154,7.819,57,36
2012-06-16,22.0,0.807,57,29
2012-06-17,23.04,,57,0
2012-06-18,22.179,6.775,57,20
2012-06-19,22.64,10.275,57,36
2012-06-20,22.437,1.829,57,14
2012-06-21,23.339,9.8,57,4
2012-06-22,20.888,0.767,57,12
2012-06-23,23.73,6.109,57,11
2012-06-24,23.135,1.756,57,9
2012-06-25,22.281,1.125,57,8
2012-06-26,21.361,2.35,57,14
2012-06-27,21.042,1.027,57,15
2012-06-28,22.588,0.15,57,4
2012-06-29,23.604,4.113,57,47
2012-06-30,23.03,41.07,57,57
2012-07-01,23.265,1.167,57,21
2012-07-02,23.846,0.467,57,6
2012-07-03,24.472,3.05,57,20
2012-07-04,25.368,0.927,57,15
2012-07-05,23.556,24.212,57,57
2012-07-06,22.832,74.137,57,57
2012-07-07,22.798,3.04,57,40
2012-07-08,23.837,,57,0
2012-07-09,24.782,9.5,57,2
2012-07-10,23.893,5.447,57,51
2012-07-11,23.94,35.791,57,57
2012-07-12,24.712,1.995,57,20
2012-07-13,24.54,26.032,57,57
2012-07-14,22.991,24.156,57,57
2012-07-15,22.005,55.735,57,57
2012-07-16,22.7,0.874,57,46
2012-07-17,23.358,6.396,57,50
2012-07-18,25.296,9.033,57,57
2012-07-19,25.337,30.704,57,57
2012-07-20,25.837,0.45,57,20
2012-07-21,25.844,0.522,57,9
2012-07-22,25.4,6.979,57,38
2012-07-23,24.826,3.092,57,12
2012-07-24,27.791,0.083,57,6
2012-07-25,27.698,0.7,57,2
2012-07-26,27.656,,57,0
2012-07-27,27.76,0.0,57,1
2012-07-28,27.881,,57,0
2012-07-29,28.425,0.0,57,4
2012-07-30,28.511,4.986,57,14
2012-07-31,28.686,1.525,57,4
2012-08-01,29.105,,57,0
2012-08-02,28.616,1.663,57,8
2012-08-03,28.616,0.067,57,3
2012-08-04,28.57,,57,0
2012-08-05,28.954,,57,0
2012-08-06,28.747,8.844,57,9
2012-08-07,27.902,3.167,57,3
2012-08-08,26.721,0.15,57,2
2012-08-09,26.975,0.727,57,22
2012-08-10,25.1,8.091,57,53
2012-08-11,26.623,1.37,57,27
2012-08-12,25.772,31.687,57,53
2012-08-13,25.028,39.798,57,57
2012-08-14,25.121,5.468,57,44
2012-08-15,26.051,48.396,57,55
2012-08-16,25.121,25.624,57,49
2012-08-17,26.505,4.961,57,46
2012-08-18,27.242,4.591,57,47
2012-08-19,25.637,5.348,57,33
2012-08-20,26.405,20.78,57,51
2012-08-21,26.344,20.896,57,50
2012-08-22,23.232,32.198,57,57
2012-08-23,21.902,35.181,57,54
2012-08-24,22.065,29.936,57,55
2012-08-25,23.074,5.79,57,42
2012-08-26,26.682,0.583,57,12
2012-08-27,24.57,2.324,57,17
2012-08-28,25.832,28.802,57,57
2012-08-29,25.914,2.224,57,41
2012-08-30,21.861,67.889,57,57
2012-08-31,22.158,3.368,57,28
2012-09-01,22.544,0.923,57,31
2012-09-02,23.074,1.079,57,14
2012-09-03,23.511,0.571,57,7
2012-09-04,22.693,29.317,57,54
2012-09-05,22.451,10.654,57,57
2012-09-06,20.298,,57,0
2012-09-07,19.351,10.593,57,41
2012-09-08,21.526,36.36,57,57
2012-09-09,19.689,8.203,57,37
2012-09-10,20.675,13.411,57,35
2012-09-11,20.456,0.0,57,1
2012-09-12,20.635,0.1,57,17
2012-09-13,20.909,7.893,57,54
2012-09-14,19.526,4.554,57,57
2012-09-15,19.435,4.871,57,35
2012-09-16,18.516,41.889,57,57
2012-09-17,18.551,90.13,57,57
2012-09-18,20.375,0.4,57,17
2012-09-19,19.27,1.238,57,13
2012-09-20,18.482,0.05,57,6
2012-09-21,18.261,0.0,57,2
2012-09-22,18.772,2.0,57,3
2012-09-23,18.805,,57,0
2012-09-24,18.584,,57,0
2012-09-25,18.763,,57,0
2012-09-26,18.344,,57,0
2012-09-27,18.337,,57,0
2012-09-28,18.226,2.741,57,34
2012-09-29,16.084,0.271,57,17
2012-09-30,15.332,0.0,57,1
2012-10-01,16.226,0.733,57,3
2012-10-02,16.884,0.0,57,1
2012-10-03,16.863,,57,0
2012-10-04,16.574,,57,0
2012-10-05,16.925,,57,0
2012-10-06,17.486,0.415,57,13
2012-10-07,16.193,0.0,57,1
2012-10-08,15.077,,57,0
2012-10-09,14.679,,57,0
2012-10-10,14.819,2.4,57,33
2012-10-11,13.011,0.075,57,4
2012-10-12,12.867,,57,0
2012-10-13,13.991,,57,0
2012-10-14,14.732,0.0,57,1
2012-10-15,12.933,,57,0
2012-10-16,15.091,0.019,57,16
2012-10-17,13.158,2.335,57,48
2012-10-18,9.884,,57,0
2012-10-19,11.846,,57,0
2012-10-20,13.084,1.733,57,3
2012-10-21,15.247,,57,0
2012-10-22,14.026,27.858,57,57
2012-10-23,10.514,0.025,57,4
2012-10-24,11.182,0.0,57,2
2012-10-25,12.598,1.243,57,7
2012-10-26,13.821,0.0,57,1
2012-10-27,14.254,25.612,57,57
2012-10-28,15.028,0.224,57,17
2012-10-29,11.412,0.05,57,4
2012-10-30,9.87,0.729,57,17
2012-10-31,7.647,0.759,57,27
2012-11-01,6.623,0.188,57,17
2012-11-02,5.553,,57,0
2012-11-03,7.418,,57,0
2012-11-04,10.349,5.298,57,57
2012-11-05,10.147,3.878,57,46
2012-11-06,8.74,4.938,57,52
2012-11-07,9.137,,57,0
2012-11-08,9.221,,57,0
2012-11-09,9.167,0.1,57,4
2012-11-10,11.554,3.195,57,40
2012-11-11,10.225,19.019,57,57
2012-11-12,8.965,2.49,57,30
2012-11-13,6.814,3.668,57,44
2012-11-14,4.144,1.381,57,26
2012-11-15,4.211,0.375,57,4
2012-11-16,5.274,5.653,57,57
2012-11-17,6.951,3.826,57,54
2012-11-18,3.861,,57,0
2012-11-19,4.632,1.995,57,37
2012-11-20,2.542,,57,0
2012-11-21,3.067,,57,0
2012-11-22,5.488,0.075,57,8
2012-11-23,5.663,3.171,57,7
2012-11-24,2.737,0.667,57,3
2012-11-25,2.986,1.234,57,50
2012-11-26,3.258,3.04,57,55
2012-11-27,1.149,0.0,57,2
2012-11-28,5.537,1.673,57,33
2012-11-29,2.286,,57,0
2012-11-30,2.0,0.258,57,19
2012-12-01,0.461,0.882,57,11
2012-12-02,2.504,0.779,57,33
2012-12-03,2.609,3.969,57,49
2012-12-04,-0.484,0.167,57,21
2012-12-05,-0.632,7.016,57,57
2012-12-06,-4.589,0.942,57,31
2012-12-07,-2.855,3.602,56,55
2012-12-08,-4.798,1.61,57,30
2012-12-09,-7.089,0.93,57,23
2012-12-10,-6.318,0.0,56,2
2012-12-11,-5.433,0.0,57,1
2012-12-12,-4.858,0.0,57,1
2012-12-13,-2.326,,57,0
2012-12-14,2.411,25.447,57,57
2012-12-15,4.772,0.675,57,40
2012-12-16,2.7,,57,0
2012-12-17,2.095,0.0,57,3
2012-12-18,-3.361,0.1,57,7
2012-12-19,-4.824,0.0,55,4
2012-12-20,-2.579,,57,0
2012-12-21,0.2,6.892,57,53
2012-12-22,-0.407,0.0,57,1
2012-12-23,-5.489,0.982,57,17
2012-12-24,-7.384,0.205,57,21
2012-12-25,-4.904,0.482,57,34
2012-12-26,-8.802,,57,0
2012-12-27,-4.818,0.0,56,1
2012-12-28,-1.186,7.404,57,54
2012-12-29,0.258,2.102,57,57
2012-12-30,-4.07,1.51,56,51
2012-12-31,-6.972,0.812,57,8
2013-01-01,-3.85,2.749,56,47
2013-01-02,-6.849,0.655,57,40
2013-01-03,-10.777,0.067,57,6
2013-01-04,-10.271,,55,0
2013-01-05,-6.905,0.08,56,5
2013-01-06,-5.028,0.0,57,1
2013-01-07,-4.754,,56,0
2013-01-08,-3.995,,57,0
2013-01-09,-6.266,0.06,56,5
2013-01-10,-7.675,0.1,56,1
2013-01-11,-4.918,0.0,57,2
2013-01-12,-0.27,0.447,57,15
2013-01-13,-1.3,,57,0
2013-01-14,-1.444,1.333,57,3
2013-01-15,-2.413,0.225,56,4
2013-01-16,-1.304,0.269,57,29
2013-01-17,-3.381,4.214,57,22
2013-01-18,-4.196,,57,0
2013-01-19,-0.898,0.0,57,3
2013-01-20,0.73,0.11,57,10
2013-01-21,3.214,19.802,57,57
2013-01-22,3.247,2.392,57,52
2013-01-23,2.156,1.195,57,56
2013-01-24,0.435,0.579,57,39
2013-01-25,-5.33,0.0,57,7
2013-01-26,-6.237,0.071,57,7
2013-01-27,-5.819,0.072,57,18
2013-01-28,-2.48,0.0,56,3
2013-01-29,1.784,0.075,57,8
2013-01-30,3.702,0.5,57,1
2013-01-31,5.826,0.508,57,24
2013-02-01,8.04,30.407,57,57
2013-02-02,2.682,,57,0
2013-02-03,-0.804,3.023,57,56
2013-02-04,1.418,4.588,57,57
2013-02-05,-0.007,3.496,57,57
2013-02-06,0.744,2.263,57,56
2013-02-07,-6.707,0.11,55,31
2013-02-08,-8.9,0.033,56,6
2013-02-09,-5.818,0.0,57,3
2013-02-10,-2.36,0.259,57,17
2013-02-11,-3.393,,57,0
2013-02-12,-2.16,0.346,57,39
2013-02-13,-1.539,0.0,57,3
2013-02-14,1.586,,57,0
2013-02-15,0.918,0.55,57,2
2013-02-16,-2.191,,57,0
2013-02-17,1.591,1.389,57,38
2013-02-18,2.546,3.014,57,35
2013-02-19,-0.458,2.62,57,10
2013-02-20,-2.47,,57,0
2013-02-21,-0.712,0.0,57,10
2013-02-22,1.044,1.1,57,41
2013-02-23,-0.393,,57,0
2013-02-24,1.256,,57,0
2013-02-25,2.458,,57,0
2013-02-26,4.451,0.04,57,15
2013-02-27,5.747,,57,0
2013-02-28,7.498,0.225,57,12
2013-03-01,3.995,4.66,57,55
2013-03-02,0.037,,57,0
2013-03-03,0.909,,57,0
2013-03-04,2.9,0.0,57,2
2013-03-05,4.289,,57,0
2013-03-06,7.547,,57,0
2013-03-07,8.875,1.09,57,52
2013-03-08,9.374,,57,0
2013-03-09,13.218,,57,0
2013-03-10,5.702,,57,0
2013-03-11,4.184,,57,0
2013-03-12,8.677,2.135,57,43
2013-03-13,6.363,16.984,57,57
2013-03-14,4.056,0.192,57,12
2013-03-15,5.526,,57,0
2013-03-16,7.272,,57,0
2013-03-17,8.646,12.137,57,57
2013-03-18,10.147,17.553,57,57
2013-03-19,10.411,0.125,57,4
2013-03-20,5.272,2.867,57,48
2013-03-21,2.221,0.0,57,1
2013-03-22,4.981,0.0,57,6
2013-03-23,6.404,0.2,57,1
2013-03-24,6.226,0.175,57,4
2013-03-25,3.57,7.333,57,6
2013-03-26,4.668,,57,0
2013-03-27,8.621,0.067,57,3
2013-03-28,9.491,0.083,57,6
2013-03-29,6.853,,57,0
2013-03-30,6.14,0.544,57,34
2013-03-31,6.965,0.8,57,44
2013-04-01,8.911,0.46,57,5
2013-04-02,7.198,2.131,57,42
2013-04-03,9.684,,57,0
2013-04-04,11.596,,57,0
2013-04-05,12.861,0.5,57,6
2013-04-06,8.288,23.528,57,57
2013-04-07,4.886,1.885,57,48
2013-04-08,8.249,0.629,57,14
2013-04-09,7.786,0.597,57,29
2013-04-10,5.102,0.181,57,26
2013-04-11,6.488,0.887,57,38
2013-04-12,6.4,,57,0
2013-04-13,11.547,,57,0
2013-04-14,10.958,2.104,57,56
2013-04-15,7.323,0.0,57,7
2013-04-16,15.291,0.22,57,10
2013-04-17,11.767,0.658,57,31
2013-04-18,11.519,0.167,57,12
2013-04-19,9.06,,57,0
2013-04-20,5.456,9.977,57,57
2013-04-21,8.433,0.15,57,2
2013-04-22,11.047,,57,0
2013-04-23,10.465,21.396,57,56
2013-04-24,13.523,1.795,57,57
2013-04-25,10.47,3.067,57,49
2013-04-26,11.004,1.326,57,23
2013-04-27,11.011,4.106,57,18
2013-04-28,14.788,0.0,57,2
2013-04-29,14.228,9.111,57,56
2013-04-30,12.795,1.625,57,4
2013-05-01,11.304,0.953,57,15
2013-05-02,9.468,2.31,57,31
2013-05-03,12.104,1.532,57,37
2013-05-04,13.66,0.263,57,16
2013-05-05,15.295,,57,0
2013-05-06,16.396,,57,0
2013-05-07,16.074,,57,0
2013-05-08,17.556,,57,0
2013-05-09,17.779,3.04,57,55
2013-05-10,15.477,15.851,57,57
2013-05-11,17.93,0.1,57,1
2013-05-12,20.068,0.713,57,8
2013-05-13,20.225,0.5,57,1
2013-05-14,18.949,0.033,57,3
2013-05-15,18.625,0.0,57,5
2013-05-16,17.684,0.1,57,1
2013-05-17,16.809,,57,0
2013-05-18,17.533,3.769,57,54
2013-05-19,16.307,25.225,57,57
2013-05-20,16.575,0.04,57,5
2013-05-21,17.6,,57,0
2013-05-22,19.512,,57,0
2013-05-23,20.549,,57,0
2013-05-24,21.537,,57,0
2013-05-25,21.607,,57,0
2013-05-26,21.86,0.1,57,4
2013-05-27,19.274,42.74,57,57
2013-05-28,19.323,29.021,57,57
2013-05-29,18.2,0.888,57,33
2013-05-30,19.489,0.0,57,1
2013-05-31,19.375,,57,0
2013-06-01,19.467,0.125,57,4
2013-06-02,19.842,,57,0
2013-06-03,20.084,,57,0
2013-06-04,21.742,0.2,57,5
2013-06-05,22.296,0.95,57,6
2013-06-06,22.135,2.006,57,16
2013-06-07,22.254,4.05,57,6
2013-06-08,22.118,0.0,57,1
2013-06-09,22.296,0.075,57,4
2013-06-10,22.502,0.0,57,1
2013-06-11,20.782,5.502,57,57
2013-06-12,20.574,3.474,57,57
2013-06-13,22.182,0.238,57,21
2013-06-14,22.214,1.923,57,39
2013-06-15,23.856,0.4,57,18
2013-06-16,23.974,,57,0
2013-06-17,23.674,1.889,57,28
2013-06-18,22.393,50.093,57,57
2013-06-19,23.242,20.674,57,54
2013-06-20,24.314,0.1,57,2
2013-06-21,23.581,1.9,57,27
2013-06-22,23.035,1.762,57,37
2013-06-23,21.472,2.609,57,56
2013-06-24,22.649,0.633,57,9
2013-06-25,22.579,7.107,57,46
2013-06-26,23.061,5.986,57,51
2013-06-27,23.16,11.062,57,26
2013-06-28,23.421,3.603,57,29
2013-06-29,24.263,4.914,57,7
2013-06-30,24.935,3.14,57,5
2013-07-01,25.26,0.3,57,1
2013-07-02,25.382,13.174,57,57
2013-07-03,25.479,19.735,57,46
2013-07-04,24.981,21.872,57,57
2013-07-05,23.53,55.068,57,57
2013-07-06,24.995,0.15,57,8
2013-07-07,24.251,15.467,57,55
2013-07-08,25.816,22.475,57,40
2013-07-09,26.735,2.606,57,36
2013-07-10,26.84,8.972,57,18
2013-07-11,26.6,16.73,57,20
2013-07-12,25.709,16.352,57,25
2013-07-13,25.94,22.148,57,52
2013-07-14,25.581,30.869,57,52
2013-07-15,25.646,24.562,57,42
2013-07-16,27.033,2.3,57,11
2013-07-17,26.004,13.516,57,38
2013-07-18,26.016,10.892,57,25
2013-07-19,26.372,2.392,57,12
2013-07-20,27.16,4.495,57,20
2013-07-21,26.94,3.44,57,42
2013-07-22,27.037,39.884,57,32
2013-07-23,25.974,20.102,57,56
2013-07-24,26.288,7.035,57,48
2013-07-25,26.258,0.2,57,4
2013-07-26,26.584,,57,0
2013-07-27,26.018,0.236,57,25
2013-07-28,25.604,17.073,57,56
2013-07-29,27.181,5.246,57,48
2013-07-30,25.875,10.119,57,53
2013-07-31,26.654,16.449,57,47
2013-08-01,26.825,8.562,57,29
2013-08-02,26.632,7.819,57,37
2013-08-03,26.842,10.276,57,54
2013-08-04,27.054,7.954,57,50
2013-08-05,27.2,6.362,57,42
2013-08-06,27.205,13.08,57,40
2013-08-07,28.574,,57,0
2013-08-08,29.405,,57,0
2013-08-09,29.528,14.291,57,11
2013-08-10,27.954,10.985,57,39
2013-08-11,28.47,1.13,57,10
2013-08-12,28.63,2.825,57,4
2013-08-13,28.167,,57,0
2013-08-14,27.912,,57,0
2013-08-15,28.037,0.4,57,6
2013-08-16,28.135,2.45,57,10
2013-08-17,28.102,0.25,57,2
2013-08-18,28.302,2.625,57,12
2013-08-19,28.082,4.788,57,25
2013-08-20,27.084,3.663,57,8
2013-08-21,27.265,4.55,57,14
2013-08-22,27.667,8.259,57,46
2013-08-23,25.082,38.968,57,57
2013-08-24,24.398,45.274,57,35
2013-08-25,24.667,5.627,57,15
2013-08-26,24.525,0.971,57,7
2013-08-27,24.595,0.15,57,2
2013-08-28,25.058,,57,0
2013-08-29,25.086,20.435,57,57
2013-08-30,24.889,4.014,57,28
2013-08-31,22.884,9.947,57,19
2013-09-01,22.551,0.229,57,7
2013-09-02,21.618,1.875,57,4
2013-09-03,19.733,0.15,57,6
2013-09-04,20.107,0.75,57,2
2013-09-05,19.639,0.0,57,6
2013-09-06,18.907,3.907,57,57
2013-09-07,20.125,2.135,57,40
2013-09-08,20.94,,57,0
2013-09-09,21.346,0.0,57,1
2013-09-10,22.104,3.898,57,45
2013-09-11,21.812,12.892,57,50
2013-09-12,22.181,3.078,57,54
2013-09-13,23.854,22.983,57,36
2013-09-14,22.028,40.367,57,57
2013-09-15,22.246,,57,0
2013-09-16,19.904,2.5,57,1
2013-09-17,20.618,,57,0
2013-09-18,22.172,,57,0
2013-09-19,21.995,,57,0
2013-09-20,21.993,,57,0
2013-09-21,22.472,0.05,57,2
2013-09-22,21.681,5.382,57,17
2013-09-23,21.614,0.025,57,4
2013-09-24,21.256,4.694,57,48
2013-09-25,19.235,1.517,57,41
2013-09-26,16.549,2.0,57,6
2013-09-27,16.632,,57,0
2013-09-28,17.647,2.173,57,52
2013-09-29,18.372,29.24,57,57
2013-09-30,18.46,8.902,57,47
2013-10-01,20.516,8.4,57,13
2013-10-02,19.032,3.645,57,38
2013-10-03,15.653,1.55,57,2
2013-10-04,15.714,,57,0
2013-10-05,17.875,0.04,57,5
2013-10-06,20.451,2.881,57,47
2013-10-07,22.154,2.074,57,23
2013-10-08,19.914,32.856,57,57
2013-10-09,19.67,1.346,57,28
2013-10-10,19.498,12.772,57,36
2013-10-11,18.377,0.925,57,28
2013-10-12,14.953,,57,0
2013-10-13,15.221,,57,0
2013-10-14,16.588,,57,0
2013-10-15,13.804,7.335,57,43
2013-10-16,10.535,0.0,57,1
2013-10-17,10.537,,57,0
2013-10-18,12.386,,57,0
2013-10-19,13.714,0.25,57,4
2013-10-20,15.475,1.02,57,5
2013-10-21,14.507,0.52,57,5
2013-10-22,14.647,1.883,57,6
2013-10-23,14.928,0.08,57,5
2013-10-24,13.733,0.7,57,2
2013-10-25,10.432,,57,0
2013-10-26,9.428,0.0,57,1
2013-10-27,9.504,,57,0
2013-10-28,9.919,,57,0
2013-10-29,11.693,0.996,57,25
2013-10-30,11.423,0.1,57,1
2013-10-31,11.358,0.1,57,6
2013-11-01,13.454,,57,0
2013-11-02,13.402,2.92,57,40
2013-11-03,12.753,0.209,57,35
2013-11-04,11.461,0.631,57,29
2013-11-05,10.437,,57,0
2013-11-06,11.604,1.217,57,52
2013-11-07,12.363,1.154,57,26
2013-11-08,8.625,0.3,57,1
2013-11-09,11.346,12.168,57,57
2013-11-10,8.879,0.882,57,50
2013-11-11,4.225,,57,0
2013-11-12,3.914,,57,0
2013-11-13,4.098,,57,0
2013-11-14,5.925,0.714,57,36
2013-11-15,7.804,1.029,57,35
2013-11-16,6.586,1.613,57,16
2013-11-17,6.547,1.717,57,52
2013-11-18,2.704,1.879,57,29
2013-11-19,2.844,1.504,57,26
2013-11-20,2.76,0.173,57,11
2013-11-21,3.011,,57,0
2013-11-22,4.333,,57,0
2013-11-23,5.446,,57,0
2013-11-24,7.826,12.916,57,57
2013-11-25,7.004,14.17,57,57
2013-11-26,2.96,0.678,57,27
2013-11-27,1.3,7.681,57,57
2013-11-28,-2.03,2.854,57,26
2013-11-29,0.412,0.877,57,22
2013-11-30,3.333,,57,0
2013-12-01,3.954,0.075,57,4
2013-12-02,3.298,0.0,57,1
2013-12-03,4.539,0.0,57,1
2013-12-04,3.972,0.429,57,7
2013-12-05,4.789,0.35,57,2
2013-12-06,3.681,0.0,57,4
2013-12-07,3.493,0.089,57,9
2013-12-08,3.889,0.1,57,7
2013-12-09,5.195,9.305,57,57
2013-12-10,2.465,4.838,57,13
2013-12-11,0.26,2.402,57,53
2013-12-12,0.221,4.178,57,49
2013-12-13,-3.286,0.524,57,29
2013-12-14,-1.36,0.539,57,33
2013-12-15,-2.135,,57,0
2013-12-16,-2.116,,57,0
2013-12-17,1.281,4.533,57,18
2013-12-18,3.709,0.753,57,38
2013-12-19,-0.696,1.536,57,47
2013-12-20,-1.551,1.596,57,45
2013-12-21,-1.091,0.667,57,12
2013-12-22,-1.712,,57,0
2013-12-23,-0.36,,57,0
2013-12-24,-1.132,1.9,56,2
2013-12-25,0.321,,57,0
2013-12-26,1.149,0.52,57,44
2013-12-27,-2.996,0.024,57,17
2013-12-28,-4.525,0.223,56,13
2013-12-29,-2.307,0.568,57,28
2013-12-30,2.435,0.0,57,3
2013-12-31,3.635,,57,0
2014-01-01,4.335,0.013,57,8
2014-01-02,2.07,,57,0
2014-01-03,1.86,,57,0
2014-01-04,0.972,6.838,57,8
2014-01-05,0.218,1.017,57,6
2014-01-06,-0.346,,57,0
2014-01-07,1.356,0.08,57,5
2014-01-08,1.746,1.774,57,34
2014-01-09,-4.982,0.0,57,1
2014-01-10,-4.214,0.062,57,16
2014-01-11,-1.344,0.008,57,13
2014-01-12,-0.967,0.029,57,14
2014-01-13,-4.663,,57,0
2014-01-14,-4.033,,57,0
2014-01-15,-2.905,,57,0
2014-01-16,-1.425,0.0,57,2
2014-01-17,-0.66,0.4,57,1
2014-01-18,-1.249,0.043,57,7
2014-01-19,-2.386,0.025,57,4
2014-01-20,0.474,2.325,57,53
2014-01-21,-3.344,2.002,57,42
2014-01-22,-3.479,0.2,57,2
2014-01-23,-1.663,0.0,57,1
2014-01-24,3.381,,57,0
2014-01-25,5.747,2.179,57,56
2014-01-26,0.072,1.917,57,6
2014-01-27,0.318,,57,0
2014-01-28,2.796,0.183,57,24
2014-01-29,2.549,0.8,57,12
2014-01-30,5.546,1.577,57,48
2014-01-31,2.574,,57,0
2014-02-01,6.895,6.84,57,48
2014-02-02,8.549,0.7,57,37
2014-02-03,1.447,0.2,57,2
2014-02-04,-5.407,0.0,57,1
2014-02-05,-4.409,,57,0
2014-02-06,-0.97,0.238,57,13
2014-02-07,2.121,3.864,57,44
2014-02-08,1.928,3.362,57,56
2014-02-09,0.182,3.953,57,43
2014-02-10,-0.214,2.482,57,45
2014-02-11,-0.488,2.318,57,11
2014-02-12,0.339,1.285,57,13
2014-02-13,1.165,8.483,57,12
2014-02-14,1.416,1.0,57,14
2014-02-15,1.251,0.067,57,3
2014-02-16,2.209,,57,0
2014-02-17,3.747,3.233,57,33
2014-02-18,1.933,2.013,57,15
2014-02-19,1.032,0.46,57,5
2014-02-20,0.967,0.6,57,2
2014-02-21,0.632,,57,0
2014-02-22,1.351,0.333,57,3
2014-02-23,2.421,,57,0
2014-02-24,3.798,,57,0
2014-02-25,5.279,,57,0
2014-02-26,5.749,7.618,57,28
2014-02-27,8.288,0.81,57,10
2014-02-28,6.758,0.167,57,12
2014-03-01,6.475,2.194,57,35
2014-03-02,4.621,1.938,57,16
2014-03-03,3.814,,57,0
2014-03-04,4.718,0.555,57,11
2014-03-05,2.681,2.614,57,14
2014-03-06,0.86,0.033,57,6
2014-03-07,0.775,0.1,57,1
2014-03-08,2.047,0.0,57,2
2014-03-09,1.989,1.665,57,46
2014-03-10,1.495,,57,0
2014-03-11,4.658,,57,0
2014-03-12,5.351,23.407,57,56
2014-03-13,3.733,12.294,57,47
2014-03-14,2.853,0.805,57,21
2014-03-15,6.505,,57,0
2014-03-16,10.318,,57,0
2014-03-17,12.191,1.317,57,46
2014-03-18,12.402,1.18,57,44
2014-03-19,8.681,0.557,57,14
2014-03-20,5.988,3.034,57,53
2014-03-21,4.533,0.14,57,5
2014-03-22,7.258,,57,0
2014-03-23,9.812,,57,0
2014-03-24,10.851,0.0,57,4
2014-03-25,14.042,10.135,57,46
2014-03-26,13.649,10.545,57,47
2014-03-27,12.453,,57,0
2014-03-28,15.532,,57,0
2014-03-29,13.884,10.944,57,57
2014-03-30,12.465,4.566,57,53
2014-03-31,11.774,,57,0
2014-04-01,13.005,,57,0
2014-04-02,14.074,,57,0
2014-04-03,10.372,5.884,57,50
2014-04-04,6.582,2.37,57,23
2014-04-05,5.686,0.897,57,35
2014-04-06,7.472,1.25,57,2
2014-04-07,11.107,,57,0
2014-04-08,11.954,,57,0
2014-04-09,12.675,,57,0
2014-04-10,12.509,,57,0
2014-04-11,12.182,0.165,57,20
2014-04-12,13.244,0.204,57,28
2014-04-13,13.235,3.469,57,42
2014-04-14,13.498,,57,0
2014-04-15,15.693,,57,0
2014-04-16,16.079,0.0,57,1
2014-04-17,13.14,12.844,57,57
2014-04-18,13.311,0.905,57,39
2014-04-19,12.088,0.043,57,7
2014-04-20,13.363,0.22,57,5
2014-04-21,14.649,,57,0
2014-04-22,14.411,0.0,57,1
2014-04-23,15.075,,57,0
2014-04-24,16.379,,57,0
2014-04-25,16.886,,57,0
2014-04-26,16.918,0.1,57,4
2014-04-27,15.298,10.204,57,57
2014-04-28,13.377,27.804,57,57
2014-04-29,14.061,22.154,57,57
2014-04-30,14.423,1.783,57,29
2014-05-01,16.225,0.4,57,3
2014-05-02,17.067,0.662,57,16
2014-05-03,14.172,0.0,57,1
2014-05-04,12.933,1.653,57,51
2014-05-05,11.188,0.195,57,19
2014-05-06,12.407,0.1,57,3
2014-05-07,15.053,0.9,57,19
2014-05-08,15.075,3.246,57,56
2014-05-09,15.123,,57,0
2014-05-10,16.918,,57,0
2014-05-11,17.054,15.216,57,57
2014-05-12,17.696,18.774,57,57
2014-05-13,19.823,,57,0
2014-05-14,18.547,1.917,57,18
2014-05-15,18.411,0.176,57,17
2014-05-16,18.689,,57,0
2014-05-17,18.53,,57,0
2014-05-18,18.442,,57,0
2014-05-19,19.293,,57,0
2014-05-20,18.249,5.029,57,24
2014-05-21,18.137,1.96,57,10
2014-05-22,19.186,0.2,57,4
2014-05-23,19.318,0.75,57,2
2014-05-24,21.844,0.0,57,2
2014-05-25,20.416,7.545,57,56
2014-05-26,20.237,3.33,57,57
2014-05-27,21.877,,57,0
2014-05-28,21.507,2.919,57,26
2014-05-29,22.623,,57,0
2014-05-30,23.454,,57,0
2014-05-31,24.298,,57,0
2014-06-01,23.858,,57,0
2014-06-02,20.856,4.067,57,55
2014-06-03,18.909,15.807,57,57
2014-06-04,20.877,2.618,57,45
2014-06-05,20.411,5.117,57,18
2014-06-06,21.295,0.14,57,5
2014-06-07,20.847,1.812,57,8
2014-06-08,20.444,2.091,57,23
2014-06-09,20.839,3.333,57,18
2014-06-10,20.804,5.839,57,46
2014-06-11,20.077,6.908,57,52
2014-06-12,16.991,10.262,57,42
2014-06-13,19.968,2.0,57,33
2014-06-14,21.819,0.1,57,2
2014-06-15,22.363,,57,0
2014-06-16,23.089,0.15,57,2
2014-06-17,21.853,2.2,57,26
2014-06-18,22.263,1.026,57,19
2014-06-19,22.33,1.323,57,13
2014-06-20,21.926,2.524,57,34
2014-06-21,21.082,3.748,57,40
2014-06-22,21.614,9.729,57,42
2014-06-23,20.804,12.989,57,55
2014-06-24,21.437,4.305,57,41
2014-06-25,22.54,10.167,57,3
2014-06-26,23.588,0.133,57,3
2014-06-27,23.837,0.3,57,1
2014-06-28,23.668,1.742,57,24
2014-06-29,23.061,0.113,57,15
2014-06-30,23.437,5.32,57,20
2014-07-01,24.414,8.09,57,10
2014-07-02,23.061,8.782,57,51
2014-07-03,21.202,26.598,57,57
2014-07-04,23.551,1.757,57,30
2014-07-05,23.105,4.6,57,7
2014-07-06,21.337,7.935,57,43
2014-07-07,23.284,1.615,57,26
2014-07-08,24.895,5.227,57,49
2014-07-09,25.902,6.216,57,57
2014-07-10,26.788,0.727,57,11
2014-07-11,26.281,0.0,57,2
2014-07-12,24.367,1.638,57,26
2014-07-13,23.828,8.923,57,47
2014-07-14,25.419,0.0,57,1
2014-07-15,24.319,3.552,57,29
2014-07-16,25.179,3.997,57,31
2014-07-17,24.196,9.387,57,45
2014-07-18,24.304,22.92,57,54
2014-07-19,25.802,7.09,57,39
2014-07-20,26.493,1.545,57,11
2014-07-21,26.621,,57,0
2014-07-22,26.381,5.965,57,20
2014-07-23,25.753,15.792,57,39
2014-07-24,26.068,13.188,57,51
2014-07-25,27.702,11.134,57,50
2014-07-26,25.239,2.089,57,54
2014-07-27,23.56,1.233,57,6
2014-07-28,23.525,3.879,57,24
2014-07-29,24.188,3.53,57,47
2014-07-30,27.233,0.033,57,6
2014-07-31,27.335,9.385,57,48
2014-08-01,27.47,1.7,57,26
2014-08-02,27.007,28.787,57,54
2014-08-03,25.105,34.788,57,57
2014-08-04,24.819,9.353,57,57
2014-08-05,26.742,2.095,57,38
2014-08-06,25.705,11.933,57,30
2014-08-07,22.554,22.161,57,54
2014-08-08,23.196,5.572,57,39
2014-08-09,24.084,8.14,57,15
2014-08-10,23.125,25.194,57,54
2014-08-11,23.13,0.974,57,23
2014-08-12,24.335,,57,0
2014-08-13,22.756,3.055,57,53
2014-08-14,20.623,18.895,57,55
2014-08-15,23.189,4.826,57,43
2014-08-16,24.205,3.394,57,17
2014-08-17,22.486,18.856,57,57
2014-08-18,21.316,60.684,57,57
2014-08-19,22.726,13.64,57,57
2014-08-20,23.261,16.45,57,52
2014-08-21,23.484,36.998,57,57
2014-08-22,24.149,3.275,57,16
2014-08-23,24.225,0.475,57,4
2014-08-24,23.982,3.32,57,55
2014-08-25,22.984,43.271,57,55
2014-08-26,23.821,7.471,57,42
2014-08-27,22.274,7.686,57,21
2014-08-28,21.909,1.009,57,11
2014-08-29,21.898,6.224,57,21
2014-08-30,21.64,0.0,57,1
2014-08-31,20.693,,57,0
2014-09-01,21.868,0.9,57,3
2014-09-02,21.079,6.907,57,57
2014-09-03,21.163,35.021,57,57
2014-09-04,22.447,0.941,57,29
2014-09-05,22.642,0.1,57,1
2014-09-06,22.326,1.617,57,6
2014-09-07,22.714,,57,0
2014-09-08,22.902,,57,0
2014-09-09,21.844,0.5,57,1
2014-09-10,20.719,0.075,57,4
2014-09-11,21.211,0.0,57,1
2014-09-12,20.547,3.421,57,14
2014-09-13,21.058,1.3,57,8
2014-09-14,20.433,0.0,57,1
2014-09-15,21.381,0.267,57,18
2014-09-16,20.886,,57,0
2014-09-17,17.449,3.468,57,40
2014-09-18,19.03,0.3,57,7
2014-09-19,18.125,0.0,57,2
2014-09-20,18.63,0.0,57,2
2014-09-21,18.756,1.15,57,4
2014-09-22,19.549,,57,0
2014-09-23,20.144,6.051,57,47
2014-09-24,18.612,59.33,57,57
2014-09-25,19.819,1.65,57,8
2014-09-26,19.646,2.344,57,9
2014-09-27,19.8,2.05,57,2
2014-09-28,20.591,0.407,57,15
2014-09-29,19.56,4.743,57,56
2014-09-30,18.196,2.209,57,23
2014-10-01,17.939,0.075,57,8
2014-10-02,18.247,3.537,57,35
2014-10-03,16.893,0.943,57,14
2014-10-04,16.025,2.086,57,7
2014-10-05,15.791,0.0,57,3
2014-10-06,14.765,0.217,57,6
2014-10-07,14.442,,57,0
2014-10-08,14.949,,57,0
2014-10-09,15.951,,57,0
2014-10-10,17.595,1.1,57,5
2014-10-11,17.988,,57,0
2014-10-12,17.389,1.46,57,25
2014-10-13,15.981,21.561,57,41
2014-10-14,12.36,,57,0
2014-10-15,12.161,,57,0
2014-10-16,12.346,2.182,57,38
2014-10-17,11.388,,57,0
2014-10-18,12.567,,57,0
2014-10-19,14.663,0.073,57,15
2014-10-20,16.039,20.64,57,57
2014-10-21,15.304,46.425,57,57
2014-10-22,12.607,14.634,57,47
2014-10-23,11.896,,57,0
2014-10-24,13.254,,57,0
2014-10-25,13.979,,57,0
2014-10-26,14.972,0.441,57,17
2014-10-27,11.988,0.2,57,1
2014-10-28,9.409,,57,0
2014-10-29,10.616,,57,0
2014-10-30,12.17,0.033,57,3
2014-10-31,12.498,22.969,57,55
2014-11-01,14.74,2.991,57,47
2014-11-02,11.914,2.51,57,49
2014-11-03,8.2,,57,0
2014-11-04,8.721,,57,0
2014-11-05,9.812,,57,0
2014-11-06,11.732,0.517,57,12
2014-11-07,9.825,14.15,57,8
2014-11-08,10.928,0.863,57,24
2014-11-09,10.377,0.075,57,12
2014-11-10,7.933,,57,0
2014-11-11,8.456,1.627,57,11
2014-11-12,8.035,3.089,57,47
2014-11-13,2.116,0.273,57,11
2014-11-14,4.589,0.594,57,18
2014-11-15,5.07,,57,0
2014-11-16,7.072,0.557,57,14
2014-11-17,6.456,0.818,57,34
2014-11-18,4.628,,57,0
2014-11-19,4.125,,57,0
2014-11-20,5.579,,57,0
2014-11-21,7.582,8.0,57,1
2014-11-22,8.665,1.925,57,32
2014-11-23,8.368,0.087,57,8
2014-11-24,9.044,31.528,57,46
2014-11-25,9.744,4.396,57,24
2014-11-26,8.867,0.208,57,12
2014-11-27,7.944,,57,0
2014-11-28,8.761,5.784,57,56
2014-11-29,9.711,0.39,57,10
2014-11-30,9.381,8.475,57,57
2014-12-01,2.091,2.254,57,48
2014-12-02,-3.398,2.038,57,16
2014-12-03,-0.075,3.167,57,42
2014-12-04,-1.154,3.032,57,31
2014-12-05,-3.756,2.665,57,20
2014-12-06,-3.019,0.45,57,12
2014-12-07,-2.207,0.333,57,3
2014-12-08,-0.458,2.009,57,47
2014-12-09,-1.665,,57,0
2014-12-10,2.6,0.563,57,40
2014-12-11,1.953,0.311,57,38
2014-12-12,-0.905,1.618,57,38
2014-12-13,-2.991,1.404,57,27
2014-12-14,-2.272,0.105,57,21
2014-12-15,1.465,3.148,57,44
2014-12-16,-1.818,5.325,57,55
2014-12-17,-6.711,4.246,56,13
2014-12-18,-6.119,0.067,57,3
2014-12-19,-4.474,1.235,57,31
2014-12-20,0.268,2.123,57,52
2014-12-21,-3.9,1.219,56,27
2014-12-22,-3.367,0.716,57,38
2014-12-23,-0.789,0.0,57,1
2014-12-24,2.835,0.346,57,35
2014-12-25,-0.986,,57,0
2014-12-26,-2.947,,57,0
2014-12-27,-1.784,,57,0
2014-12-28,-0.77,0.0,57,1
2014-12-29,2.193,0.171,57,14
2014-12-30,2.863,,57,0
2014-12-31,-0.502,1.068,57,50
2015-01-01,-5.572,0.823,57,22
2015-01-02,-4.536,0.621,56,24
2015-01-03,-3.025,,57,0
2015-01-04,1.863,0.05,57,4
2015-01-05,3.093,4.245,57,53
2015-01-06,1.323,5.175,57,57
2015-01-07,-3.695,,57,0
2015-01-08,-3.496,,57,0
2015-01-09,-1.167,0.033,57,3
2015-01-10,0.277,,57,0
2015-01-11,0.57,0.28,57,30
2015-01-12,-2.286,,57,0
2015-01-13,-0.305,,57,0
2015-01-14,2.135,2.92,57,10
2015-01-15,2.646,1.108,57,12
2015-01-16,1.014,0.608,57,37
2015-01-17,-1.447,0.07,57,10
2015-01-18,-0.596,2.06,57,42
2015-01-19,2.082,0.686,57,44
2015-01-20,-0.151,,57,0
2015-01-21,2.347,4.004,57,46
2015-01-22,2.681,2.589,57,44
2015-01-23,0.916,,57,0
2015-01-24,2.081,,57,0
2015-01-25,2.996,3.665,57,57
2015-01-26,5.225,1.896,57,57
2015-01-27,0.184,3.125,57,4
2015-01-28,-2.54,1.886,57,7
2015-01-29,-0.119,1.482,57,38
2015-01-30,-0.437,0.354,57,37
2015-01-31,-3.353,0.0,57,2
2015-02-01,-2.482,,57,0
2015-02-02,-0.854,,57,0
2015-02-03,0.26,0.133,57,3
2015-02-04,0.412,0.188,57,16
2015-02-05,0.396,1.118,57,11
2015-02-06,0.819,,57,0
2015-02-07,1.714,0.2,57,2
2015-02-08,-5.382,0.044,57,9
2015-02-09,-4.533,0.139,57,28
2015-02-10,2.467,0.0,57,5
2015-02-11,3.656,0.0,57,3
2015-02-12,0.067,0.04,57,5
2015-02-13,-1.209,,57,0
2015-02-14,1.665,0.15,57,2
2015-02-15,5.577,3.446,57,39
2015-02-16,4.593,10.081,57,57
2015-02-17,3.074,0.507,57,44
2015-02-18,1.821,0.612,57,17
2015-02-19,1.814,1.6,57,6
2015-02-20,3.686,,57,0
2015-02-21,5.991,7.472,57,57
2015-02-22,6.026,1.255,57,51
2015-02-23,2.739,,57,0
2015-02-24,2.925,,57,0
2015-02-25,4.842,0.667,57,9
2015-02-26,3.125,0.411,57,28
2015-02-27,-0.723,,57,0
2015-02-28,1.574,2.72,57,30
2015-03-01,2.789,1.068,57,50
2015-03-02,3.107,,57,0
2015-03-03,3.135,3.189,57,53
2015-03-04,-0.335,0.078,57,9
2015-03-05,-0.023,,57,0
2015-03-06,2.572,0.15,57,2
2015-03-07,3.881,,57,0
2015-03-08,6.128,,57,0
2015-03-09,4.237,0.173,57,11
2015-03-10,-2.107,0.3,57,7
2015-03-11,1.875,0.015,57,20
2015-03-12,3.054,0.0,57,1
2015-03-13,4.947,2.163,57,51
2015-03-14,4.311,,57,0
2015-03-15,6.005,,57,0
2015-03-16,8.858,,57,0
2015-03-17,11.325,0.0,57,5
2015-03-18,9.035,29.837,57,57
2015-03-19,11.312,1.025,57,28
2015-03-20,11.947,,57,0
2015-03-21,11.482,,57,0
2015-03-22,9.277,,57,0
2015-03-23,5.139,,57,0
2015-03-24,4.526,,57,0
2015-03-25,5.575,,57,0
2015-03-26,7.898,,57,0
2015-03-27,9.318,,57,0
2015-03-28,10.751,0.0,57,4
2015-03-29,11.73,0.057,57,7
2015-03-30,12.951,,57,0
2015-03-31,12.374,3.459,57,54
2015-04-01,11.267,1.962,57,56
2015-04-02,13.316,8.894,57,53
2015-04-03,12.821,10.657,57,56
2015-04-04,10.758,17.12,57,51
2015-04-05,9.735,3.151,57,55
2015-04-06,10.089,4.114,57,44
2015-04-07,7.261,1.539,57,28
2015-04-08,7.598,0.753,57,17
2015-04-09,8.684,,57,0
2015-04-10,10.149,,57,0
2015-04-11,11.293,,57,0
2015-04-12,11.574,1.206,57,17
2015-04-13,10.065,6.452,57,56
2015-04-14,8.214,11.121,57,57
2015-04-15,11.554,1.605,57,43
2015-04-16,11.16,3.293,57,55
2015-04-17,9.161,,57,0
2015-04-18,13.486,3.353,57,38
2015-04-19,13.93,16.021,57,57
2015-04-20,11.112,11.4,57,57
2015-04-21,12.446,,57,0
2015-04-22,13.542,0.014,57,7
2015-04-23,14.163,,57,0
2015-04-24,15.363,,57,0
2015-04-25,15.377,,57,0
2015-04-26,17.896,,57,0
2015-04-27,18.461,,57,0
2015-04-28,17.377,6.131,57,36
2015-04-29,15.621,20.534,57,53
2015-04-30,17.851,0.5,57,8
2015-05-01,19.254,,57,0
2015-05-02,19.868,1.427,57,30
2015-05-03,17.547,11.068,57,57
2015-05-04,16.284,0.275,57,8
2015-05-05,13.916,,57,0
2015-05-06,14.784,,57,0
2015-05-07,16.119,0.0,57,1
2015-05-08,16.691,0.05,57,10
2015-05-09,17.451,0.511,57,28
2015-05-10,16.532,,57,0
2015-05-11,16.723,20.263,57,57
2015-05-12,15.5,10.93,57,57
2015-05-13,17.209,0.0,57,1
2015-05-14,20.602,0.25,57,2
2015-05-15,19.207,1.017,57,23
2015-05-16,17.846,0.309,57,11
2015-05-17,17.763,,57,0
2015-05-18,16.286,8.487,57,23
2015-05-19,17.521,1.694,57,33
2015-05-20,16.265,0.283,57,12
2015-05-21,18.33,,57,0
2015-05-22,20.382,,57,0
2015-05-23,19.94,0.0,57,1
2015-05-24,19.932,,57,0
2015-05-25,19.93,,57,0
2015-05-26,21.667,,57,0
2015-05-27,21.444,,57,0
2015-05-28,21.719,,57,0
2015-05-29,22.368,0.0,57,11
2015-05-30,18.765,2.419,57,57
2015-05-31,20.175,,57,0
2015-06-01,21.656,,57,0
2015-06-02,21.663,0.233,57,12
2015-06-03,21.36,0.25,57,2
2015-06-04,21.318,,57,0
2015-06-05,16.57,3.202,57,56
2015-06-06,18.918,,57,0
2015-06-07,20.877,,57,0
2015-06-08,20.047,2.077,57,26
2015-06-09,21.519,,57,0
2015-06-10,23.6,,57,0
2015-06-11,21.719,1.841,57,44
2015-06-12,23.137,1.346,57,24
2015-06-13,22.519,3.222,57,23
2015-06-14,21.504,7.662,57,42
2015-06-15,22.865,0.567,57,9
2015-06-16,22.418,2.356,57,27
2015-06-17,21.305,6.333,57,21
2015-06-18,22.361,1.267,57,18
2015-06-19,22.149,5.068,57,22
2015-06-20,19.116,13.631,57,55
2015-06-21,21.061,0.654,57,24
2015-06-22,22.202,6.35,57,12
2015-06-23,22.972,0.817,57,6
2015-06-24,22.525,12.529,57,14
2015-06-25,21.665,12.718,57,57
2015-06-26,20.681,33.518,57,57
2015-06-27,21.489,2.786,57,21
2015-06-28,22.154,0.0,57,3
2015-06-29,23.674,1.213,57,8
2015-06-30,21.319,9.389,57,53
2015-07-01,22.375,1.05,57,48
2015-07-02,22.237,0.923,57,13
2015-07-03,21.868,1.754,57,13
2015-07-04,20.933,0.05,57,4
2015-07-05,21.681,2.363,57,19
2015-07-06,22.126,1.853,57,15
2015-07-07,19.949,14.822,57,49
2015-07-08,20.728,22.965,57,57
2015-07-09,22.489,23.442,57,45
2015-07-10,24.905,0.1,57,2
2015-07-11,25.946,5.698,57,53
2015-07-12,24.167,35.472,57,57
2015-07-13,23.751,4.736,57,50
2015-07-14,25.23,1.029,57,7
2015-07-15,24.767,4.646,57,13
2015-07-16,22.458,1.238,57,8
2015-07-17,21.237,0.968,57,22
2015-07-18,22.896,0.286,57,22
2015-07-19,23.861,1.985,57,40
2015-07-20,24.263,3.505,57,43
2015-07-21,24.57,4.093,57,55
2015-07-22,25.774,3.866,57,44
2015-07-23,25.782,16.107,57,55
2015-07-24,25.374,22.465,57,52
2015-07-25,26.284,20.803,57,29
2015-07-26,26.925,13.686,57,14
2015-07-27,26.328,3.268,57,37
2015-07-28,27.188,1.303,57,29
2015-07-29,26.86,12.173,57,44
2015-07-30,28.482,,57,0
2015-07-31,28.204,2.025,57,4
2015-08-01,27.461,12.445,57,11
2015-08-02,24.516,8.519,57,37
2015-08-03,27.918,0.133,57,6
2015-08-04,27.786,,57,0
2015-08-05,27.823,1.214,57,7
2015-08-06,28.253,1.0,57,1
2015-08-07,28.377,11.922,57,9
2015-08-08,26.809,10.613,57,45
2015-08-09,26.518,,57,0
2015-08-10,26.126,,57,0
2015-08-11,24.911,8.041,57,34
2015-08-12,23.565,7.726,57,35
2015-08-13,24.426,9.784,57,38
2015-08-14,24.76,4.5,57,19
2015-08-15,25.681,0.533,57,3
2015-08-16,24.526,7.188,57,52
2015-08-17,24.777,2.133,57,30
2015-08-18,24.905,0.343,57,7
2015-08-19,24.679,0.044,57,25
2015-08-20,23.742,4.739,57,51
2015-08-21,23.318,21.639,57,56
2015-08-22,24.091,0.337,57,19
2015-08-23,24.609,0.6,57,13
2015-08-24,24.393,4.857,57,46
2015-08-25,21.184,30.432,57,57
2015-08-26,21.858,1.409,57,22
2015-08-27,22.942,2.55,57,30
2015-08-28,22.579,4.655,57,29
2015-08-29,22.589,0.0,57,1
2015-08-30,22.947,3.52,57,10
2015-08-31,23.654,4.6,57,18
2015-09-01,21.263,6.922,57,40
2015-09-02,22.389,10.995,57,56
2015-09-03,22.57,2.008,57,39
2015-09-04,23.009,0.45,57,4
2015-09-05,21.481,7.938,57,56
2015-09-06,20.416,8.651,57,45
2015-09-07,20.314,0.513,57,8
2015-09-08,19.553,,57,0
2015-09-09,19.965,0.0,57,1
2015-09-10,20.207,0.0,57,1
2015-09-11,20.607,1.906,57,47
2015-09-12,18.412,5.678,57,51
2015-09-13,18.13,0.667,57,3
2015-09-14,18.689,,57,0
2015-09-15,18.782,,57,0
2015-09-16,18.514,10.207,57,15
2015-09-17,19.002,11.94,57,20
2015-09-18,19.751,0.35,57,2
2015-09-19,19.793,,57,0
2015-09-20,19.788,,57,0
2015-09-21,20.256,,57,0
2015-09-22,20.272,,57,0
2015-09-23,18.595,12.29,57,31
2015-09-24,20.237,3.138,57,24
2015-09-25,20.24,0.025,57,4
2015-09-26,19.677,0.0,57,1
2015-09-27,19.326,,57,0
2015-09-28,20.07,0.0,57,7
2015-09-29,20.24,,57,0
2015-09-30,19.011,1.607,57,15
2015-10-01,17.672,38.977,57,57
2015-10-02,15.428,0.5,57,1
2015-10-03,17.898,,57,0
2015-10-04,15.928,,57,0
2015-10-05,16.219,,57,0
2015-10-06,16.393,,57,0
2015-10-07,16.904,,57,0
2015-10-08,17.223,0.5,57,9
2015-10-09,15.607,1.08,57,20
2015-10-10,13.216,5.556,57,54
2015-10-11,12.095,2.856,57,50
2015-10-12,12.882,1.021,57,29
2015-10-13,13.86,0.0,57,3
2015-10-14,15.012,,57,0
2015-10-15,15.244,,57,0
2015-10-16,15.474,,57,0
2015-10-17,15.774,,57,0
2015-10-18,15.839,0.25,57,2
2015-10-19,16.047,0.82,57,5
2015-10-20,16.502,0.0,57,1
2015-10-21,16.521,2.6,57,4
2015-10-22,15.909,2.15,57,8
2015-10-23,16.005,0.0,57,1
2015-10-24,15.847,1.978,57,37
2015-10-25,14.244,,57,0
2015-10-26,14.014,1.306,57,17
2015-10-27,12.993,16.642,57,57
2015-10-28,10.863,0.0,57,1
2015-10-29,9.926,0.967,57,30
2015-10-30,7.4,0.077,57,13
2015-10-31,5.591,,57,0
2015-11-01,6.114,0.779,57,14
2015-11-02,9.618,0.432,57,22
2015-11-03,10.179,,57,0
2015-11-04,10.289,,57,0
2015-11-05,12.288,0.0,57,1
2015-11-06,12.851,2.727,57,56
2015-11-07,12.711,29.425,57,57
2015-11-08,13.181,14.228,57,57
2015-11-09,12.384,3.477,57,56
2015-11-10,10.854,1.117,57,12
2015-11-11,11.109,8.409,57,11
2015-11-12,13.144,1.833,57,18
2015-11-13,11.73,24.349,57,57
2015-11-14,13.514,5.505,57,55
2015-11-15,13.233,0.183,57,6
2015-11-16,12.121,11.342,57,57
2015-11-17,13.909,0.744,57,43
2015-11-18,11.188,7.57,57,57
2015-11-19,9.877,0.826,57,47
2015-11-20,10.612,0.236,57,22
2015-11-21,9.123,0.469,57,16
2015-11-22,11.007,7.355,57,31
2015-11-23,10.367,6.842,57,57
2015-11-24,8.065,4.045,57,33
2015-11-25,5.158,8.223,57,57
2015-11-26,0.454,5.288,57,43
2015-11-27,0.323,1.574,57,19
2015-11-28,2.561,0.138,57,13
2015-11-29,4.639,1.54,57,30
2015-11-30,5.875,0.304,57,45
2015-12-01,4.161,,57,0
2015-12-02,6.812,6.727,57,55
2015-12-03,2.307,3.872,57,54
2015-12-04,1.989,1.46,57,25
2015-12-05,4.884,0.033,57,3
2015-12-06,2.656,,57,0
2015-12-07,3.067,0.075,57,4
2015-12-08,4.167,0.422,57,9
2015-12-09,5.525,0.0,57,1
2015-12-10,8.112,13.68,57,54
2015-12-11,7.086,5.221,57,38
2015-12-12,4.888,,57,0
2015-12-13,5.886,,57,0
2015-12-14,6.349,3.949,57,57
2015-12-15,6.816,0.657,57,53
2015-12-16,1.268,3.956,57,36
2015-12-17,-2.64,1.12,57,10
2015-12-18,-1.175,0.067,57,3
2015-12-19,0.916,,57,0
2015-12-20,1.428,1.085,57,27
2015-12-21,3.693,1.577,57,56
2015-12-22,3.577,0.219,57,26
2015-12-23,5.788,1.595,57,55
2015-12-24,3.704,0.0,57,1
2015-12-25,0.919,0.143,57,7
2015-12-26,1.596,0.339,57,31
2015-12-27,-1.328,0.0,57,1
2015-12-28,-3.168,0.0,57,2
2015-12-29,-2.177,,57,0
2015-12-30,0.212,1.71,57,39
2015-12-31,1.561,0.641,57,27
2016-01-01,1.042,0.0,57,1
2016-01-02,4.76,,57,0
2016-01-03,5.426,,57,0
2016-01-04,4.777,,57,0
2016-01-05,0.067,1.171,57,7
2016-01-06,-0.007,,57,0
2016-01-07,-0.27,0.0,57,2
2016-01-08,-1.186,0.158,57,12
2016-01-09,0.191,0.011,57,9
2016-01-10,1.177,0.0,57,6
2016-01-11,-1.361,,57,0
2016-01-12,-2.775,0.056,57,9
2016-01-13,-1.882,1.168,57,38
2016-01-14,-1.812,0.135,57,34
2016-01-15,-0.865,0.275,57,16
2016-01-16,0.035,0.1,57,7
2016-01-17,1.519,3.895,57,42
2016-01-18,-2.496,0.983,57,48
2016-01-19,-8.275,2.605,57,19
2016-01-20,-7.782,0.118,55,11
2016-01-21,-5.453,0.0,57,1
2016-01-22,-4.911,,57,0
2016-01-23,-7.505,2.832,56,22
2016-01-24,-11.519,3.604,57,25
2016-01-25,-7.525,0.813,57,15
2016-01-26,-2.439,0.166,57,29
2016-01-27,-0.377,,57,0
2016-01-28,-0.418,8.626,57,38
2016-01-29,1.935,8.742,57,45
2016-01-30,1.893,1.421,57,19
2016-01-31,-0.963,,57,0
2016-02-01,-3.423,0.3,57,1
2016-02-02,-4.133,0.1,57,1
2016-02-03,-2.549,,57,0
2016-02-04,-0.191,0.0,57,1
2016-02-05,-0.881,0.0,57,1
2016-02-06,-1.839,1.871,57,17
2016-02-07,-2.528,0.05,57,2
2016-02-08,1.132,0.827,57,15
2016-02-09,2.14,0.375,57,8
2016-02-10,1.742,,57,0
2016-02-11,6.253,0.552,57,21
2016-02-12,9.223,21.36,57,57
2016-02-13,11.646,12.137,57,57
2016-02-14,0.832,1.036,57,44
2016-02-15,-3.567,0.331,57,29
2016-02-16,-0.739,0.844,57,39
2016-02-17,0.619,0.25,57,12
2016-02-18,3.218,0.375,57,8
2016-02-19,4.011,0.067,57,3
2016-02-20,3.098,0.214,57,7
2016-02-21,0.532,,57,0
2016-02-22,2.354,0.089,57,9
2016-02-23,2.977,0.293,57,29
2016-02-24,-1.309,1.94,57,15
2016-02-25,-0.072,0.017,57,12
2016-02-26,2.398,1.369,57,39
2016-02-27,4.646,1.926,57,47
2016-02-28,3.339,6.395,57,57
2016-02-29,-2.326,0.484,57,38
2016-03-01,-2.044,,57,0
2016-03-02,2.795,,57,0
2016-03-03,6.825,0.12,57,5
2016-03-04,8.874,11.127,57,48
2016-03-05,11.44,27.853,57,57
2016-03-06,10.219,4.813,57,38
2016-03-07,8.533,0.025,57,12
2016-03-08,5.598,3.248,57,21
2016-03-09,2.898,5.288,57,17
2016-03-10,1.035,1.067,57,3
2016-03-11,0.281,0.029,57,7
2016-03-12,2.104,0.0,57,2
2016-03-13,3.895,0.347,57,15
2016-03-14,1.939,0.386,57,7
2016-03-15,5.384,,57,0
2016-03-16,8.418,,57,0
2016-03-17,9.832,0.0,57,2
2016-03-18,10.884,12.533,57,43
2016-03-19,10.012,,57,0
2016-03-20,7.979,0.0,57,2
2016-03-21,8.365,,57,0
2016-03-22,9.002,,57,0
2016-03-23,7.804,1.667,57,21
2016-03-24,6.032,0.596,57,24
2016-03-25,5.554,0.573,57,26
2016-03-26,5.47,1.537,57,16
2016-03-27,6.721,0.15,57,2
2016-03-28,9.009,,57,0
2016-03-29,11.632,0.267,57,12
2016-03-30,12.516,0.0,57,1
2016-03-31,12.149,,57,0
2016-04-01,12.939,,57,0
2016-04-02,13.911,,57,0
2016-04-03,11.412,8.312,57,56
2016-04-04,11.086,2.756,57,34
2016-04-05,11.789,,57,0
2016-04-06,12.732,12.836,57,53
2016-04-07,12.542,22.909,57,56
2016-04-08,13.647,,57,0
2016-04-09,14.702,0.35,57,2
2016-04-10,13.404,1.355,57,20
2016-04-11,8.653,0.654,57,13
2016-04-12,12.453,0.659,57,29
2016-04-13,13.889,13.522,57,55
2016-04-14,14.551,,57,0
2016-04-15,13.721,,57,0
2016-04-16,14.316,28.239,57,57
2016-04-17,12.828,11.128,57,57
2016-04-18,12.672,2.261,57,41
2016-04-19,12.272,0.7,57,1
2016-04-20,13.723,1.162,57,34
2016-04-21,13.516,27.889,57,57
2016-04-22,16.932,0.0,57,2
2016-04-23,14.925,,57,0
2016-04-24,14.037,,57,0
2016-04-25,15.868,,57,0
2016-04-26,17.095,1.93,57,20
2016-04-27,12.156,26.727,57,45
2016-04-28,13.358,3.0,57,40
2016-04-29,14.282,0.58,57,10
2016-04-30,16.391,0.075,57,4
2016-05-01,18.144,,57,0
2016-05-02,18.965,7.2,57,50
2016-05-03,15.016,27.042,57,57
2016-05-04,16.721,1.047,57,15
2016-05-05,18.109,1.996,57,24
2016-05-06,17.854,2.894,57,36
2016-05-07,16.732,,57,0
2016-05-08,17.36,0.025,57,8
2016-05-09,18.163,0.15,57,18
2016-05-10,13.688,20.212,57,57
2016-05-11,15.696,1.407,57,42
2016-05-12,17.961,,57,0
2016-05-13,16.428,0.207,57,15
2016-05-14,17.216,,57,0
2016-05-15,18.025,13.177,57,52
2016-05-16,15.121,6.349,57,57
2016-05-17,17.602,,57,0
2016-05-18,20.139,,57,0
2016-05-19,20.233,,57,0
2016-05-20,19.765,,57,0
2016-05-21,19.844,,57,0
2016-05-22,19.961,,57,0
2016-05-23,20.542,0.114,57,7
2016-05-24,17.782,19.968,57,57
2016-05-25,17.023,,57,0
2016-05-26,20.158,0.194,57,17
2016-05-27,21.396,0.09,57,10
2016-05-28,20.849,0.172,57,18
2016-05-29,20.011,1.123,57,31
2016-05-30,21.039,,57,0
2016-05-31,21.5,,57,0
2016-06-01,20.682,,57,0
2016-06-02,20.058,0.5,57,1
2016-06-03,21.507,0.3,57,2
2016-06-04,19.268,4.717,57,36
2016-06-05,20.946,0.05,57,4
2016-06-06,19.384,0.828,57,47
2016-06-07,21.098,0.49,57,31
2016-06-08,20.914,4.179,57,19
2016-06-09,22.096,0.033,57,3
2016-06-10,22.947,0.0,57,1
2016-06-11,23.623,3.136,57,33
2016-06-12,23.042,2.916,57,45
2016-06-13,22.4,1.382,57,17
2016-06-14,20.018,1.465,57,26
2016-06-15,21.4,6.195,57,56
2016-06-16,21.916,2.975,57,36
2016-06-17,23.028,,57,0
2016-06-18,23.672,1.463,57,19
2016-06-19,23.656,3.237,57,30
2016-06-20,23.079,5.929,57,34
2016-06-21,23.509,1.108,57,25
2016-06-22,22.811,6.494,57,48
2016-06-23,24.239,0.323,57,26
2016-06-24,21.7,28.349,57,57
2016-06-25,22.335,0.067,57,3
2016-06-26,22.898,,57,0
2016-06-27,22.019,2.563,57,19
2016-06-28,22.409,0.133,57,9
2016-06-29,22.847,1.092,57,24
2016-06-30,24.433,1.62,57,35
2016-07-01,24.086,58.668,57,57
2016-07-02,23.539,25.316,57,57
2016-07-03,22.316,21.509,57,46
2016-07-04,21.849,64.798,57,57
2016-07-05,24.567,42.712,57,57
2016-07-06,23.249,30.246,57,56
2016-07-07,21.851,2.6,57,38
2016-07-08,25.3,2.378,57,23
2016-07-09,26.065,0.667,57,3
2016-07-10,25.937,0.75,57,2
2016-07-11,25.63,4.331,57,45
2016-07-12,24.667,4.889,57,53
2016-07-13,25.523,0.167,57,21
2016-07-14,24.807,4.519,57,31
2016-07-15,24.33,1.281,57,31
2016-07-16,21.361,31.653,57,57
2016-07-17,22.995,2.142,57,33
2016-07-18,23.544,0.588,57,8
2016-07-19,24.739,1.286,57,7
2016-07-20,25.093,0.317,57,6
2016-07-21,24.965,0.0,57,1
2016-07-22,25.711,,57,0
2016-07-23,26.295,8.982,57,11
2016-07-24,27.211,11.983,57,23
2016-07-25,27.191,11.739,57,28
2016-07-26,27.825,0.867,57,6
2016-07-27,27.804,2.209,57,33
2016-07-28,28.065,1.245,57,42
2016-07-29,27.381,17.097,57,31
2016-07-30,28.184,9.411,57,35
2016-07-31,27.716,9.478,57,27
2016-08-01,27.098,4.819,57,32
2016-08-02,26.14,5.275,57,51
2016-08-03,26.493,2.578,57,27
2016-08-04,27.507,1.033,57,9
2016-08-05,27.912,2.0,57,4
2016-08-06,28.149,2.68,57,10
2016-08-07,28.321,10.636,57,14
2016-08-08,27.944,13.324,57,21
2016-08-09,27.407,5.583,57,18
2016-08-10,28.233,,57,0
2016-08-11,29.021,,57,0
2016-08-12,29.265,,57,0
2016-08-13,29.323,,57,0
2016-08-14,28.858,3.059,57,17
2016-08-15,28.232,4.971,57,28
2016-08-16,27.686,6.252,57,31
2016-08-17,27.489,3.462,57,13
2016-08-18,27.819,2.686,57,7
2016-08-19,27.953,2.514,57,7
2016-08-20,28.105,2.0,57,3
2016-08-21,27.668,0.992,57,12
2016-08-22,27.749,4.223,57,13
2016-08-23,27.007,3.88,57,30
2016-08-24,27.049,0.121,57,14
2016-08-25,26.986,4.454,57,26
2016-08-26,21.233,12.558,57,57
2016-08-27,21.695,0.603,57,39
2016-08-28,19.191,24.432,57,56
2016-08-29,19.974,5.135,57,37
2016-08-30,18.033,1.588,57,41
2016-08-31,21.14,9.226,57,50
2016-09-01,24.288,3.364,57,36
2016-09-02,21.158,33.335,57,54
2016-09-03,22.716,31.455,57,42
2016-09-04,24.321,4.668,57,37
2016-09-05,24.347,2.546,57,37
2016-09-06,23.353,0.0,57,6
2016-09-07,22.895,1.547,57,43
2016-09-08,22.411,4.407,57,42
2016-09-09,22.514,2.624,57,29
2016-09-10,22.226,9.213,57,31
2016-09-11,22.575,2.155,57,33
2016-09-12,21.507,8.004,57,50
2016-09-13,22.098,0.4,57,3
2016-09-14,22.405,1.333,57,9
2016-09-15,22.365,0.0,57,2
2016-09-16,21.856,5.807,57,45
2016-09-17,20.011,83.527,57,56
2016-09-18,19.94,9.677,57,43
2016-09-19,17.665,1.768,57,22
2016-09-20,18.495,,57,0
2016-09-21,16.0,0.0,57,3
2016-09-22,18.998,0.192,57,13
2016-09-23,19.325,,57,0
2016-09-24,20.191,,57,0
2016-09-25,20.426,,57,0
2016-09-26,21.288,2.424,57,38
2016-09-27,22.268,6.714,57,56
2016-09-28,21.026,8.671,57,48
2016-09-29,18.693,2.042,57,36
2016-09-30,17.549,12.978,57,40
2016-10-01,18.7,2.714,57,36
2016-10-02,20.353,6.273,57,56
2016-10-03,22.346,11.646,57,52
2016-10-04,20.96,0.904,57,24
2016-10-05,19.153,50.294,57,54
2016-10-06,18.24,0.229,57,7
2016-10-07,18.021,9.326,57,57
2016-10-08,17.132,20.842,57,57
2016-10-09,12.375,0.1,57,1
2016-10-10,12.882,0.0,57,1
2016-10-11,14.03,,57,0
2016-10-12,14.554,0.1,57,3
2016-10-13,14.058,,57,0
2016-10-14,14.77,,57,0
2016-10-15,16.3,0.0,57,1
2016-10-16,15.56,19.115,57,55
2016-10-17,17.333,0.896,57,26
2016-10-18,15.932,1.0,57,1
2016-10-19,16.419,,57,0
2016-10-20,16.426,0.843,57,7
2016-10-21,16.182,0.612,57,34
2016-10-22,16.633,0.525,57,32
2016-10-23,13.807,2.686,57,50
2016-10-24,13.623,0.072,57,25
2016-10-25,14.13,15.419,57,57
2016-10-26,13.511,0.0,57,8
2016-10-27,14.06,0.222,57,9
2016-10-28,13.665,5.293,57,56
2016-10-29,10.182,4.525,57,8
2016-10-30,7.602,0.0,57,1
2016-10-31,7.872,0.166,57,38
2016-11-01,4.091,,57,0
2016-11-02,4.721,0.177,57,13
2016-11-03,7.746,0.187,57,30
2016-11-04,9.947,0.0,57,4
2016-11-05,12.982,0.862,57,8
2016-11-06,12.168,6.354,57,13
2016-11-07,12.788,2.245,57,42
2016-11-08,7.886,1.74,57,53
2016-11-09,3.796,,57,0
2016-11-10,6.874,2.959,57,54
2016-11-11,8.923,1.323,57,44
2016-11-12,9.544,,57,0
2016-11-13,12.107,2.174,57,23
2016-11-14,13.914,2.298,57,40
2016-11-15,9.023,0.0,57,1
2016-11-16,5.993,,57,0
2016-11-17,8.095,,57,0
2016-11-18,9.396,10.442,57,52
2016-11-19,12.919,1.298,57,50
2016-11-20,11.798,0.1,57,8
2016-11-21,9.618,0.168,57,19
2016-11-22,5.958,1.403,57,31
2016-11-23,2.628,0.357,57,7
2016-11-24,0.095,0.0,57,1
2016-11-25,1.204,0.0,57,2
2016-11-26,0.537,2.162,57,53
2016-11-27,3.428,0.243,57,23
2016-11-28,1.391,0.0,57,3
2016-11-29,2.396,0.971,57,7
2016-11-30,5.928,2.278,57,55
2016-12-01,6.018,0.206,57,33
2016-12-02,2.461,,57,0
2016-12-03,3.598,,57,0
2016-12-04,4.777,0.009,57,11
2016-12-05,7.488,0.436,57,22
2016-12-06,1.305,,57,0
2016-12-07,0.867,0.181,57,31
2016-12-08,0.998,1.777,57,39
2016-12-09,4.068,1.781,57,48
2016-12-10,0.142,,57,0
2016-12-11,-0.593,,57,0
2016-12-12,3.174,0.2,57,26
2016-12-13,4.9,2.143,57,7
2016-12-14,1.158,4.924,57,29
2016-12-15,-1.502,0.289,57,9
2016-12-16,-2.653,,57,0
2016-12-17,2.881,0.0,57,3
2016-12-18,3.8,0.14,57,15
2016-12-19,6.547,3.784,57,55
2016-12-20,6.849,0.64,57,5
2016-12-21,4.126,23.728,57,57
2016-12-22,8.277,18.039,57,57
2016-12-23,1.189,1.007,57,42
2016-12-24,-0.093,0.0,57,2
2016-12-25,2.44,0.1,57,3
2016-12-26,4.004,9.987,57,54
2016-12-27,0.791,2.346,57,48
2016-12-28,-1.965,0.0,57,1
2016-12-29,-1.861,0.307,57,28
2016-12-30,-2.119,,57,0
2016-12-31,1.146,0.057,57,7
2017-01-01,2.672,0.0,57,1
2017-01-02,4.805,0.15,57,20
2017-01-03,3.03,,57,0
2017-01-04,3.272,,57,0
2017-01-05,3.712,5.459,57,17
2017-01-06,4.712,0.362,57,13
2017-01-07,3.474,0.5,57,10
2017-01-08,6.828,1.632,57,41
2017-01-09,4.032,0.274,57,31
2017-01-10,-0.27,0.044,57,9
2017-01-11,-2.344,0.155,57,11
2017-01-12,0.121,0.339,57,31
2017-01-13,-2.981,0.395,57,41
2017-01-14,-5.642,0.222,55,9
2017-01-15,-7.095,,57,0
2017-01-16,-3.795,0.0,57,1
2017-01-17,-2.275,,57,0
2017-01-18,-0.146,0.0,57,4
2017-01-19,-0.384,0.0,57,3
2017-01-20,-2.214,3.198,57,53
2017-01-21,-3.4,0.887,57,40
2017-01-22,-4.382,0.727,57,48
2017-01-23,-6.646,0.32,56,10
2017-01-24,-5.424,0.0,55,2
2017-01-25,-4.568,,57,0
2017-01-26,-1.56,0.783,57,6
2017-01-27,1.095,1.615,57,48
2017-01-28,0.025,,57,0
2017-01-29,2.7,4.267,57,57
2017-01-30,-1.447,1.06,57,52
2017-01-31,-3.479,,57,0
2017-02-01,-3.461,0.0,57,3
2017-02-02,-1.377,,57,0
2017-02-03,1.321,,57,0
2017-02-04,3.481,0.477,57,26
2017-02-05,3.775,1.474,57,53
2017-02-06,0.346,0.025,57,4
2017-02-07,-0.53,,57,0
2017-02-08,0.393,0.156,57,9
2017-02-09,-2.596,0.324,57,21
2017-02-10,-4.586,1.232,57,19
2017-02-11,-5.06,0.317,57,12
2017-02-12,-1.2,0.02,57,5
2017-02-13,0.404,0.478,57,27
2017-02-14,0.974,0.087,57,8
2017-02-15,1.956,,57,0
2017-02-16,6.814,1.464,57,50
2017-02-17,5.435,2.051,57,55
2017-02-18,-0.416,0.05,57,2
2017-02-19,2.905,2.302,57,51
2017-02-20,2.668,6.482,57,55
2017-02-21,0.346,0.0,57,1
2017-02-22,3.116,16.089,57,57
2017-02-23,1.163,0.0,57,5
2017-02-24,0.14,,57,0
2017-02-25,2.637,0.0,57,2
2017-02-26,2.972,0.0,57,2
2017-02-27,3.351,0.587,57,8
2017-02-28,4.57,,57,0
2017-03-01,5.739,2.65,57,48
2017-03-02,2.937,2.257,57,53
2017-03-03,3.442,,57,0
2017-03-04,3.386,0.0,57,1
2017-03-05,5.83,0.7,57,19
2017-03-06,2.604,0.605,57,22
2017-03-07,-0.212,0.941,57,32
2017-03-08,0.823,0.141,57,27
2017-03-09,4.514,0.017,57,6
2017-03-10,4.818,,57,0
2017-03-11,6.209,,57,0
2017-03-12,8.158,0.18,57,5
2017-03-13,7.488,,57,0
2017-03-14,5.1,1.56,57,20
2017-03-15,4.416,,57,0
2017-03-16,5.311,0.0,57,1
2017-03-17,6.682,,57,0
2017-03-18,8.184,,57,0
2017-03-19,8.756,,57,0
2017-03-20,7.977,3.661,57,36
2017-03-21,6.779,1.83,57,43
2017-03-22,6.642,,57,0
2017-03-23,8.275,0.925,57,4
2017-03-24,7.468,0.029,57,7
2017-03-25,6.004,6.851,57,47
2017-03-26,5.779,2.11,57,39
2017-03-27,5.477,1.366,57,53
2017-03-28,6.856,1.224,57,25
2017-03-29,8.165,1.922,57,32
2017-03-30,10.144,0.1,57,1
2017-03-31,8.314,4.039,57,56
2017-04-01,7.065,4.302,57,50
2017-04-02,7.816,0.233,57,3
2017-04-03,11.109,,57,0
2017-04-04,13.132,,57,0
2017-04-05,12.895,17.481,57,57
2017-04-06,13.5,12.939,57,57
2017-04-07,14.167,,57,0
2017-04-08,14.839,0.2,57,9
2017-04-09,13.03,1.461,57,23
2017-04-10,13.168,0.237,57,24
2017-04-11,12.004,12.608,57,51
2017-04-12,11.904,0.2,57,1
2017-04-13,12.832,0.0,57,3
2017-04-14,14.44,1.274,57,46
2017-04-15,17.191,0.439,57,18
2017-04-16,17.709,,57,0
2017-04-17,13.181,17.237,57,57
2017-04-18,12.998,4.125,57,51
2017-04-19,12.946,0.0,57,1
2017-04-20,12.147,0.898,57,45
2017-04-21,12.604,1.08,57,5
2017-04-22,12.753,0.809,57,22
2017-04-23,13.84,,57,0
2017-04-24,14.884,,57,0
2017-04-25,16.635,2.342,57,31
2017-04-26,14.493,1.725,57,40
2017-04-27,12.619,0.0,57,1
2017-04-28,14.772,,57,0
2017-04-29,16.851,0.05,57,2
2017-04-30,19.546,,57,0
2017-05-01,17.784,,57,0
2017-05-02,16.868,,57,0
2017-05-03,18.351,,57,0
2017-05-04,19.123,0.275,57,28
2017-05-05,19.811,5.049,57,43
2017-05-06,16.284,,57,0
2017-05-07,16.863,,57,0
2017-05-08,17.953,0.0,57,3
2017-05-09,14.796,11.07,57,57
2017-05-10,15.304,1.456,57,52
2017-05-11,18.474,0.674,57,34
2017-05-12,17.851,2.583,57,40
2017-05-13,17.314,5.387,57,38
2017-05-14,16.281,,57,0
2017-05-15,15.693,0.0,57,2
2017-05-16,16.13,0.127,57,11
2017-05-17,17.112,2.307,57,14
2017-05-18,19.349,,57,0
2017-05-19,21.181,,57,0
2017-05-20,20.744,,57,0
2017-05-21,20.467,,57,0
2017-05-22,19.954,,57,0
2017-05-23,19.435,3.778,57,18
2017-05-24,19.579,4.39,57,52
2017-05-25,19.237,0.0,57,2
2017-05-26,15.721,0.433,57,3
2017-05-27,17.307,,57,0
2017-05-28,20.354,,57,0
2017-05-29,23.282,,57,0
2017-05-30,22.826,,57,0
2017-05-31,21.411,4.256,57,27
2017-06-01,20.672,5.362,57,29
2017-06-02,18.591,0.135,57,17
2017-06-03,18.849,0.244,57,34
2017-06-04,19.198,1.588,57,8
2017-06-05,20.049,0.013,57,8
2017-06-06,17.537,8.088,57,57
2017-06-07,18.109,6.471,57,56
2017-06-08,20.225,,57,0
2017-06-09,21.76,1.521,57,14
2017-06-10,20.902,0.924,57,25
2017-06-11,20.221,1.023,57,13
2017-06-12,19.346,0.138,57,8
2017-06-13,18.877,3.164,57,47
2017-06-14,20.442,0.067,57,3
2017-06-15,22.402,0.0,57,1
2017-06-16,22.23,,57,0
2017-06-17,22.432,,57,0
2017-06-18,23.228,0.5,57,1
2017-06-19,24.137,,57,0
2017-06-20,23.179,4.878,57,23
2017-06-21,23.302,0.667,57,24
2017-06-22,23.754,,57,0
2017-06-23,24.621,0.9,57,2
2017-06-24,23.065,2.904,57,50
2017-06-25,22.521,13.132,57,38
2017-06-26,22.125,10.37,57,50
2017-06-27,23.081,3.945,57,38
2017-06-28,24.114,7.52,57,25
2017-06-29,24.018,6.911,57,28
2017-06-30,25.196,1.296,57,23
2017-07-01,24.988,5.777,57,48
2017-07-02,25.351,27.468,57,57
2017-07-03,25.307,33.891,57,57
2017-07-04,25.147,26.802,57,56
2017-07-05,25.767,7.632,57,22
2017-07-06,25.396,10.182,57,34
2017-07-07,25.763,5.071,57,56
2017-07-08,25.463,27.353,57,57
2017-07-09,26.832,8.872,57,50
2017-07-10,25.925,29.632,57,56
2017-07-11,26.347,6.254,57,52
2017-07-12,27.112,0.08,57,5
2017-07-13,26.879,0.1,57,1
2017-07-14,24.216,9.676,57,50
2017-07-15,25.132,24.023,57,53
2017-07-16,26.312,38.442,57,38
2017-07-17,26.047,6.194,57,48
2017-07-18,25.791,3.012,57,41
2017-07-19,27.282,0.05,57,6
2017-07-20,28.167,,57,0
2017-07-21,29.086,4.321,57,14
2017-07-22,27.651,13.0,57,25
2017-07-23,26.551,20.052,57,40
2017-07-24,26.905,11.262,57,50
2017-07-25,26.57,14.478,57,46
2017-07-26,25.802,0.3,57,3
2017-07-27,25.393,1.318,57,11
2017-07-28,23.504,15.888,57,43
2017-07-29,25.019,9.852,57,42
2017-07-30,25.984,1.873,57,26
2017-07-31,24.458,22.555,57,55
2017-08-01,26.386,3.505,57,38
2017-08-02,26.995,3.092,57,12
2017-08-03,26.947,,57,0
2017-08-04,28.258,,57,0
2017-08-05,27.139,3.629,57,7
2017-08-06,26.981,4.137,57,27
2017-08-07,28.26,3.436,57,22
2017-08-08,27.146,0.361,57,28
2017-08-09,25.158,13.905,57,55
2017-08-10,25.332,21.326,57,43
2017-08-11,25.496,10.284,57,44
2017-08-12,23.023,3.562,57,13
2017-08-13,23.768,3.277,57,47
2017-08-14,22.642,34.653,57,57
2017-08-15,22.818,29.932,57,57
2017-08-16,24.204,6.971,57,52
2017-08-17,24.256,7.04,57,50
2017-08-18,24.726,9.32,57,41
2017-08-19,24.656,7.869,57,52
2017-08-20,24.379,24.007,57,57
2017-08-21,24.996,26.591,57,57
2017-08-22,26.449,8.746,57,46
2017-08-23,27.458,15.969,57,48
2017-08-24,27.623,19.112,57,52
2017-08-25,25.44,6.058,57,24
2017-08-26,22.728,0.05,57,2
2017-08-27,21.979,0.0,57,7
2017-08-28,23.225,13.692,57,38
2017-08-29,21.937,3.785,57,34
2017-08-30,19.23,0.096,57,24
2017-08-31,20.651,0.0,57,1
2017-09-01,20.839,0.233,57,3
2017-09-02,20.258,,57,0
2017-09-03,20.935,,57,0
2017-09-04,19.302,,57,0
2017-09-05,20.311,1.767,57,48
2017-09-06,20.453,10.411,57,57
2017-09-07,21.135,1.377,57,35
2017-09-08,22.075,,57,0
2017-09-09,21.891,,57,0
2017-09-10,22.07,0.208,57,26
2017-09-11,20.068,55.267,57,57
2017-09-12,21.365,,57,0
2017-09-13,19.684,,57,0
2017-09-14,19.904,0.0,57,1
2017-09-15,20.235,0.025,57,4
2017-09-16,20.028,0.87,57,10
2017-09-17,20.753,5.226,57,19
2017-09-18,20.26,,57,0
2017-09-19,21.437,11.161,57,23
2017-09-20,19.326,1.429,57,17
2017-09-21,17.789,,57,0
2017-09-22,18.868,,57,0
2017-09-23,19.519,0.267,57,3
2017-09-24,20.66,0.45,57,10
2017-09-25,21.439,,57,0
2017-09-26,21.9,0.083,57,24
2017-09-27,19.095,21.995,57,57
2017-09-28,19.233,1.333,57,9
2017-09-29,15.184,,57,0
2017-09-30,16.828,,57,0
2017-10-01,15.986,14.042,57,57
2017-10-02,19.447,17.262,57,56
2017-10-03,17.742,2.756,57,16
2017-10-04,16.642,0.413,57,16
2017-10-05,16.368,1.471,57,28
2017-10-06,16.161,7.281,57,54
2017-10-07,19.14,0.527,57,11
2017-10-08,20.149,0.05,57,2
2017-10-09,20.605,0.0,57,1
2017-10-10,20.593,4.341,57,17
2017-10-11,17.561,7.446,57,48
2017-10-12,12.767,11.024,57,50
2017-10-13,12.544,0.1,57,3
2017-10-14,13.551,,57,0
2017-10-15,14.175,1.62,57,25
2017-10-16,15.088,0.0,57,11
2017-10-17,14.73,0.0,57,2
2017-10-18,15.181,0.396,57,52
2017-10-19,14.996,1.23,57,20
2017-10-20,14.807,0.0,57,1
2017-10-21,14.675,,57,0
2017-10-22,15.195,1.758,57,12
2017-10-23,12.368,0.0,57,6
2017-10-24,11.126,0.288,57,24
2017-10-25,11.289,,57,0
2017-10-26,12.344,,57,0
2017-10-27,14.14,0.0,57,3
2017-10-28,14.96,,57,0
2017-10-29,12.404,21.25,57,4
2017-10-30,7.309,0.033,57,3
2017-10-31,8.254,,57,0
2017-11-01,11.925,,57,0
2017-11-02,13.188,0.867,57,6
2017-11-03,11.846,2.045,57,40
2017-11-04,7.686,8.4,57,8
2017-11-05,7.133,,57,0
2017-11-06,9.258,,57,0
2017-11-07,13.196,0.34,57,15
2017-11-08,13.746,0.125,57,20
2017-11-09,8.651,,57,0
2017-11-10,10.937,2.759,57,51
2017-11-11,6.186,,57,0
2017-11-12,5.051,,57,0
2017-11-13,7.689,1.168,57,19
2017-11-14,8.682,0.147,57,17
2017-11-15,5.023,0.022,57,18
2017-11-16,2.495,0.033,57,3
2017-11-17,4.393,0.197,57,38
2017-11-18,1.558,0.105,57,21
2017-11-19,0.098,0.0,57,2
2017-11-20,2.479,0.113,57,16
2017-11-21,2.216,0.0,57,1
2017-11-22,4.589,0.665,57,43
2017-11-23,1.589,1.344,57,36
2017-11-24,1.088,1.806,57,47
2017-11-25,3.549,8.971,57,24
2017-11-26,5.768,2.456,57,34
2017-11-27,3.521,,57,0
2017-11-28,6.832,0.079,57,19
2017-11-29,7.105,0.062,57,16
2017-11-30,1.658,,57,0
2017-12-01,-1.165,0.02,57,10
2017-12-02,0.832,0.1,57,5
2017-12-03,3.805,1.372,57,18
2017-12-04,1.686,0.395,57,37
2017-12-05,-2.93,0.427,57,15
2017-12-06,0.058,1.269,57,39
2017-12-07,2.019,1.385,57,40
2017-12-08,-1.714,0.65,56,8
2017-12-09,0.061,0.147,57,15
2017-12-10,2.853,2.246,57,57
2017-12-11,-3.7,0.85,57,20
2017-12-12,-6.727,0.138,55,8
2017-12-13,-6.021,,57,0
2017-12-14,-4.765,0.0,57,1
2017-12-15,-1.421,0.075,57,16
2017-12-16,-2.237,0.662,57,13
2017-12-17,-5.074,0.312,57,8
2017-12-18,-2.602,0.55,57,38
2017-12-19,-5.234,0.119,56,32
2017-12-20,-2.189,0.984,57,32
2017-12-21,-0.56,0.018,57,11
2017-12-22,1.253,,57,0
2017-12-23,3.333,0.0,57,2
2017-12-24,3.677,14.637,57,57
2017-12-25,-0.288,0.162,57,13
2017-12-26,-1.335,0.4,57,21
2017-12-27,-6.282,,56,0
2017-12-28,-3.76,0.0,57,4
2017-12-29,2.449,0.0,57,9
2017-12-30,2.274,0.886,57,37
2017-12-31,1.667,0.532,57,50
2018-01-01,-0.968,,57,0
2018-01-02,-2.207,0.0,57,8
2018-01-03,-3.926,,57,0
2018-01-04,-2.18,,56,0
2018-01-05,-0.644,0.25,57,4
2018-01-06,-1.447,,57,0
2018-01-07,-1.007,0.688,57,25
2018-01-08,1.83,2.089,57,56
2018-01-09,-1.886,1.827,57,48
2018-01-10,-5.096,2.607,57,46
2018-01-11,-10.489,1.847,57,15
2018-01-12,-9.204,0.1,57,12
2018-01-13,-5.463,0.18,57,30
2018-01-14,-0.877,,57,0
2018-01-15,4.088,0.184,57,19
2018-01-16,3.298,7.83,57,47
2018-01-17,3.947,5.935,57,49
2018-01-18,3.298,0.036,57,14
2018-01-19,0.825,,57,0
2018-01-20,0.696,0.0,57,1
2018-01-21,0.635,,57,0
2018-01-22,2.377,1.452,57,56
2018-01-23,-6.898,0.076,54,21
2018-01-24,-11.06,0.125,57,8
2018-01-25,-10.514,0.0,57,1
2018-01-26,-11.086,0.5,57,2
2018-01-27,-7.541,0.0,54,1
2018-01-28,-3.191,0.075,57,8
2018-01-29,-6.565,0.338,57,8
2018-01-30,-5.098,0.335,56,20
2018-01-31,-1.367,0.158,57,12
2018-02-01,-2.659,0.0,56,1
2018-02-02,-3.014,0.0,57,2
2018-02-03,-4.977,0.34,57,35
2018-02-04,-7.68,1.586,56,7
2018-02-05,-7.917,1.4,54,4
2018-02-06,-8.537,0.492,56,13
2018-02-07,-7.436,0.08,56,10
2018-02-08,-4.261,,56,0
2018-02-09,0.923,0.08,57,5
2018-02-10,1.005,0.0,57,5
2018-02-11,-4.286,0.772,57,47
2018-02-12,-4.768,0.73,57,40
2018-02-13,-1.291,0.226,57,34
2018-02-14,4.218,,57,0
2018-02-15,1.656,,57,0
2018-02-16,0.595,,57,0
2018-02-17,-0.653,0.0,57,2
2018-02-18,0.418,,57,0
2018-02-19,2.375,,57,0
2018-02-20,2.207,0.1,57,1
2018-02-21,0.025,,57,0
2018-02-22,0.061,0.408,57,13
2018-02-23,4.118,1.544,57,41
2018-02-24,4.354,1.067,57,6
2018-02-25,3.442,0.18,57,10
2018-02-26,2.64,,57,0
2018-02-27,4.661,,57,0
2018-02-28,5.114,28.582,57,57
2018-03-01,2.395,1.118,57,50
2018-03-02,0.891,,57,0
2018-03-03,7.307,0.033,57,3
2018-03-04,11.584,15.414,57,57
2018-03-05,5.125,12.563,57,57
2018-03-06,4.163,0.0,57,1
2018-03-07,4.716,4.437,57,57
2018-03-08,2.963,16.051,57,57
2018-03-09,3.233,0.64,57,10
2018-03-10,4.496,,57,0
2018-03-11,6.151,,57,0
2018-03-12,7.7,,57,0
2018-03-13,12.033,,57,0
2018-03-14,15.039,0.6,57,1
2018-03-15,12.563,21.588,57,57
2018-03-16,4.772,0.993,57,41
2018-03-17,5.233,,57,0
2018-03-18,7.728,4.93,57,56
2018-03-19,7.998,20.7,57,57
2018-03-20,4.751,1.139,57,28
2018-03-21,1.467,9.438,57,52
2018-03-22,4.742,0.15,57,18
2018-03-23,5.979,,57,0
2018-03-24,8.667,0.0,57,1
2018-03-25,10.507,,57,0
2018-03-26,11.719,,57,0
2018-03-27,13.393,,57,0
2018-03-28,14.754,,57,0
2018-03-29,14.188,,57,0
2018-03-30,12.651,,57,0
2018-03-31,13.886,,57,0
2018-04-01,15.519,0.0,57,8
2018-04-02,17.63,0.0,57,1
2018-04-03,17.858,0.72,57,10
2018-04-04,11.068,14.656,57,57
2018-04-05,7.951,13.418,57,57
2018-04-06,7.589,17.03,57,57
2018-04-07,4.639,0.421,57,38
2018-04-08,6.649,1.458,57,38
2018-04-09,10.191,0.133,57,9
2018-04-10,14.793,3.037,57,38
2018-04-11,15.195,4.102,57,46
2018-04-12,12.875,,57,0
2018-04-13,12.414,0.005,57,22
2018-04-14,9.139,22.974,57,57
2018-04-15,10.291,0.025,57,4
2018-04-16,10.691,0.2,57,1
2018-04-17,12.358,,57,0
2018-04-18,13.058,,57,0
2018-04-19,14.951,,57,0
2018-04-20,17.756,,57,0
2018-04-21,18.889,,57,0
2018-04-22,15.465,3.393,57,56
2018-04-23,10.737,46.705,57,57
2018-04-24,11.268,12.179,57,57
2018-04-25,12.779,0.567,57,3
2018-04-26,14.398,,57,0
2018-04-27,14.711,0.0,57,1
2018-04-28,15.584,,57,0
2018-04-29,16.335,,57,0
2018-04-30,18.619,0.0,57,2
2018-05-01,18.604,0.577,57,30
2018-05-02,14.707,14.314,57,57
2018-05-03,11.593,1.452,57,46
2018-05-04,14.214,,57,0
2018-05-05,17.825,0.0,57,12
2018-05-06,15.644,20.798,57,57
2018-05-07,16.282,14.838,57,42
2018-05-08,12.663,3.575,57,8
2018-05-09,13.242,0.211,57,9
2018-05-10,15.119,,57,0
2018-05-11,16.767,0.0,57,3
2018-05-12,15.558,17.205,57,57
2018-05-13,17.24,4.838,57,55
2018-05-14,19.091,,57,0
2018-05-15,22.414,0.03,57,27
2018-05-16,22.818,8.152,57,54
2018-05-17,22.828,26.293,57,43
2018-05-18,17.102,12.946,57,57
2018-05-19,15.468,0.218,57,17
2018-05-20,15.302,0.0,57,1
2018-05-21,15.851,0.0,57,2
2018-05-22,17.377,6.984,57,57
2018-05-23,17.911,14.304,57,57
2018-05-24,18.616,,57,0
2018-05-25,19.574,,57,0
2018-05-26,19.956,0.0,57,1
2018-05-27,19.533,0.1,57,1
2018-05-28,20.451,1.369,57,13
2018-05-29,21.447,3.533,57,24
2018-05-30,20.453,3.571,57,51
2018-05-31,19.456,0.0,57,1
2018-06-01,21.925,,57,0
2018-06-02,22.937,,57,0
2018-06-03,22.389,0.0,57,1
2018-06-04,22.079,0.1,57,23
2018-06-05,21.518,1.396,57,47
2018-06-06,22.368,,57,0
2018-06-07,23.125,,57,0
2018-06-08,22.182,,57,0
2018-06-09,21.075,1.516,57,38
2018-06-10,19.558,1.231,57,48
2018-06-11,18.24,11.049,57,45
2018-06-12,19.156,2.203,57,37
2018-06-13,20.228,0.23,57,10
2018-06-14,20.296,3.341,57,29
2018-06-15,19.616,1.771,57,17
2018-06-16,19.577,0.0,57,2
2018-06-17,20.819,,57,0
2018-06-18,23.346,0.0,57,2
2018-06-19,21.182,2.948,57,42
2018-06-20,22.402,0.1,57,13
2018-06-21,22.84,,57,0
2018-06-22,23.67,,57,0
2018-06-23,23.756,0.177,57,13
2018-06-24,25.267,,57,0
2018-06-25,25.274,,57,0
2018-06-26,23.046,33.176,57,55
2018-06-27,24.272,33.079,57,52
2018-06-28,22.739,34.007,57,55
2018-06-29,24.121,4.02,57,44
2018-06-30,23.137,13.427,57,52
2018-07-01,22.309,72.025,57,57
2018-07-02,20.968,48.735,57,57
2018-07-03,24.511,16.522,57,50
2018-07-04,25.414,14.105,57,39
2018-07-05,23.386,13.424,57,55
2018-07-06,19.389,6.517,57,41
2018-07-07,18.874,1.811,57,9
2018-07-08,20.596,0.011,57,9
2018-07-09,19.818,13.782,57,56
2018-07-10,23.974,6.3,57,28
2018-07-11,26.084,6.697,57,29
2018-07-12,27.26,0.456,57,9
2018-07-13,27.639,0.3,57,2
2018-07-14,27.818,0.067,57,3
2018-07-15,28.096,0.0,57,1
2018-07-16,28.116,,57,0
2018-07-17,27.858,,57,0
2018-07-18,27.682,,57,0
2018-07-19,27.988,,57,0
2018-07-20,28.57,,57,0
2018-07-21,29.242,0.267,57,3
2018-07-22,29.442,0.0,57,6
2018-07-23,29.537,8.9,57,1
2018-07-24,27.518,,57,0
2018-07-25,29.6,0.0,57,2
2018-07-26,29.795,0.4,57,1
2018-07-27,29.861,0.63,57,10
2018-07-28,28.714,5.08,57,35
2018-07-29,29.112,1.08,57,15
2018-07-30,28.828,1.741,57,22
2018-07-31,29.028,,57,0
2018-08-01,29.951,,57,0
2018-08-02,30.081,,57,0
2018-08-03,30.193,0.0,57,2
2018-08-04,30.133,0.0,57,1
2018-08-05,29.735,5.615,57,13
2018-08-06,28.798,15.774,57,39
2018-08-07,28.423,5.077,57,30
2018-08-08,28.607,8.16,57,20
2018-08-09,28.133,7.218,57,39
2018-08-10,27.472,9.451,57,43
2018-08-11,27.419,1.796,57,24
2018-08-12,25.684,2.118,57,28
2018-08-13,29.547,4.365,57,17
2018-08-14,29.789,8.071,57,7
2018-08-15,29.153,10.974,57,31
2018-08-16,26.725,12.797,57,34
2018-08-17,24.663,0.08,57,10
2018-08-18,23.811,,57,0
2018-08-19,24.911,,57,0
2018-08-20,26.237,0.0,57,3
2018-08-21,26.574,5.78,57,20
2018-08-22,28.602,0.043,57,7
2018-08-23,27.118,15.687,57,56
2018-08-24,25.372,25.047,57,57
2018-08-25,24.277,1.688,57,41
2018-08-26,21.646,63.496,57,54
2018-08-27,23.058,53.712,57,56
2018-08-28,24.705,43.104,57,50
2018-08-29,25.861,33.631,57,36
2018-08-30,25.895,19.431,57,55
2018-08-31,21.147,34.818,57,56
2018-09-01,18.786,20.85,57,18
2018-09-02,22.153,2.35,57,28
2018-09-03,23.507,36.611,57,57
2018-09-04,21.242,31.104,57,48
2018-09-05,22.891,,57,0
2018-09-06,22.288,1.234,57,47
2018-09-07,21.0,4.624,57,54
2018-09-08,19.249,0.0,57,2
2018-09-09,20.054,3.1,57,8
2018-09-10,20.281,1.683,57,12
2018-09-11,19.167,0.0,57,2
2018-09-12,20.596,0.417,57,6
2018-09-13,20.546,3.346,57,39
2018-09-14,21.242,11.969,57,55
2018-09-15,21.7,2.971,57,56
2018-09-16,22.379,0.522,57,41
2018-09-17,21.649,0.122,57,40
2018-09-18,20.647,0.0,57,1
2018-09-19,20.446,1.498,57,42
2018-09-20,19.374,10.498,57,57
2018-09-21,18.937,28.105,57,57
2018-09-22,19.984,2.077,57,13
2018-09-23,18.428,0.432,57,25
2018-09-24,16.14,0.1,57,1
2018-09-25,16.153,6.333,57,3
2018-09-26,17.386,2.78,57,10
2018-09-27,16.793,0.44,57,5
2018-09-28,16.377,0.15,57,14
2018-09-29,18.186,8.27,57,20
2018-09-30,18.14,3.319,57,16
2018-10-01,15.388,2.008,57,36
2018-10-02,14.865,0.0,57,1
2018-10-03,15.054,,57,0
2018-10-04,17.74,1.143,57,35
2018-10-05,17.179,53.204,57,57
2018-10-06,18.537,75.542,57,57
2018-10-07,17.174,,57,0
2018-10-08,13.944,,57,0
2018-10-09,14.337,0.129,57,14
2018-10-10,13.467,2.073,57,45
2018-10-11,10.146,0.033,57,3
2018-10-12,9.858,,57,0
2018-10-13,11.365,0.05,57,2
2018-10-14,12.647,,57,0
2018-10-15,13.577,,57,0
2018-10-16,10.621,1.833,57,6
2018-10-17,11.881,12.133,57,6
2018-10-18,11.107,10.106,57,36
2018-10-19,9.821,0.233,57,6
2018-10-20,11.116,,57,0
2018-10-21,11.184,,57,0
2018-10-22,12.477,0.0,57,2
2018-10-23,12.66,1.802,57,43
2018-10-24,11.709,,57,0
2018-10-25,11.751,,57,0
2018-10-26,11.779,7.664,57,56
2018-10-27,9.888,0.7,57,34
2018-10-28,9.847,5.989,57,56
2018-10-29,9.156,0.58,57,40
2018-10-30,6.953,0.033,57,6
2018-10-31,7.289,0.131,57,16
2018-11-01,7.046,0.0,57,1
2018-11-02,8.446,,57,0
2018-11-03,9.246,,57,0
2018-11-04,9.744,,57,0
2018-11-05,10.246,0.033,57,3
2018-11-06,9.496,2.06,57,5
2018-11-07,12.451,5.505,57,55
2018-11-08,13.646,36.33,57,57
2018-11-09,12.04,0.907,57,41
2018-11-10,10.518,0.125,57,4
2018-11-11,8.965,1.249,57,41
2018-11-12,8.884,1.6,57,26
2018-11-13,8.481,1.492,57,13
2018-11-14,8.163,4.025,57,4
2018-11-15,8.154,,57,0
2018-11-16,8.465,0.879,57,24
2018-11-17,6.898,1.5,57,1
2018-11-18,6.033,0.0,57,3
2018-11-19,6.732,0.0,57,7
2018-11-20,5.761,0.7,57,5
2018-11-21,5.67,1.082,57,39
2018-11-22,3.512,0.0,57,2
2018-11-23,1.747,,57,0
2018-11-24,2.907,4.855,57,56
2018-11-25,5.026,,57,0
2018-11-26,5.318,0.0,57,2
2018-11-27,7.156,0.0,57,1
2018-11-28,5.302,,57,0
2018-11-29,4.43,0.0,57,10
2018-11-30,4.533,,57,0
2018-12-01,4.763,,57,0
2018-12-02,7.688,0.048,57,27
2018-12-03,11.546,8.546,57,57
2018-12-04,10.014,12.891,57,57
2018-12-05,3.449,0.4,57,1
2018-12-06,3.611,2.256,57,54
2018-12-07,-3.547,0.1,57,12
2018-12-08,-5.612,0.387,57,8
2018-12-09,-5.005,0.02,57,5
2018-12-10,-2.6,,57,0
2018-12-11,-0.209,1.973,57,51
2018-12-12,-1.226,0.0,57,2
2018-12-13,-1.096,0.451,57,43
2018-12-14,-3.195,0.0,57,1
2018-12-15,-2.56,,57,0
2018-12-16,0.151,0.864,57,42
2018-12-17,2.482,0.184,57,31
2018-12-18,1.937,0.0,57,6
2018-12-19,4.702,0.275,57,12
2018-12-20,3.432,,57,0
2018-12-21,4.389,0.0,57,4
2018-12-22,6.232,0.029,57,14
2018-12-23,5.147,1.297,57,36
2018-12-24,-0.94,,57,0
2018-12-25,-0.204,0.025,57,4
2018-12-26,2.047,0.133,57,15
2018-12-27,-5.425,0.0,57,4
2018-12-28,-7.646,0.455,56,11
2018-12-29,-5.763,0.162,57,13
2018-12-30,-5.384,0.056,56,9
2018-12-31,-4.007,0.0,57,2
2019-01-01,-2.725,0.276,56,21
2019-01-02,-3.291,0.0,57,2
2019-01-03,-2.882,,57,0
2019-01-04,-1.158,0.0,57,6
2019-01-05,-0.47,0.033,57,3
2019-01-06,-2.012,,57,0
2019-01-07,-1.389,,57,0
2019-01-08,-1.433,0.0,57,1
2019-01-09,-3.621,,57,0
2019-01-10,0.002,0.037,57,8
2019-01-11,1.53,0.064,57,11
2019-01-12,2.561,3.374,57,42
2019-01-13,0.837,,57,0
2019-01-14,0.423,,57,0
2019-01-15,0.43,0.113,57,31
2019-01-16,-3.791,0.082,57,11
2019-01-17,-0.137,0.028,57,18
2019-01-18,0.233,,57,0
2019-01-19,2.472,0.674,57,23
2019-01-20,1.195,0.279,57,29
2019-01-21,-0.249,0.057,57,7
2019-01-22,1.949,,57,0
2019-01-23,2.481,,57,0
2019-01-24,0.046,,57,0
2019-01-25,-0.991,1.0,57,2
2019-01-26,-2.409,0.1,57,1
2019-01-27,-0.9,0.0,57,1
2019-01-28,2.065,0.341,57,39
2019-01-29,-0.47,,57,0
2019-01-30,2.984,0.0,57,2
2019-01-31,-0.063,6.424,57,37
2019-02-01,-1.911,0.044,57,9
2019-02-02,1.595,0.077,57,22
2019-02-03,5.193,14.602,57,57
2019-02-04,2.028,0.0,57,2
2019-02-05,2.461,,57,0
2019-02-06,5.209,,57,0
2019-02-07,1.939,0.787,57,31
2019-02-08,-2.418,,57,0
2019-02-09,-2.046,0.0,57,1
2019-02-10,-1.814,0.237,57,8
2019-02-11,-1.219,0.0,57,3
2019-02-12,-0.428,0.022,57,9
2019-02-13,-0.204,,57,0
2019-02-14,0.325,0.356,57,9
2019-02-15,1.746,0.691,57,35
2019-02-16,-0.681,0.103,57,35
2019-02-17,-0.684,,57,0
2019-02-18,1.833,0.119,57,27
2019-02-19,2.539,15.463,57,57
2019-02-20,2.377,0.05,57,14
2019-02-21,2.153,,57,0
2019-02-22,3.451,,57,0
2019-02-23,4.581,0.04,57,5
2019-02-24,5.598,,57,0
2019-02-25,5.563,,57,0
2019-02-26,5.023,,57,0
2019-02-27,6.86,0.346,57,37
2019-02-28,6.328,0.178,57,18
2019-03-01,5.558,,57,0
2019-03-02,6.5,,57,0
2019-03-03,8.261,0.033,57,6
2019-03-04,8.5,0.225,57,4
2019-03-05,7.925,,57,0
2019-03-06,8.461,1.057,57,30
2019-03-07,6.226,1.592,57,24
2019-03-08,5.839,,57,0
2019-03-09,7.581,0.189,57,9
2019-03-10,7.402,9.603,57,38
2019-03-11,5.996,1.025,57,40
2019-03-12,5.361,1.088,57,51
2019-03-13,3.367,0.158,57,12
2019-03-14,2.86,0.112,57,8
2019-03-15,5.277,3.874,57,57
2019-03-16,5.239,0.462,57,24
2019-03-17,6.095,0.0,57,1
2019-03-18,7.135,,57,0
2019-03-19,10.391,0.0,57,1
2019-03-20,11.04,15.439,57,57
2019-03-21,5.956,2.702,57,56
2019-03-22,4.932,,57,0
2019-03-23,3.658,1.726,57,54
2019-03-24,4.377,,57,0
2019-03-25,6.937,,57,0
2019-03-26,10.132,,57,0
2019-03-27,12.556,0.557,57,7
2019-03-28,10.188,1.977,57,13
2019-03-29,10.223,0.047,57,15
2019-03-30,6.804,3.34,57,57
2019-03-31,4.84,0.397,57,31
2019-04-01,5.142,0.08,57,10
2019-04-02,6.154,0.0,57,4
2019-04-03,7.014,,57,0
2019-04-04,9.614,,57,0
2019-04-05,11.251,0.017,57,6
2019-04-06,11.153,2.438,57,16
2019-04-07,12.258,3.133,57,36
2019-04-08,11.418,,57,0
2019-04-09,8.898,23.302,57,57
2019-04-10,6.896,8.451,57,57
2019-04-11,8.428,0.057,57,7
2019-04-12,10.414,0.508,57,13
2019-04-13,11.235,,57,0
2019-04-14,9.789,0.938,57,53
2019-04-15,10.816,,57,0
2019-04-16,13.94,,57,0
2019-04-17,15.375,0.55,57,4
2019-04-18,14.996,0.0,57,6
2019-04-19,12.396,0.1,57,10
2019-04-20,14.498,0.292,57,12
2019-04-21,16.374,0.254,57,13
2019-04-22,17.447,0.0,57,1
2019-04-23,16.898,5.873,57,48
2019-04-24,17.309,7.972,57,54
2019-04-25,13.244,5.1,57,57
2019-04-26,9.111,6.709,57,57
2019-04-27,11.267,0.289,57,19
2019-04-28,11.881,0.229,57,42
2019-04-29,11.075,22.017,57,48
2019-04-30,14.533,0.264,57,11
2019-05-01,15.288,1.45,57,2
2019-05-02,15.781,,57,0
2019-05-03,16.537,,57,0
2019-05-04,17.514,0.0,57,1
2019-05-05,18.635,,57,0
2019-05-06,13.602,0.263,57,24
2019-05-07,13.656,0.05,57,4
2019-05-08,15.43,,57,0
2019-05-09,16.823,,57,0
2019-05-10,17.372,,57,0
2019-05-11,18.414,0.0,57,3
2019-05-12,18.268,1.25,57,2
2019-05-13,17.8,0.062,57,21
2019-05-14,19.639,0.047,57,19
2019-05-15,20.198,0.0,57,3
2019-05-16,21.342,,57,0
2019-05-17,21.24,3.457,57,23
2019-05-18,18.763,18.263,57,52
2019-05-19,19.561,6.177,57,57
2019-05-20,16.798,2.054,57,54
2019-05-21,16.693,,57,0
2019-05-22,18.935,,57,0
2019-05-23,20.563,,57,0
2019-05-24,20.57,,57,0
2019-05-25,23.079,,57,0
2019-05-26,23.175,0.183,57,23
2019-05-27,18.425,22.06,57,57
2019-05-28,17.504,0.0,57,1
2019-05-29,19.256,0.0,57,1
2019-05-30,20.095,0.104,57,45
2019-05-31,18.439,0.719,57,42
2019-06-01,16.619,,57,0
2019-06-02,20.384,,57,0
2019-06-03,21.882,,57,0
2019-06-04,23.072,,57,0
2019-06-05,22.756,,57,0
2019-06-06,21.072,18.647,57,57
2019-06-07,18.435,27.116,57,57
2019-06-08,20.018,0.311,57,9
2019-06-09,19.681,4.146,57,26
2019-06-10,18.016,4.698,57,47
2019-06-11,18.435,2.505,57,20
2019-06-12,19.581,0.0,57,1
2019-06-13,21.265,,57,0
2019-06-14,20.123,4.704,57,28
2019-06-15,20.186,7.271,57,34
2019-06-16,20.025,1.633,57,12
2019-06-17,21.2,0.114,57,7
2019-06-18,20.988,2.929,57,48
2019-06-19,19.904,1.411,57,28
2019-06-20,23.196,,57,0
2019-06-21,22.477,5.305,57,20
2019-06-22,21.542,8.693,57,15
2019-06-23,21.451,0.825,57,16
2019-06-24,22.323,0.187,57,15
2019-06-25,23.554,0.0,57,1
2019-06-26,18.842,31.868,57,56
2019-06-27,23.607,14.753,57,53
2019-06-28,23.551,1.479,57,28
2019-06-29,21.472,28.095,57,57
2019-06-30,23.626,0.091,57,23
2019-07-01,23.049,0.553,57,32
2019-07-02,23.149,0.7,57,2
2019-07-03,22.844,0.744,57,9
2019-07-04,24.233,0.0,57,1
2019-07-05,24.956,1.183,57,6
2019-07-06,25.037,0.45,57,2
2019-07-07,23.296,0.582,57,22
2019-07-08,22.312,0.78,57,35
2019-07-09,22.321,0.882,57,11
2019-07-10,20.677,20.375,57,57
2019-07-11,22.011,9.263,57,54
2019-07-12,22.918,1.022,57,18
2019-07-13,23.179,3.317,57,24
2019-07-14,23.732,6.132,57,31
2019-07-15,22.977,13.965,57,48
2019-07-16,23.63,6.807,57,41
2019-07-17,24.409,2.434,57,41
2019-07-18,24.156,10.675,57,48
2019-07-19,25.151,12.029,57,49
2019-07-20,24.835,49.219,57,57
2019-07-21,24.6,24.286,57,57
2019-07-22,26.895,0.629,57,17
2019-07-23,27.718,0.106,57,18
2019-07-24,26.66,0.592,57,39
2019-07-25,24.068,18.487,57,55
2019-07-26,26.27,23.696,57,50
2019-07-27,26.947,15.191,57,53
2019-07-28,26.64,14.876,57,50
2019-07-29,27.57,0.6,57,13
2019-07-30,28.116,3.079,57,14
2019-07-31,25.982,18.811,57,19
2019-08-01,28.218,12.494,57,17
2019-08-02,26.412,0.9,57,4
2019-08-03,28.154,4.069,57,16
2019-08-04,28.332,3.6,57,7
2019-08-05,28.689,3.43,57,10
2019-08-06,27.347,15.485,57,40
2019-08-07,26.907,20.173,57,51
2019-08-08,27.37,8.366,57,35
2019-08-09,28.161,0.381,57,16
2019-08-10,28.465,0.0,57,2
2019-08-11,28.293,6.948,57,33
2019-08-12,27.588,21.876,57,38
2019-08-13,28.432,2.405,57,22
2019-08-14,28.393,1.05,57,26
2019-08-15,25.753,17.895,57,57
2019-08-16,26.167,2.817,57,46
2019-08-17,25.818,4.392,57,36
2019-08-18,24.94,0.067,57,3
2019-08-19,24.851,4.225,57,4
2019-08-20,25.721,0.9,57,10
2019-08-21,25.546,10.108,57,50
2019-08-22,25.623,30.417,57,47
2019-08-23,24.372,0.0,57,18
2019-08-24,22.4,0.073,57,11
2019-08-25,22.888,2.748,57,21
2019-08-26,24.114,0.189,57,9
2019-08-27,22.47,14.291,57,57
2019-08-28,23.579,1.033,57,49
2019-08-29,22.232,5.728,57,46
2019-08-30,22.537,0.436,57,22
2019-08-31,22.296,0.111,57,9
2019-09-01,21.884,1.4,57,21
2019-09-02,21.437,12.707,57,42
2019-09-03,21.821,12.891,57,56
2019-09-04,23.14,12.218,57,57
2019-09-05,23.963,28.449,57,51
2019-09-06,25.258,2.24,57,48
2019-09-07,25.696,10.454,57,57
2019-09-08,24.514,0.598,57,47
2019-09-09,24.519,6.357,57,54
2019-09-10,25.154,26.176,57,34
2019-09-11,23.628,8.696,57,54
2019-09-12,20.393,5.882,57,51
2019-09-13,21.312,0.214,57,7
2019-09-14,21.982,0.369,57,13
2019-09-15,23.193,3.425,57,8
2019-09-16,22.04,0.05,57,2
2019-09-17,20.944,,57,0
2019-09-18,20.704,0.0,57,4
2019-09-19,14.719,0.1,57,5
2019-09-20,18.884,0.043,57,7
2019-09-21,17.474,41.65,57,50
2019-09-22,17.132,70.271,57,56
2019-09-23,13.57,1.3,57,29
2019-09-24,15.395,,57,0
2019-09-25,18.04,,57,0
2019-09-26,20.072,,57,0
2019-09-27,21.061,5.779,57,14
2019-09-28,22.235,5.109,57,22
2019-09-29,21.789,2.267,57,3
2019-09-30,21.161,0.6,57,9
2019-10-01,21.196,14.64,57,25
2019-10-02,20.83,95.335,57,57
2019-10-03,21.756,29.289,57,57
2019-10-04,20.989,2.24,57,5
2019-10-05,18.767,4.116,57,38
2019-10-06,16.846,0.12,57,5
2019-10-07,15.084,8.425,57,57
2019-10-08,15.447,0.269,57,13
2019-10-09,12.814,,57,0
2019-10-10,14.458,0.0,57,2
2019-10-11,17.561,0.16,57,5
2019-10-12,17.742,0.22,57,5
2019-10-13,15.451,0.0,57,2
2019-10-14,14.293,16.41,57,10
2019-10-15,12.984,4.25,57,14
2019-10-16,12.9,,57,0
2019-10-17,13.579,0.0,57,4
2019-10-18,14.879,8.041,57,32
2019-10-19,15.825,0.483,57,18
2019-10-20,14.711,,57,0
2019-10-21,14.874,0.0,57,1
2019-10-22,15.523,0.067,57,3
2019-10-23,15.523,0.226,57,23
2019-10-24,17.149,4.642,57,24
2019-10-25,16.672,0.719,57,26
2019-10-26,12.451,0.109,57,11
2019-10-27,10.0,,57,0
2019-10-28,11.067,1.39,57,10
2019-10-29,12.765,1.326,57,34
2019-10-30,10.665,0.0,57,1
2019-10-31,12.826,,57,0
2019-11-01,13.868,,57,0
2019-11-02,12.979,0.0,57,1
2019-11-03,13.344,6.476,57,17
2019-11-04,11.961,0.033,57,6
2019-11-05,11.019,,57,0
2019-11-06,10.751,,57,0
2019-11-07,10.221,0.4,57,2
2019-11-08,7.2,,57,0
2019-11-09,7.844,0.975,57,4
2019-11-10,6.944,8.709,57,54
2019-11-11,9.609,1.269,57,48
2019-11-12,8.965,0.1,57,1
2019-11-13,8.325,3.473,57,48
2019-11-14,3.091,0.092,57,13
2019-11-15,6.723,6.952,57,29
2019-11-16,9.942,0.843,57,21
2019-11-17,10.244,21.751,57,57
2019-11-18,8.254,12.809,57,57
2019-11-19,3.016,0.267,57,21
2019-11-20,1.993,,57,0
2019-11-21,4.404,0.0,57,1
2019-11-22,8.632,,57,0
2019-11-23,10.089,0.006,57,16
2019-11-24,12.275,1.181,57,54
2019-11-25,3.756,15.291,57,11
2019-11-26,5.474,3.567,57,6
2019-11-27,5.819,3.26,57,15
2019-11-28,4.404,9.407,57,15
2019-11-29,2.918,0.0,57,2
2019-11-30,3.086,0.275,57,12
2019-12-01,5.914,12.281,57,57
2019-12-02,3.104,0.337,57,35
2019-12-03,1.772,0.768,57,31
2019-12-04,3.746,0.344,57,25
2019-12-05,-0.289,0.062,57,8
2019-12-06,-3.804,,57,0
2019-12-07,-0.516,0.127,57,15
2019-12-08,-1.253,,57,0
2019-12-09,0.589,1.0,57,6
2019-12-10,6.025,1.488,57,16
2019-12-11,4.696,0.378,57,41
2019-12-12,1.123,,57,0
2019-12-13,1.037,0.52,57,15
2019-12-14,3.556,0.618,57,45
2019-12-15,4.112,0.1,57,5
2019-12-16,6.488,0.0,57,5
2019-12-17,7.872,2.428,57,53
2019-12-18,4.305,2.833,57,6
2019-12-19,1.763,0.0,57,4
2019-12-20,-2.949,0.267,57,15
2019-12-21,-0.344,0.583,57,6
2019-12-22,2.439,1.133,57,6
2019-12-23,3.325,0.967,57,42
2019-12-24,1.4,0.0,57,1
2019-12-25,2.902,0.0,57,3
2019-12-26,3.086,1.291,57,54
2019-12-27,0.011,0.117,57,6
2019-12-28,-0.025,,57,0
2019-12-29,1.982,6.011,57,53
2019-12-30,4.47,0.973,57,55
2019-12-31,-4.358,0.095,57,19
2020-01-01,-1.461,0.046,57,13
2020-01-02,0.984,,57,0
2020-01-03,1.474,,57,0
2020-01-04,0.888,,57,0
2020-01-05,-0.939,0.0,57,2
2020-01-06,2.805,8.689,57,56
2020-01-07,8.225,43.865,57,57
2020-01-08,5.202,5.27,57,53
2020-01-09,1.418,0.0,57,4
2020-01-10,0.465,0.0,57,2
2020-01-11,1.316,,57,0
2020-01-12,1.186,0.05,57,2
2020-01-13,-0.184,0.16,57,15
2020-01-14,-0.756,0.0,57,1
2020-01-15,-1.354,,57,0
2020-01-16,-0.925,,57,0
2020-01-17,0.253,2.98,57,5
2020-01-18,0.919,3.117,57,12
2020-01-19,1.798,0.218,57,28
2020-01-20,2.191,0.036,57,14
2020-01-21,0.151,,57,0
2020-01-22,2.632,5.088,57,40
2020-01-23,3.047,3.257,57,37
2020-01-24,3.93,7.138,57,8
2020-01-25,4.537,1.0,57,6
2020-01-26,5.63,1.38,57,20
2020-01-27,5.639,14.882,57,56
2020-01-28,6.351,1.676,57,42
2020-01-29,5.36,1.436,57,36
2020-01-30,4.244,1.813,57,32
2020-01-31,2.932,0.083,57,18
2020-02-01,2.086,0.0,57,1
2020-02-02,1.963,0.0,57,3
2020-02-03,1.198,0.05,57,16
2020-02-04,-0.012,0.672,57,29
2020-02-05,-3.874,0.144,57,18
2020-02-06,-4.468,0.433,57,3
2020-02-07,-0.665,0.0,57,3
2020-02-08,1.153,0.667,57,12
2020-02-09,-0.079,1.25,57,2
2020-02-10,3.588,0.0,57,6
2020-02-11,5.295,0.021,57,14
2020-02-12,7.347,12.64,57,57
2020-02-13,8.026,0.295,57,21
2020-02-14,5.793,0.0,57,2
2020-02-15,9.212,1.494,57,48
2020-02-16,1.751,6.87,57,57
2020-02-17,-3.232,1.785,57,41
2020-02-18,-1.991,0.119,57,16
2020-02-19,1.888,,57,0
2020-02-20,2.772,0.0,57,1
2020-02-21,6.74,1.782,57,51
2020-02-22,6.007,1.963,57,54
2020-02-23,3.125,,57,0
2020-02-24,6.844,0.45,57,32
2020-02-25,6.893,29.381,57,57
2020-02-26,6.705,2.514,57,28
2020-02-27,5.019,0.371,57,21
2020-02-28,4.009,2.629,57,56
2020-02-29,6.416,0.15,57,10
2020-03-01,6.581,0.293,57,30
2020-03-02,3.14,0.333,57,18
2020-03-03,5.811,0.277,57,13
2020-03-04,3.942,0.039,57,33
2020-03-05,2.098,0.0,57,3
2020-03-06,3.579,,57,0
2020-03-07,5.075,2.803,57,31
2020-03-08,7.34,,57,0
2020-03-09,8.532,3.27,57,46
2020-03-10,7.323,9.77,57,57
2020-03-11,4.532,,57,0
2020-03-12,6.596,0.0,57,1
2020-03-13,6.835,0.083,57,12
2020-03-14,4.842,0.0,57,4
2020-03-15,4.856,0.691,57,33
2020-03-16,4.109,2.583,57,6
2020-03-17,7.037,0.353,57,15
2020-03-18,9.416,,57,0
2020-03-19,9.347,0.473,57,15
2020-03-20,9.191,,57,0
2020-03-21,13.04,1.83,57,10
2020-03-22,11.94,0.2,57,3
2020-03-23,9.495,,57,0
2020-03-24,9.272,,57,0
2020-03-25,11.488,0.0,57,1
2020-03-26,13.177,6.727,57,51
2020-03-27,11.456,6.291,57,57
2020-03-28,6.988,0.133,57,3
2020-03-29,7.382,0.388,57,8
2020-03-30,9.784,,57,0
2020-03-31,10.916,,57,0
2020-04-01,10.547,1.097,57,30
2020-04-02,9.225,,57,0
2020-04-03,10.393,,57,0
2020-04-04,8.804,0.0,57,2
2020-04-05,4.882,,57,0
2020-04-06,8.907,,57,0
2020-04-07,11.486,2.5,57,1
2020-04-08,9.502,2.2,57,2
2020-04-09,8.525,0.025,57,4
2020-04-10,9.381,0.045,57,20
2020-04-11,8.725,2.317,57,24
2020-04-12,8.016,4.278,57,50
2020-04-13,9.24,0.171,57,14
2020-04-14,11.865,,57,0
2020-04-15,10.244,0.0,57,1
2020-04-16,13.084,,57,0
2020-04-17,11.405,12.293,57,57
2020-04-18,12.204,1.11,57,41
2020-04-19,10.528,18.67,57,57
2020-04-20,11.095,0.544,57,52
2020-04-21,8.784,0.12,57,5
2020-04-22,7.063,0.013,57,16
2020-04-23,8.335,0.0,57,3
2020-04-24,10.026,,57,0
2020-04-25,13.87,0.54,57,5
2020-04-26,11.777,1.45,57,8
2020-04-27,11.063,0.417,57,18
2020-04-28,12.877,,57,0
2020-04-29,14.944,,57,0
2020-04-30,17.046,,57,0
2020-05-01,20.975,0.0,57,1
2020-05-02,20.698,0.376,57,42
2020-05-03,18.372,11.108,57,52
2020-05-04,19.032,0.1,57,5
2020-05-05,15.326,2.002,57,40
2020-05-06,17.6,0.0,57,5
2020-05-07,16.968,,57,0
2020-05-08,17.172,3.825,57,55
2020-05-09,15.619,29.151,57,57
2020-05-10,15.64,0.842,57,31
2020-05-11,18.049,0.705,57,22
2020-05-12,16.305,0.714,57,28
2020-05-13,16.084,,57,0
2020-05-14,18.704,0.05,57,4
2020-05-15,15.788,16.502,57,57
2020-05-16,17.389,0.446,57,39
2020-05-17,19.518,0.129,57,14
2020-05-18,18.077,19.54,57,57
2020-05-19,13.347,9.011,57,57
2020-05-20,13.475,2.586,57,7
2020-05-21,15.356,0.0,57,3
2020-05-22,16.814,0.585,57,26
2020-05-23,18.326,0.253,57,15
2020-05-24,18.419,5.213,57,45
2020-05-25,17.602,0.0,57,1
2020-05-26,18.165,0.722,57,32
2020-05-27,18.218,0.167,57,9
2020-05-28,18.042,0.079,57,14
2020-05-29,19.24,0.1,57,3
2020-05-30,20.323,1.3,57,1
2020-05-31,20.163,1.152,57,29
2020-06-01,20.586,0.462,57,39
2020-06-02,19.314,0.891,57,32
2020-06-03,21.961,0.537,57,19
2020-06-04,23.911,0.275,57,8
2020-06-05,22.958,0.133,57,12
2020-06-06,21.819,5.021,57,14
2020-06-07,22.018,0.167,57,3
2020-06-08,24.216,0.0,57,2
2020-06-09,25.646,,57,0
2020-06-10,25.033,13.567,57,55
2020-06-11,24.442,11.885,57,53
2020-06-12,23.226,9.726,57,46
2020-06-13,23.937,19.349,57,49
2020-06-14,23.767,19.291,57,55
2020-06-15,22.953,,57,0
2020-06-16,22.653,,57,0
2020-06-17,22.177,0.867,57,21
2020-06-18,19.874,17.005,57,38
2020-06-19,21.828,0.934,57,44
2020-06-20,22.37,0.6,57,10
2020-06-21,23.263,3.833,57,3
2020-06-22,24.358,,57,0
2020-06-23,24.549,0.0,57,7
2020-06-24,21.719,17.589,57,57
2020-06-25,21.456,4.537,57,56
2020-06-26,22.632,0.659,57,34
2020-06-27,23.384,0.852,57,25
2020-06-28,23.579,2.18,57,5
2020-06-29,21.56,37.965,57,57
2020-06-30,20.579,29.311,57,57
2020-07-01,20.346,1.49,57,50
2020-07-02,22.233,1.4,57,8
2020-07-03,21.023,4.16,57,52
2020-07-04,20.951,0.768,57,44
2020-07-05,22.26,0.157,57,7
2020-07-06,22.953,9.153,57,32
2020-07-07,23.839,0.12,57,25
2020-07-08,23.86,0.4,57,1
2020-07-09,24.198,1.388,57,25
2020-07-10,23.54,33.572,57,57
2020-07-11,23.83,3.357,57,14
2020-07-12,20.889,28.969,57,55
2020-07-13,18.937,84.925,57,57
2020-07-14,19.319,9.549,57,57
2020-07-15,19.932,3.45,57,54
2020-07-16,21.898,3.544,57,9
2020-07-17,22.807,3.588,57,8
2020-07-18,22.707,1.9,57,11
2020-07-19,23.607,6.547,57,53
2020-07-20,24.925,8.77,57,56
2020-07-21,24.816,5.219,57,31
2020-07-22,20.391,35.185,57,52
2020-07-23,21.333,69.782,57,57
2020-07-24,21.144,24.968,57,57
2020-07-25,22.158,9.955,57,53
2020-07-26,23.028,2.423,57,40
2020-07-27,22.558,11.456,57,57
2020-07-28,23.065,16.537,57,56
2020-07-29,23.37,36.747,57,57
2020-07-30,19.546,37.496,57,54
2020-07-31,25.651,6.844,57,36
2020-08-01,25.728,14.645,57,47
2020-08-02,26.051,38.192,57,39
2020-08-03,26.009,41.431,57,35
2020-08-04,26.698,24.229,57,35
2020-08-05,26.139,23.164,57,50
2020-08-06,25.163,33.089,57,57
2020-08-07,23.532,45.437,57,57
2020-08-08,23.425,77.451,57,57
2020-08-09,25.765,27.119,57,57
2020-08-10,25.556,31.861,57,57
2020-08-11,25.428,33.646,57,57
2020-08-12,26.688,7.591,57,44
2020-08-13,27.879,0.1,57,13
2020-08-14,28.137,2.262,57,24
2020-08-15,27.639,24.646,57,26
2020-08-16,27.549,0.075,57,4
2020-08-17,27.458,,57,0
2020-08-18,27.328,0.0,57,2
2020-08-19,27.33,,57,0
2020-08-20,26.965,5.2,57,3
2020-08-21,25.932,5.043,57,14
2020-08-22,25.167,13.079,57,42
2020-08-23,23.189,2.652,57,31
2020-08-24,26.467,0.2,57,5
2020-08-25,27.998,0.642,57,19
2020-08-26,27.754,10.32,57,54
2020-08-27,27.291,11.698,57,55
2020-08-28,27.039,18.638,57,53
2020-08-29,26.54,15.093,57,55
2020-08-30,26.433,9.341,57,41
2020-08-31,25.319,4.36,57,35
2020-09-01,25.167,1.261,57,51
2020-09-02,24.312,44.098,57,57
2020-09-03,23.626,49.974,57,57
2020-09-04,22.491,1.26,57,5
2020-09-05,20.346,7.2,57,34
2020-09-06,19.826,13.007,57,57
2020-09-07,20.389,66.653,57,57
2020-09-08,23.077,1.045,57,33
2020-09-09,21.349,9.773,57,56
2020-09-10,21.756,1.593,57,28
2020-09-11,20.789,4.205,57,57
2020-09-12,19.496,9.647,57,57
2020-09-13,19.893,2.404,57,23
2020-09-14,20.595,0.0,57,2
2020-09-15,21.575,0.107,57,14
2020-09-16,21.035,2.853,57,57
2020-09-17,20.353,2.0,57,42
2020-09-18,17.211,1.352,57,31
2020-09-19,18.696,2.652,57,27
2020-09-20,17.789,,57,0
2020-09-21,16.768,,57,0
2020-09-22,17.333,0.117,57,6
2020-09-23,17.844,1.43,57,10
2020-09-24,19.032,3.256,57,16
2020-09-25,16.811,11.609,57,11
2020-09-26,18.233,3.429,57,14
2020-09-27,17.984,0.664,57,11
2020-09-28,17.142,,57,0
2020-09-29,17.128,,57,0
2020-09-30,17.777,8.363,57,8
2020-10-01,18.095,0.22,57,5
2020-10-02,19.214,0.445,57,22
2020-10-03,19.135,3.302,57,48
2020-10-04,17.851,0.407,57,55
2020-10-05,13.579,,57,0
2020-10-06,13.326,,57,0
2020-10-07,15.365,0.05,57,6
2020-10-08,16.186,,57,0
2020-10-09,16.479,0.0,57,1
2020-10-10,16.081,0.0,57,1
2020-10-11,15.479,0.0,57,11
2020-10-12,15.846,0.105,57,20
2020-10-13,13.104,0.0,57,1
2020-10-14,12.26,0.013,57,8
2020-10-15,11.698,0.0,57,1
2020-10-16,11.372,0.08,57,10
2020-10-17,12.058,0.343,57,7
2020-10-18,11.891,,57,0
2020-10-19,12.675,,57,0
2020-10-20,12.825,,57,0
2020-10-21,12.679,7.136,57,36
2020-10-22,13.205,4.525,57,16
2020-10-23,9.774,,57,0
2020-10-24,9.002,,57,0
2020-10-25,11.328,,57,0
2020-10-26,11.353,,57,0
2020-10-27,12.156,,57,0
2020-10-28,13.326,0.0,57,7
2020-10-29,9.719,,57,0
2020-10-30,10.216,0.2,57,3
2020-10-31,11.182,0.0,57,10
2020-11-01,12.019,3.604,57,56
2020-11-02,10.846,1.062,57,29
2020-11-03,6.349,0.556,57,36
2020-11-04,4.86,,57,0
2020-11-05,8.135,,57,0
2020-11-06,11.968,0.055,57,29
2020-11-07,13.454,0.029,57,7
2020-11-08,9.547,,57,0
2020-11-09,6.267,0.0,57,8
2020-11-10,7.023,0.0,57,4
2020-11-11,7.249,,57,0
2020-11-12,8.63,,57,0
2020-11-13,9.691,,57,0
2020-11-14,8.132,,57,0
2020-11-15,10.468,,57,0
2020-11-16,11.212,0.017,57,6
2020-11-17,14.172,1.644,57,54
2020-11-18,17.06,2.871,57,55
2020-11-19,16.519,32.226,57,57
2020-11-20,6.853,0.0,57,20
2020-11-21,6.914,0.25,57,14
2020-11-22,7.809,2.361,57,56
2020-11-23,3.881,,57,0
2020-11-24,4.281,,57,0
2020-11-25,4.921,,57,0
2020-11-26,6.112,0.4,57,7
2020-11-27,5.707,0.04,57,5
2020-11-28,2.288,,57,0
2020-11-29,1.825,0.02,57,10
2020-11-30,1.402,,57,0
2020-12-01,-0.486,,57,0
2020-12-02,2.893,0.167,57,3
2020-12-03,2.053,0.15,57,2
2020-12-04,0.272,,57,0
2020-12-05,1.658,0.433,57,6
2020-12-06,3.049,0.0,57,1
2020-12-07,3.451,0.0,57,5
2020-12-08,0.363,,57,0
2020-12-09,0.895,,57,0
2020-12-10,4.639,0.257,57,7
2020-12-11,5.058,0.0,57,6
2020-12-12,3.682,0.0,57,1
2020-12-13,0.709,2.438,57,52
2020-12-14,-4.779,0.3,56,4
2020-12-15,-7.811,0.056,57,9
2020-12-16,-7.551,0.109,57,11
2020-12-17,-4.37,0.025,57,8
2020-12-18,-2.346,0.342,57,31
2020-12-19,-3.468,0.0,57,4
2020-12-20,-2.662,0.0,56,3
2020-12-21,-1.07,0.21,57,10
2020-12-22,0.612,0.076,57,17
2020-12-23,2.551,0.0,57,7
2020-12-24,3.728,0.038,57,16
2020-12-25,-0.042,0.294,57,16
2020-12-26,1.046,0.0,57,7
2020-12-27,3.035,2.721,57,33
2020-12-28,4.1,0.383,57,12
2020-12-29,1.837,1.636,57,56
2020-12-30,-7.075,1.837,55,35
2020-12-31,-6.796,0.441,57,27
2021-01-01,-3.705,0.435,57,31
2021-01-02,-3.034,0.125,56,20
2021-01-03,-3.656,,57,0
2021-01-04,-2.346,0.086,57,14
2021-01-05,-2.523,0.131,57,32
2021-01-06,-5.723,1.487,56,38
2021-01-07,-11.039,1.5,56,49
2021-01-08,-12.607,0.257,57,7
2021-01-09,-10.684,0.357,56,7
2021-01-10,-7.4,0.01,57,10
2021-01-11,-5.996,0.0,57,2
2021-01-12,-3.209,0.642,57,38
2021-01-13,2.925,0.017,57,18
2021-01-14,2.677,,57,0
2021-01-15,5.607,0.144,57,18
2021-01-16,-0.802,0.0,57,3
2021-01-17,-5.528,0.242,57,38
2021-01-18,-2.286,1.939,57,54
2021-01-19,-5.498,0.0,57,1
2021-01-20,-1.307,,57,0
2021-01-21,4.277,4.307,57,55
2021-01-22,6.574,1.332,57,53
2021-01-23,7.251,2.537,57,27
2021-01-24,6.254,0.25,57,20
2021-01-25,5.739,,57,0
2021-01-26,4.579,5.514,57,57
2021-01-27,3.084,,57,0
2021-01-28,-1.012,1.433,57,48
2021-01-29,-5.974,0.317,57,12
2021-01-30,-0.796,0.216,57,31
2021-01-31,2.935,0.8,57,21
2021-02-01,6.463,8.705,57,56
2021-02-02,-2.346,0.13,57,20
2021-02-03,-2.221,1.203,57,36
2021-02-04,-0.547,1.049,57,45
2021-02-05,1.116,,57,0
2021-02-06,5.068,0.0,57,4
2021-02-07,5.328,0.0,57,5
2021-02-08,-1.056,,57,0
2021-02-09,-0.547,,57,0
2021-02-10,2.3,,57,0
2021-02-11,4.307,,57,0
2021-02-12,5.719,,57,0
2021-02-13,6.161,,57,0
2021-02-14,8.004,2.393,57,55
2021-02-15,3.239,0.633,57,54
2021-02-16,-2.46,1.417,57,46
2021-02-17,-6.377,1.706,57,16
2021-02-18,-4.725,0.609,56,11
2021-02-19,2.109,,57,0
2021-02-20,9.228,,57,0
2021-02-21,12.019,,57,0
2021-02-22,9.767,,57,0
2021-02-23,2.44,,57,0
2021-02-24,2.837,0.0,57,1
2021-02-25,3.651,4.545,57,31
2021-02-26,7.1,2.18,57,20
2021-02-27,6.704,1.322,57,9
2021-02-28,6.847,0.462,57,40
2021-03-01,7.442,51.256,57,57
2021-03-02,2.168,3.467,57,49
2021-03-03,2.986,,57,0
2021-03-04,5.449,4.195,57,38
2021-03-05,8.395,1.038,57,8
2021-03-06,5.632,2.267,57,9
2021-03-07,5.361,0.229,57,7
2021-03-08,5.756,0.1,57,1
2021-03-09,7.028,,57,0
2021-03-10,7.561,,57,0
2021-03-11,9.095,0.769,57,13
2021-03-12,8.177,13.243,57,56
2021-03-13,8.109,0.0,57,1
2021-03-14,8.111,,57,0
2021-03-15,10.402,0.377,57,35
2021-03-16,10.905,1.681,57,48
2021-03-17,8.216,,57,0
2021-03-18,9.698,0.0,57,2
2021-03-19,11.53,0.0,57,2
2021-03-20,8.679,5.063,57,57
2021-03-21,6.809,0.043,57,21
2021-03-22,6.386,,57,0
2021-03-23,9.007,,57,0
2021-03-24,10.146,,57,0
2021-03-25,11.695,0.0,57,1
2021-03-26,12.456,,57,0
2021-03-27,11.832,25.153,57,57
2021-03-28,11.649,5.525,57,56
2021-03-29,12.07,0.164,57,22
2021-03-30,11.37,,57,0
2021-03-31,12.267,,57,0
2021-04-01,13.781,0.0,57,1
2021-04-02,15.791,0.0,57,16
2021-04-03,12.242,33.291,57,57
2021-04-04,10.019,9.867,57,57
2021-04-05,9.682,,57,0
2021-04-06,11.64,,57,0
2021-04-07,13.095,,57,0
2021-04-08,11.781,0.46,57,5
2021-04-09,10.091,2.992,57,12
2021-04-10,10.421,,57,0
2021-04-11,12.86,,57,0
2021-04-12,12.409,19.805,57,57
2021-04-13,11.905,3.38,57,56
2021-04-14,8.977,,57,0
2021-04-15,10.121,,57,0
2021-04-16,11.537,0.279,57,38
2021-04-17,10.154,0.271,57,31
2021-04-18,10.242,,57,0
2021-04-19,12.995,,57,0
2021-04-20,15.223,,57,0
2021-04-21,17.463,,57,0
2021-04-22,18.998,0.0,57,13
2021-04-23,17.186,0.009,57,34
2021-04-24,16.077,0.0,57,3
2021-04-25,14.923,0.1,57,4
2021-04-26,13.649,,57,0
2021-04-27,14.665,0.591,57,32
2021-04-28,15.821,0.693,57,27
2021-04-29,14.549,1.719,57,53
2021-04-30,12.853,7.4,57,56
2021-05-01,10.139,8.351,57,57
2021-05-02,11.882,2.137,57,49
2021-05-03,14.002,,57,0
2021-05-04,15.575,15.591,57,57
2021-05-05,15.088,1.706,57,48
2021-05-06,14.816,,57,0
2021-05-07,14.879,2.548,57,46
2021-05-08,15.347,0.0,57,1
2021-05-09,15.889,,57,0
2021-05-10,12.816,7.059,57,46
2021-05-11,15.744,5.683,57,29
2021-05-12,17.937,,57,0
2021-05-13,19.572,,57,0
2021-05-14,20.796,0.0,57,12
2021-05-15,20.011,8.34,57,57
2021-05-16,16.675,46.468,57,56
2021-05-17,15.105,5.174,56,54
2021-05-18,16.867,0.737,57,19
2021-05-19,19.568,,57,0
2021-05-20,16.368,10.432,57,57
2021-05-21,15.463,3.808,57,51
2021-05-22,18.467,0.067,57,3
2021-05-23,20.225,0.008,57,12
2021-05-24,19.139,0.541,57,34
2021-05-25,15.361,3.209,57,53
2021-05-26,16.665,0.411,57,19
2021-05-27,15.967,2.877,57,53
2021-05-28,15.375,16.36,57,57
2021-05-29,17.211,0.95,57,28
2021-05-30,18.661,5.958,57,36
2021-05-31,19.211,6.591,57,53
2021-06-01,20.349,1.181,57,16
2021-06-02,21.863,,57,0
2021-06-03,18.154,19.602,57,57
2021-06-04,18.74,1.429,57,51
2021-06-05,20.146,0.0,57,1
2021-06-06,19.528,0.204,57,28
2021-06-07,21.733,0.008,57,12
2021-06-08,22.735,0.22,57,20
2021-06-09,23.744,,57,0
2021-06-10,23.002,4.235,57,52
2021-06-11,21.575,20.686,57,57
2021-06-12,22.932,15.533,57,12
2021-06-13,22.909,0.667,57,12
2021-06-14,22.388,0.071,57,7
2021-06-15,20.96,8.073,57,56
2021-06-16,21.368,4.96,57,35
2021-06-17,20.167,0.849,57,51
2021-06-18,20.609,3.587,57,55
2021-06-19,21.912,0.0,57,3
2021-06-20,22.737,0.04,57,15
2021-06-21,22.319,1.769,57,13
2021-06-22,20.665,6.283,57,52
2021-06-23,20.144,3.523,57,47
2021-06-24,21.565,0.763,57,16
2021-06-25,22.625,6.422,57,23
2021-06-26,21.875,4.741,57,56
2021-06-27,23.067,3.712,57,16
2021-06-28,22.879,3.678,57,37
2021-06-29,22.821,4.731,57,36
2021-06-30,23.089,2.582,57,39
2021-07-01,24.446,4.48,57,5
2021-07-02,24.296,4.06,57,5
2021-07-03,22.065,40.258,57,57
2021-07-04,23.125,20.093,57,57
2021-07-05,22.367,21.656,57,48
2021-07-06,23.244,45.88,57,44
2021-07-07,24.319,39.219,57,52
2021-07-08,24.505,24.614,57,57
2021-07-09,24.451,7.923,57,52
2021-07-10,24.647,8.583,57,47
2021-07-11,25.24,3.642,57,43
2021-07-12,26.695,1.886,57,14
2021-07-13,27.433,0.35,57,4
2021-07-14,27.691,0.183,57,6
2021-07-15,26.863,5.834,57,29
2021-07-16,26.07,7.712,57,33
2021-07-17,25.547,2.578,57,50
2021-07-18,26.0,4.092,57,39
2021-07-19,25.972,4.698,57,46
2021-07-20,26.849,0.238,57,26
2021-07-21,27.374,,57,0
2021-07-22,27.198,,57,0
2021-07-23,27.456,,57,0
2021-07-24,27.74,,57,0
2021-07-25,27.579,0.0,57,1
2021-07-26,25.34,1.6,57,4
2021-07-27,27.656,1.433,57,9
2021-07-28,27.64,3.167,57,9
2021-07-29,27.667,0.48,57,5
2021-07-30,28.154,3.5,57,13
2021-07-31,28.309,4.748,57,44
2021-08-01,26.826,22.345,57,51
2021-08-02,26.161,11.202,57,51
2021-08-03,26.953,3.994,57,33
2021-08-04,27.993,0.271,57,14
2021-08-05,28.342,0.733,57,12
2021-08-06,27.542,5.956,57,32
2021-08-07,27.116,10.552,57,21
2021-08-08,25.219,12.464,57,45
2021-08-09,26.081,7.09,57,29
2021-08-10,24.821,9.62,57,46
2021-08-11,25.449,2.555,57,20
2021-08-12,25.321,1.267,57,30
2021-08-13,24.823,1.465,57,34
2021-08-14,23.526,12.847,57,45
2021-08-15,24.026,2.573,57,26
2021-08-16,24.23,3.494,57,16
2021-08-17,23.607,8.313,57,38
2021-08-18,22.93,8.12,57,54
2021-08-19,23.163,4.8,57,45
2021-08-20,24.335,1.018,57,28
2021-08-21,23.268,45.589,57,57
2021-08-22,24.488,0.416,57,31
2021-08-23,22.211,44.223,57,57
2021-08-24,23.811,40.568,57,57
2021-08-25,23.582,19.909,57,57
2021-08-26,24.791,0.996,57,27
2021-08-27,22.296,15.486,57,57
2021-08-28,23.433,0.709,57,23
2021-08-29,22.737,12.121,57,57
2021-08-30,23.237,0.517,57,46
2021-08-31,22.632,17.575,57,51
2021-09-01,21.993,41.836,57,56
2021-09-02,21.6,1.798,57,45
2021-09-03,21.611,1.927,57,30
2021-09-04,21.372,0.68,57,10
2021-09-05,20.923,1.515,57,41
2021-09-06,20.8,10.887,57,55
2021-09-07,20.774,11.981,57,57
2021-09-08,21.877,1.054,57,37
2021-09-09,21.746,0.0,57,3
2021-09-10,21.811,0.633,57,18
2021-09-11,22.784,,57,0
2021-09-12,22.718,0.067,57,3
2021-09-13,22.484,0.2,57,4
2021-09-14,21.605,5.483,57,23
2021-09-15,21.963,0.6,57,9
2021-09-16,21.114,0.58,57,40
2021-09-17,20.156,19.11,57,50
2021-09-18,21.049,1.018,57,11
2021-09-19,21.109,0.0,57,3
2021-09-20,21.811,0.6,57,10
2021-09-21,21.854,27.081,57,57
2021-09-22,21.312,6.822,57,49
2021-09-23,19.921,0.0,57,3
2021-09-24,19.598,2.708,57,13
2021-09-25,19.916,2.423,57,30
2021-09-26,20.404,0.309,57,11
2021-09-27,20.307,0.115,57,46
2021-09-28,20.712,0.773,57,52
2021-09-29,20.889,21.033,57,57
2021-09-30,20.544,7.581,57,31
2021-10-01,20.049,3.761,57,18
2021-10-02,20.181,1.892,57,24
2021-10-03,21.044,,57,0
2021-10-04,22.43,11.754,57,13
2021-10-05,22.209,7.0,57,13
2021-10-06,20.204,8.485,57,27
2021-10-07,18.049,2.569,57,36
2021-10-08,19.793,1.972,57,53
2021-10-09,21.579,7.01,57,39
2021-10-10,22.151,5.259,57,49
2021-10-11,15.967,11.882,57,57
2021-10-12,16.144,4.86,57,48
2021-10-13,18.047,0.165,57,20
2021-10-14,18.791,0.0,57,1
2021-10-15,17.849,6.912,57,56
2021-10-16,12.504,6.328,57,57
2021-10-17,6.186,,57,0
2021-10-18,8.725,2.55,57,8
2021-10-19,10.537,3.763,57,41
2021-10-20,8.768,0.271,57,7
2021-10-21,9.196,1.464,57,11
2021-10-22,9.668,1.431,57,16
2021-10-23,10.009,0.1,57,1
2021-10-24,10.237,,57,0
2021-10-25,10.54,,57,0
2021-10-26,11.133,,57,0
2021-10-27,12.567,1.3,57,11
2021-10-28,11.36,0.0,57,1
2021-10-29,12.098,,57,0
2021-10-30,11.707,0.0,57,4
2021-10-31,10.309,0.59,57,10
2021-11-01,12.37,0.0,57,1
2021-11-02,10.788,4.15,57,4
2021-11-03,10.9,0.463,57,8
2021-11-04,11.354,1.388,57,16
2021-11-05,11.333,0.067,57,3
2021-11-06,12.365,0.033,57,3
2021-11-07,13.814,0.277,57,13
2021-11-08,10.195,22.23,57,57
2021-11-09,7.047,3.146,57,48
2021-11-10,6.251,3.734,57,50
2021-11-11,6.756,1.407,57,46
2021-11-12,5.365,1.4,57,24
2021-11-13,6.977,0.025,57,8
2021-11-14,9.337,0.0,57,8
2021-11-15,8.588,,57,0
2021-11-16,7.802,,57,0
2021-11-17,7.128,,57,0
2021-11-18,9.777,0.067,57,12
2021-11-19,11.033,,57,0
2021-11-20,9.595,0.133,57,3
2021-11-21,10.209,1.7,57,21
2021-11-22,5.461,2.918,57,50
2021-11-23,2.14,2.15,57,28
2021-11-24,5.488,0.47,57,30
2021-11-25,5.623,0.1,57,19
2021-11-26,4.584,0.0,57,4
2021-11-27,3.221,,57,0
2021-11-28,4.309,0.0,57,1
2021-11-29,6.188,0.0,57,2
2021-11-30,6.174,23.172,57,57
2021-12-01,0.728,1.265,57,17
2021-12-02,1.632,0.259,57,29
2021-12-03,3.896,0.761,57,46
2021-12-04,1.844,0.033,57,12
2021-12-05,2.358,,57,0
2021-12-06,4.788,0.4,57,4
2021-12-07,5.568,3.26,57,10
2021-12-08,5.023,,57,0
2021-12-09,5.405,,57,0
2021-12-10,6.884,0.679,57,38
2021-12-11,6.872,,57,0
2021-12-12,4.056,0.0,57,5
2021-12-13,-2.904,0.0,57,1
2021-12-14,2.425,0.476,57,25
2021-12-15,6.186,1.246,57,28
2021-12-16,5.749,1.235,57,26
2021-12-17,-1.735,1.158,57,19
2021-12-18,-4.096,0.831,57,35
2021-12-19,0.711,0.66,57,42
2021-12-20,4.981,0.014,57,14
2021-12-21,5.898,0.0,57,1
2021-12-22,2.509,0.25,57,2
2021-12-23,1.993,,57,0
2021-12-24,2.056,2.655,57,22
2021-12-25,-8.063,2.487,56,16
2021-12-26,-8.707,1.186,56,7
2021-12-27,-4.844,0.209,57,23
2021-12-28,-0.291,0.0,57,3
2021-12-29,2.344,0.126,57,38
2021-12-30,-0.984,0.968,57,28
2021-12-31,-4.209,0.038,57,8
2022-01-01,-4.051,,57,0
2022-01-02,-1.012,0.148,57,27
2022-01-03,-1.686,0.025,57,12
2022-01-04,-0.251,0.015,57,20
2022-01-05,-1.118,0.478,57,9
2022-01-06,-0.251,0.0,57,4
2022-01-07,-1.788,,57,0
2022-01-08,0.068,0.0,57,7
2022-01-09,1.556,0.0,57,3
2022-01-10,0.988,0.319,57,26
2022-01-11,-3.154,0.324,57,37
2022-01-12,-5.084,0.0,57,11
2022-01-13,-4.681,0.275,57,24
2022-01-14,-4.365,0.2,57,1
2022-01-15,-0.275,0.033,57,15
2022-01-16,0.432,0.138,57,37
2022-01-17,-2.951,0.268,57,37
2022-01-18,-4.53,,57,0
2022-01-19,-3.272,0.604,57,45
2022-01-20,-3.807,0.65,57,12
2022-01-21,-2.821,,57,0
2022-01-22,1.223,0.006,57,16
2022-01-23,3.826,0.722,57,9
2022-01-24,3.632,1.12,57,10
2022-01-25,2.996,0.467,57,49
2022-01-26,2.075,0.0,57,1
2022-01-27,0.561,,57,0
2022-01-28,-0.681,,57,0
2022-01-29,-1.384,,57,0
2022-01-30,-1.87,0.0,57,1
2022-01-31,-1.068,0.838,57,29
2022-02-01,-0.093,0.786,57,42
2022-02-02,-1.221,0.0,57,10
2022-02-03,-1.711,0.0,57,8
2022-02-04,-2.833,0.372,57,25
2022-02-05,-4.554,0.448,57,21
2022-02-06,-2.858,0.173,57,15
2022-02-07,-1.896,,57,0
2022-02-08,-0.525,,57,0
2022-02-09,0.526,,57,0
2022-02-10,2.237,,57,0
2022-02-11,1.875,0.0,57,1
2022-02-12,3.675,0.0,57,1
2022-02-13,4.13,2.08,57,10
2022-02-14,3.796,0.589,57,46
2022-02-15,-1.848,0.112,56,34
2022-02-16,-5.189,0.974,57,23
2022-02-17,-5.561,0.175,57,4
2022-02-18,-1.598,,57,0
2022-02-19,0.721,0.021,57,28
2022-02-20,-3.396,0.211,57,18
2022-02-21,-1.356,0.156,57,32
2022-02-22,-2.211,0.05,57,18
2022-02-23,-3.919,0.0,57,10
2022-02-24,-1.858,0.0,57,1
2022-02-25,2.468,,57,0
2022-02-26,5.623,1.533,57,48
2022-02-27,4.342,0.0,57,8
2022-02-28,5.442,,57,0
2022-03-01,6.246,1.889,57,53
2022-03-02,3.711,0.1,57,1
2022-03-03,5.232,,57,0
2022-03-04,7.705,0.12,57,10
2022-03-05,4.318,0.0,57,1
2022-03-06,1.928,,57,0
2022-03-07,2.925,,57,0
2022-03-08,5.095,,57,0
2022-03-09,6.468,,57,0
2022-03-10,8.428,0.0,57,1
2022-03-11,10.786,0.013,57,15
2022-03-12,13.154,2.479,57,14
2022-03-13,12.614,18.874,57,57
2022-03-14,9.577,4.051,57,55
2022-03-15,8.47,,57,0
2022-03-16,10.496,1.2,57,1
2022-03-17,8.721,5.475,57,55
2022-03-18,6.202,6.449,57,55
2022-03-19,3.544,10.709,57,57
2022-03-20,4.584,0.124,57,25
2022-03-21,5.519,0.075,57,4
2022-03-22,6.446,0.2,57,2
2022-03-23,5.326,0.006,57,16
2022-03-24,7.644,0.2,57,2
2022-03-25,11.916,10.246,57,57
2022-03-26,11.737,26.361,57,57
2022-03-27,9.167,0.0,57,2
2022-03-28,6.84,,57,0
2022-03-29,9.126,,57,0
2022-03-30,11.328,1.032,57,44
2022-03-31,9.514,1.49,57,40
2022-04-01,7.77,0.658,57,12
2022-04-02,7.516,,57,0
2022-04-03,8.547,,57,0
2022-04-04,9.914,,57,0
2022-04-05,10.795,,57,0
2022-04-06,12.037,,57,0
2022-04-07,11.628,0.953,57,38
2022-04-08,12.505,,57,0
2022-04-09,17.125,0.2,57,11
2022-04-10,17.818,,57,0
2022-04-11,18.667,1.22,57,5
2022-04-12,18.975,0.756,57,16
2022-04-13,12.168,11.921,57,52
2022-04-14,10.488,2.09,57,49
2022-04-15,11.223,0.021,57,19
2022-04-16,11.291,,57,0
2022-04-17,12.786,,57,0
2022-04-18,14.502,,57,0
2022-04-19,14.321,,57,0
2022-04-20,14.933,,57,0
2022-04-21,13.484,2.35,57,18
2022-04-22,16.261,0.033,57,3
2022-04-23,16.788,0.183,57,6
2022-04-24,18.414,0.475,57,4
2022-04-25,19.34,7.079,57,52
2022-04-26,18.1,23.021,57,57
2022-04-27,15.765,,57,0
2022-04-28,15.149,0.117,57,18
2022-04-29,11.358,13.447,57,57
2022-04-30,12.358,0.071,57,7
2022-05-01,12.705,0.25,57,2
2022-05-02,12.065,0.885,57,27
2022-05-03,13.163,,57,0
2022-05-04,16.575,,57,0
2022-05-05,17.572,,57,0
2022-05-06,18.74,,57,0
2022-05-07,17.012,0.861,57,18
2022-05-08,14.867,1.071,57,34
2022-05-09,15.549,0.666,57,35
2022-05-10,16.172,0.011,57,18
2022-05-11,18.374,0.021,57,19
2022-05-12,18.879,0.0,57,7
2022-05-13,16.098,1.044,57,43
2022-05-14,15.319,0.0,57,1
2022-05-15,14.667,,57,0
2022-05-16,15.881,0.0,57,1
2022-05-17,18.233,0.093,57,14
2022-05-18,20.16,0.569,57,13
2022-05-19,19.47,,57,0
2022-05-20,17.468,0.3,57,4
2022-05-21,20.072,1.883,57,6
2022-05-22,20.604,0.0,57,1
2022-05-23,21.163,,57,0
2022-05-24,20.089,0.3,57,3
2022-05-25,21.335,2.667,57,27
2022-05-26,19.189,2.047,57,38
2022-05-27,19.849,0.14,57,5
2022-05-28,21.558,,57,0
2022-05-29,21.7,0.086,57,21
2022-05-30,20.158,0.466,57,50
2022-05-31,20.482,0.0,57,1
2022-06-01,21.423,0.0,57,1
2022-06-02,21.193,,57,0
2022-06-03,22.058,0.0,57,2
2022-06-04,21.968,0.0,57,2
2022-06-05,18.249,17.834,57,56
2022-06-06,17.982,9.543,57,54
2022-06-07,16.744,8.376,57,46
2022-06-08,17.979,0.821,57,28
2022-06-09,19.239,1.447,57,30
2022-06-10,20.716,0.879,57,14
2022-06-11,21.381,1.693,57,29
2022-06-12,21.002,0.59,57,10
2022-06-13,20.723,2.133,57,24
2022-06-14,17.621,6.031,57,54
2022-06-15,18.323,11.791,57,56
2022-06-16,20.718,2.65,57,20
2022-06-17,22.519,0.554,57,13
2022-06-18,24.289,0.714,57,14
2022-06-19,24.496,0.043,57,14
2022-06-20,25.14,13.1,57,7
2022-06-21,25.537,0.425,57,4
2022-06-22,25.884,0.0,57,1
2022-06-23,24.396,32.821,57,56
2022-06-24,22.344,24.821,57,57
2022-06-25,25.747,1.474,57,19
2022-06-26,26.161,2.158,57,33
2022-06-27,26.088,14.526,57,57
2022-06-28,27.177,3.218,57,38
2022-06-29,26.196,24.785,57,52
2022-06-30,25.247,41.083,57,54
2022-07-01,26.754,1.233,57,9
2022-07-02,27.268,0.0,57,1
2022-07-03,27.568,5.443,57,23
2022-07-04,27.047,3.758,57,36
2022-07-05,26.825,3.287,57,38
2022-07-06,27.626,3.134,57,29
2022-07-07,28.067,3.646,57,39
2022-07-08,26.653,3.535,57,54
2022-07-09,26.409,0.144,57,18
2022-07-10,26.919,7.539,57,36
2022-07-11,24.846,17.409,57,55
2022-07-12,25.282,0.822,57,23
2022-07-13,23.937,38.028,57,53
2022-07-14,25.416,3.329,57,51
2022-07-15,25.175,10.922,57,9
2022-07-16,24.604,4.907,57,29
2022-07-17,24.975,0.505,57,19
2022-07-18,23.077,42.659,57,46
2022-07-19,25.282,1.415,57,27
2022-07-20,26.321,0.972,57,50
2022-07-21,23.525,17.863,57,57
2022-07-22,24.068,5.84,57,40
2022-07-23,23.777,8.865,57,57
2022-07-24,24.54,8.651,57,57
2022-07-25,26.002,0.277,57,13
2022-07-26,26.126,5.8,57,3
2022-07-27,25.882,0.1,57,1
2022-07-28,26.388,0.71,57,21
2022-07-29,28.221,0.9,57,15
2022-07-30,27.593,0.518,57,49
2022-07-31,26.03,19.972,57,57
2022-08-01,27.239,15.434,57,56
2022-08-02,27.019,11.439,57,57
2022-08-03,25.337,14.182,57,51
2022-08-04,28.13,2.455,57,38
2022-08-05,28.346,1.541,57,39
2022-08-06,28.812,5.962,57,13
2022-08-07,28.611,3.628,57,32
2022-08-08,27.637,49.268,57,28
2022-08-09,26.947,48.117,57,41
2022-08-10,25.551,46.3,57,50
2022-08-11,24.953,39.546,57,57
2022-08-12,26.746,1.818,57,33
2022-08-13,25.393,12.054,57,54
2022-08-14,26.944,13.744,57,45
2022-08-15,28.196,6.996,57,45
2022-08-16,25.637,24.544,57,52
2022-08-17,24.321,7.579,57,52
2022-08-18,24.358,0.0,57,2
2022-08-19,25.647,12.108,57,26
2022-08-20,25.995,19.646,57,52
2022-08-21,25.54,0.0,57,4
2022-08-22,25.493,0.644,57,18
2022-08-23,24.274,7.311,57,53
2022-08-24,22.463,11.734,57,38
2022-08-25,22.377,0.339,57,46
2022-08-26,22.921,0.08,57,5
2022-08-27,21.277,3.96,57,15
2022-08-28,20.568,,57,0
2022-08-29,19.981,1.331,57,54
2022-08-30,19.94,31.767,57,57
2022-08-31,21.009,13.217,57,53
2022-09-01,21.449,0.638,57,13
2022-09-02,21.684,11.742,57,19
2022-09-03,22.379,3.163,57,38
2022-09-04,23.444,7.857,57,56
2022-09-05,22.332,61.963,57,57
2022-09-06,20.907,60.416,57,57
2022-09-07,20.53,0.0,57,1
2022-09-08,20.575,,57,0
2022-09-09,21.221,,57,0
2022-09-10,20.893,0.24,57,5
2022-09-11,22.119,0.182,57,17
2022-09-12,22.044,0.8,57,36
2022-09-13,23.212,0.352,57,29
2022-09-14,23.389,0.495,57,20
2022-09-15,23.682,0.1,57,3
2022-09-16,22.118,2.521,57,28
2022-09-17,23.13,0.832,57,47
2022-09-18,25.835,3.282,57,38
2022-09-19,23.326,17.778,57,23
2022-09-20,17.951,0.48,57,5
2022-09-21,16.881,0.2,57,1
2022-09-22,17.511,,57,0
2022-09-23,17.888,0.804,57,27
2022-09-24,17.111,,57,0
2022-09-25,17.475,0.0,57,3
2022-09-26,17.698,0.006,57,17
2022-09-27,18.577,0.022,57,9
2022-09-28,18.181,,57,0
2022-09-29,18.461,0.0,57,1
2022-09-30,18.782,,57,0
2022-10-01,19.326,0.0,57,1
2022-10-02,19.874,5.098,57,40
2022-10-03,22.502,21.928,57,53
2022-10-04,17.058,32.661,57,57
2022-10-05,13.574,5.257,57,30
2022-10-06,13.782,6.868,57,34
2022-10-07,14.742,3.924,57,38
2022-10-08,14.365,0.05,57,2
2022-10-09,13.344,8.667,57,57
2022-10-10,11.233,3.593,57,43
2022-10-11,11.711,0.172,57,18
2022-10-12,12.386,0.0,57,1
2022-10-13,14.57,,57,0
2022-10-14,15.189,0.0,57,1
2022-10-15,16.765,,57,0
2022-10-16,16.87,0.173,57,11
2022-10-17,13.125,0.0,57,2
2022-10-18,6.875,0.2,57,2
2022-10-19,8.791,,57,0
2022-10-20,10.811,,57,0
2022-10-21,12.993,0.025,57,12
2022-10-22,14.895,0.139,57,18
2022-10-23,11.121,7.186,57,14
2022-10-24,9.664,11.157,56,7
2022-10-25,7.439,0.688,57,8
2022-10-26,10.854,,57,0
2022-10-27,12.419,34.3,57,1
2022-10-28,10.239,5.55,57,10
2022-10-29,10.721,0.883,57,6
2022-10-30,12.495,1.922,57,9
2022-10-31,10.449,0.0,57,1
2022-11-01,10.267,,57,0
2022-11-02,10.528,0.0,57,1
2022-11-03,10.018,0.0,57,6
2022-11-04,6.649,,57,0
2022-11-05,6.0,,57,0
2022-11-06,7.491,,57,0
2022-11-07,9.023,0.238,57,8
2022-11-08,10.351,0.1,57,3
2022-11-09,10.132,,57,0
2022-11-10,11.546,0.0,57,2
2022-11-11,13.144,1.0,57,3
2022-11-12,15.844,14.758,57,53
2022-11-13,12.526,11.738,57,52
2022-11-14,9.784,0.0,57,6
2022-11-15,7.698,1.452,57,25
2022-11-16,8.426,0.872,57,25
2022-11-17,8.4,,57,0
2022-11-18,8.753,,57,0
2022-11-19,10.395,0.125,57,4
2022-11-20,11.34,0.1,57,18
2022-11-21,10.654,0.0,57,2
2022-11-22,10.547,7.311,57,56
2022-11-23,10.772,3.404,57,49
2022-11-24,7.777,,57,0
2022-11-25,9.437,0.855,57,11
2022-11-26,8.804,0.218,57,22
2022-11-27,5.882,,57,0
2022-11-28,10.596,15.877,57,57
2022-11-29,10.181,11.219,57,57
2022-11-30,-1.853,0.2,57,5
2022-12-01,-2.86,0.0,57,2
2022-12-02,-1.651,0.0,57,1
2022-12-03,2.814,0.476,57,25
2022-12-04,0.502,0.0,57,1
2022-12-05,-1.075,,57,0
2022-12-06,0.375,0.541,57,32
2022-12-07,4.009,0.182,57,17
2022-12-08,3.288,,57,0
2022-12-09,3.351,0.05,57,6
2022-12-10,2.568,0.0,57,20
2022-12-11,1.995,0.975,57,4
2022-12-12,2.237,0.87,57,54
2022-12-13,2.577,2.268,57,50
2022-12-14,-5.821,0.74,57,30
2022-12-15,-2.567,1.595,57,40
2022-12-16,-2.702,0.02,57,5
2022-12-17,-4.859,1.814,56,35
2022-12-18,-7.87,2.167,57,12
2022-12-19,-5.734,0.4,56,10
2022-12-20,-2.63,0.0,57,1
2022-12-21,0.46,5.588,57,56
2022-12-22,-4.668,2.977,57,31
2022-12-23,-7.978,4.067,55,24
2022-12-24,-7.155,0.086,56,14
2022-12-25,-4.541,,56,0
2022-12-26,-3.907,,57,0
2022-12-27,-2.735,,57,0
2022-12-28,-1.877,0.085,57,20
2022-12-29,-2.818,0.05,57,6
2022-12-30,-1.484,0.052,57,25
2022-12-31,-1.142,0.02,57,10
2023-01-01,0.216,,57,0
2023-01-02,-2.623,,57,0
2023-01-03,-3.447,,57,0
2023-01-04,-1.898,0.0,57,1
2023-01-05,-1.098,0.0,57,1
2023-01-06,0.507,1.867,57,43
2023-01-07,2.026,1.112,57,49
2023-01-08,0.668,0.0,57,1
2023-01-09,2.979,0.0,57,14
2023-01-10,1.137,0.0,57,2
2023-01-11,2.416,0.0,57,1
2023-01-12,5.158,0.604,57,46
2023-01-13,9.14,26.872,57,57
2023-01-14,6.739,3.987,57,53
2023-01-15,1.451,4.093,57,56
2023-01-16,-2.475,0.025,57,12
2023-01-17,-2.551,0.014,57,7
2023-01-18,-1.232,0.025,57,12
2023-01-19,-0.595,0.633,57,12
2023-01-20,-0.97,0.319,57,32
2023-01-21,-4.026,,57,0
2023-01-22,-0.707,0.033,57,3
2023-01-23,1.068,0.0,57,3
2023-01-24,-10.146,0.365,57,20
2023-01-25,-10.538,0.025,55,4
2023-01-26,-6.616,0.678,56,41
2023-01-27,-5.368,0.129,57,14
2023-01-28,-5.47,0.189,57,18
2023-01-29,-1.309,0.264,57,39
2023-01-30,-0.884,0.0,57,2
2023-01-31,0.965,0.0,57,1
2023-02-01,2.891,0.02,57,5
2023-02-02,-1.034,,56,0
2023-02-03,-0.404,,57,0
2023-02-04,-0.811,,57,0
2023-02-05,0.091,,57,0
2023-02-06,1.967,,57,0
2023-02-07,2.788,,57,0
2023-02-08,1.984,,57,0
2023-02-09,3.082,1.624,57,49
2023-02-10,3.198,7.138,57,56
2023-02-11,1.898,,57,0
2023-02-12,3.079,0.508,57,25
2023-02-13,5.219,2.207,57,28
2023-02-14,2.249,1.893,57,14
2023-02-15,1.965,4.479,57,14
2023-02-16,2.304,0.0,57,18
2023-02-17,3.307,0.54,57,10
2023-02-18,5.681,1.015,57,40
2023-02-19,4.625,0.533,57,45
2023-02-20,0.277,,57,0
2023-02-21,-1.321,0.0,57,1
2023-02-22,1.851,0.393,57,14
2023-02-23,4.405,0.54,57,20
2023-02-24,4.181,3.4,57,1
2023-02-25,0.94,5.6,57,6
2023-02-26,1.493,,57,0
2023-02-27,4.009,,57,0
2023-02-28,5.967,,57,0
2023-03-01,6.589,0.108,57,12
2023-03-02,2.523,0.0,57,1
2023-03-03,4.2,,57,0
2023-03-04,5.972,,57,0
2023-03-05,6.709,,57,0
2023-03-06,8.128,,57,0
2023-03-07,11.202,0.0,57,3
2023-03-08,12.396,0.8,57,13
2023-03-09,11.982,0.611,57,28
2023-03-10,11.958,,57,0
2023-03-11,13.872,,57,0
2023-03-12,7.105,8.068,57,57
2023-03-13,3.381,0.0,57,2
2023-03-14,8.13,,57,0
2023-03-15,11.026,0.06,57,5
2023-03-16,7.04,0.0,57,1
2023-03-17,7.296,0.0,57,4
2023-03-18,8.54,0.0,57,3
2023-03-19,7.947,,57,0
2023-03-20,9.16,,57,0
2023-03-21,12.437,,57,0
2023-03-22,14.646,2.151,57,37
2023-03-23,13.984,17.118,57,55
2023-03-24,10.467,2.342,57,19
2023-03-25,9.714,0.49,57,20
2023-03-26,9.223,0.2,57,24
2023-03-27,6.993,,57,0
2023-03-28,8.419,,57,0
2023-03-29,8.686,,57,0
2023-03-30,11.011,,57,0
2023-03-31,13.682,,57,0
2023-04-01,14.233,,57,0
2023-04-02,14.409,,57,0
2023-04-03,14.433,,57,0
2023-04-04,14.637,5.37,57,56
2023-04-05,13.382,29.281,57,57
2023-04-06,10.333,3.381,57,57
2023-04-07,9.658,1.54,57,43
2023-04-08,8.379,,56,0
2023-04-09,10.355,,56,0
2023-04-10,12.712,,57,0
2023-04-11,14.693,1.978,57,50
2023-04-12,11.286,,57,0
2023-04-13,12.651,0.0,57,2
2023-04-14,14.04,3.173,57,30
2023-04-15,11.853,3.268,57,57
2023-04-16,10.044,1.078,57,41
2023-04-17,12.144,0.167,57,3
2023-04-18,14.302,2.489,57,55
2023-04-19,17.432,0.967,57,15
2023-04-20,18.793,0.164,57,14
2023-04-21,15.774,0.06,57,5
2023-04-22,14.374,,57,0
2023-04-23,13.637,,57,0
2023-04-24,13.016,0.68,57,5
2023-04-25,9.153,3.986,57,56
2023-04-26,9.912,0.319,57,16
2023-04-27,10.125,,57,0
2023-04-28,15.807,0.525,57,28
2023-04-29,14.332,8.939,57,57
2023-04-30,13.746,0.493,57,14
2023-05-01,14.1,0.414,57,14
2023-05-02,15.407,0.0,57,1
2023-05-03,17.672,0.1,57,3
2023-05-04,18.532,5.581,57,36
2023-05-05,18.205,59.007,57,57
2023-05-06,13.628,35.94,57,57
2023-05-07,11.449,2.412,57,50
2023-05-08,13.093,,57,0
2023-05-09,15.818,0.0,57,1
2023-05-10,16.832,,57,0
2023-05-11,16.958,,57,0
2023-05-12,16.918,1.138,57,13
2023-05-13,16.612,3.367,57,24
2023-05-14,17.056,0.371,57,7
2023-05-15,18.989,0.2,57,1
2023-05-16,22.256,,57,0
2023-05-17,22.296,,57,0
2023-05-18,18.467,8.3,57,50
2023-05-19,18.721,2.119,57,16
2023-05-20,19.182,0.0,57,2
2023-05-21,19.091,0.191,57,11
2023-05-22,16.923,0.759,57,44
2023-05-23,17.149,0.206,57,18
2023-05-24,18.056,0.15,57,4
2023-05-25,19.628,0.0,57,5
2023-05-26,20.272,0.15,57,46
2023-05-27,20.428,5.707,57,54
2023-05-28,20.025,23.467,57,57
2023-05-29,20.386,41.602,57,57
2023-05-30,20.265,4.018,57,34
2023-05-31,20.347,0.308,57,13
2023-06-01,19.593,7.993,57,29
2023-06-02,21.309,1.297,57,33
2023-06-03,21.068,,57,0
2023-06-04,21.367,0.0,57,1
2023-06-05,21.105,0.0,57,2
2023-06-06,20.66,0.182,57,11
2023-06-07,21.307,0.25,57,2
2023-06-08,21.549,2.087,57,32
2023-06-09,21.933,6.341,57,32
2023-06-10,21.816,6.258,57,38
2023-06-11,21.642,5.84,57,43
2023-06-12,21.765,1.941,57,29
2023-06-13,21.554,4.447,57,17
2023-06-14,20.344,8.042,57,38
2023-06-15,20.4,3.032,57,28
2023-06-16,22.96,0.0,57,1
2023-06-17,24.244,,57,0
2023-06-18,24.642,,57,0
2023-06-19,24.705,,57,0
2023-06-20,22.502,3.694,57,49
2023-06-21,20.458,16.526,57,57
2023-06-22,21.937,1.171,57,35
2023-06-23,23.165,,57,0
2023-06-24,23.937,0.1,57,2
2023-06-25,23.986,10.046,57,35
2023-06-26,23.153,48.937,57,57
2023-06-27,25.182,24.645,57,56
2023-06-28,24.128,25.478,57,45
2023-06-29,21.956,42.191,57,57
2023-06-30,23.621,19.756,57,57
2023-07-01,25.249,2.369,57,13
2023-07-02,25.933,,57,0
2023-07-03,26.058,0.186,57,7
2023-07-04,24.218,33.104,57,57
2023-07-05,24.893,23.296,57,57
2023-07-06,25.753,,57,0
2023-07-07,22.512,40.459,57,46
2023-07-08,23.649,3.498,57,40
2023-07-09,24.933,11.698,57,48
2023-07-10,26.26,8.429,57,51
2023-07-11,23.996,33.442,57,57
2023-07-12,25.412,11.892,57,51
2023-07-13,24.974,24.439,57,57
2023-07-14,24.825,92.986,57,57
2023-07-15,24.405,56.679,57,57
2023-07-16,23.996,27.051,57,57
2023-07-17,25.261,20.209,57,57
2023-07-18,23.547,60.35,57,56
2023-07-19,25.018,0.673,57,22
2023-07-20,25.577,1.4,57,3
2023-07-21,26.156,7.0,57,9
2023-07-22,25.025,5.477,57,44
2023-07-23,25.563,23.902,57,56
2023-07-24,25.742,19.484,57,56
2023-07-25,26.063,8.706,57,51
2023-07-26,26.089,11.052,57,56
2023-07-27,27.181,1.433,57,15
2023-07-28,27.905,0.857,57,7
2023-07-29,28.228,0.871,57,14
2023-07-30,27.833,7.879,57,19
2023-07-31,27.653,14.831,57,13
2023-08-01,28.121,2.725,57,4
2023-08-02,28.358,3.512,57,8
2023-08-03,28.765,0.05,57,4
2023-08-04,28.856,0.0,57,1
2023-08-05,29.161,0.05,57,2
2023-08-06,28.675,5.552,57,25
2023-08-07,28.37,7.936,57,25
2023-08-08,28.181,1.835,57,17
2023-08-09,25.554,26.9,57,56
2023-08-10,22.791,108.186,57,57
2023-08-11,25.27,9.822,57,36
2023-08-12,24.877,2.708,57,48
2023-08-13,25.993,0.083,57,6
2023-08-14,26.761,0.542,57,12
2023-08-15,26.532,0.346,57,13
2023-08-16,26.175,2.4,57,16
2023-08-17,25.895,6.644,57,25
2023-08-18,26.347,7.479,57,38
2023-08-19,26.97,8.014,57,28
2023-08-20,27.153,6.549,57,37
2023-08-21,27.719,1.245,57,11
2023-08-22,27.444,7.429,57,35
2023-08-23,26.111,26.736,57,56
2023-08-24,24.509,35.089,57,56
2023-08-25,25.651,7.945,57,33
2023-08-26,24.886,,57,0
2023-08-27,25.075,1.714,57,22
2023-08-28,24.733,4.941,57,44
2023-08-29,24.954,19.054,57,56
2023-08-30,22.725,36.768,57,57
2023-08-31,23.153,15.773,57,26
2023-09-01,23.116,36.34,57,10
2023-09-02,23.514,3.265,57,34
2023-09-03,25.226,3.464,57,42
2023-09-04,23.582,1.148,57,27
2023-09-05,25.626,0.0,57,3
2023-09-06,24.923,0.123,57,13
2023-09-07,23.475,,57,0
2023-09-08,22.523,0.0,57,1
2023-09-09,22.788,0.0,57,1
2023-09-10,23.36,,57,0
2023-09-11,24.007,0.0,57,1
2023-09-12,24.274,1.025,57,4
2023-09-13,22.046,22.04,57,55
2023-09-14,22.077,11.529,57,52
2023-09-15,22.163,17.075,57,57
2023-09-16,22.982,33.542,57,57
2023-09-17,23.884,14.613,57,53
2023-09-18,24.296,5.008,57,36
2023-09-19,23.404,0.0,57,1
2023-09-20,21.202,57.593,57,57
2023-09-21,19.349,7.051,57,49
2023-09-22,19.232,0.133,57,3
2023-09-23,19.467,2.34,57,5
2023-09-24,20.161,0.0,57,4
2023-09-25,18.865,2.259,57,54
2023-09-26,20.588,18.409,57,57
2023-09-27,21.679,3.627,57,45
2023-09-28,22.061,1.0,57,7
2023-09-29,20.077,0.0,57,6
2023-09-30,18.689,4.111,57,56
2023-10-01,17.493,0.18,57,5
2023-10-02,16.177,,57,0
2023-10-03,15.433,0.56,57,25
2023-10-04,17.356,3.326,57,34
2023-10-05,14.74,0.0,57,1
2023-10-06,14.449,,57,0
2023-10-07,15.767,0.567,57,24
2023-10-08,16.532,0.9,57,38
2023-10-09,16.604,1.412,57,32
2023-10-10,16.042,0.573,57,15
2023-10-11,15.514,,57,0
2023-10-12,15.474,,57,0
2023-10-13,16.125,,57,0
2023-10-14,14.933,2.651,57,49
2023-10-15,15.247,0.0,57,4
2023-10-16,14.511,0.2,57,5
2023-10-17,12.609,,57,0
2023-10-18,14.154,,57,0
2023-10-19,15.496,6.141,57,54
2023-10-20,12.433,2.367,57,45
2023-10-21,9.812,0.714,57,35
2023-10-22,11.347,,57,0
2023-10-23,13.246,,57,0
2023-10-24,13.511,0.467,57,3
2023-10-25,14.781,,57,0
2023-10-26,15.718,5.271,57,28
2023-10-27,13.628,3.45,57,16
2023-10-28,12.372,0.0,57,1
2023-10-29,12.468,,57,0
2023-10-30,13.137,,57,0
2023-10-31,13.884,,57,0
2023-11-01,16.446,0.138,57,8
2023-11-02,18.344,,57,0
2023-11-03,18.014,6.507,57,15
2023-11-04,17.323,3.544,57,45
2023-11-05,18.404,9.244,57,57
2023-11-06,15.868,24.919,57,57
2023-11-07,8.621,0.426,57,34
2023-11-08,8.218,0.0,57,1
2023-11-09,12.446,6.173,57,45
2023-11-10,7.782,4.225,57,36
2023-11-11,3.689,0.0,57,1
2023-11-12,2.84,0.2,57,5
2023-11-13,3.054,0.167,57,3
2023-11-14,5.211,0.0,57,2
2023-11-15,6.189,,57,0
2023-11-16,5.705,9.236,57,55
2023-11-17,3.777,3.458,57,43
2023-11-18,2.219,0.963,57,27
2023-11-19,7.379,0.0,57,2
2023-11-20,6.054,,57,0
2023-11-21,6.381,,57,0
2023-11-22,8.747,,57,0
2023-11-23,11.935,0.176,57,37
2023-11-24,1.793,0.1,57,6
2023-11-25,-0.523,,57,0
2023-11-26,3.756,0.226,57,31
2023-11-27,6.909,2.493,57,54
2023-11-28,3.995,0.054,57,24
2023-11-29,2.34,0.244,57,39
2023-11-30,-1.549,0.013,57,8
2023-12-01,-1.135,0.418,57,11
2023-12-02,2.393,0.034,57,32
2023-12-03,2.609,0.0,57,6
2023-12-04,2.353,,57,0
2023-12-05,4.295,,57,0
2023-12-06,5.965,2.824,57,55
2023-12-07,4.475,0.0,57,2
2023-12-08,10.004,0.0,57,1
2023-12-09,12.17,0.0,57,2
2023-12-10,11.172,3.652,57,23
2023-12-11,10.777,32.849,57,57
2023-12-12,6.933,1.836,57,47
2023-12-13,7.288,0.0,57,1
2023-12-14,8.577,22.872,57,57
2023-12-15,7.784,33.937,57,56
2023-12-16,-0.702,2.429,57,55
2023-12-17,-10.167,0.706,55,16
2023-12-18,-5.161,0.0,57,2
2023-12-19,-1.57,0.228,57,25
2023-12-20,-4.13,1.207,57,43
2023-12-21,-8.434,2.493,56,14
2023-12-22,-8.524,0.486,55,14
2023-12-23,-5.582,0.0,57,6
2023-12-24,-2.281,0.758,57,40
2023-12-25,-0.956,0.327,57,37
2023-12-26,1.651,,57,0
2023-12-27,1.612,,57,0
2023-12-28,1.419,,57,0
2023-12-29,1.279,,57,0
2023-12-30,1.796,3.186,57,57
2023-12-31,3.87,3.509,57,56
2024-01-01,3.337,0.146,57,13
2024-01-02,2.288,0.022,57,18
2024-01-03,2.498,1.174,57,47
2024-01-04,1.353,,57,0
2024-01-05,4.642,0.01,57,10
2024-01-06,1.961,0.385,57,34
2024-01-07,-3.325,0.1,57,20
2024-01-08,-3.633,,57,0
2024-01-09,-1.744,2.569,57,51
2024-01-10,0.621,0.241,57,29
2024-01-11,1.281,0.0,57,2
2024-01-12,2.923,0.0,57,1
2024-01-13,0.204,,57,0
2024-01-14,2.323,2.488,57,50
2024-01-15,-0.661,,57,0
2024-01-16,-1.34,,57,0
2024-01-17,2.428,4.691,57,55
2024-01-18,5.774,5.823,57,57
2024-01-19,5.284,0.677,57,30
2024-01-20,4.081,12.359,57,56
2024-01-21,3.611,0.629,57,48
2024-01-22,-4.447,0.456,57,34
2024-01-23,-8.54,1.905,57,20
2024-01-24,-6.516,0.811,57,9
2024-01-25,-4.505,,57,0
2024-01-26,-1.342,0.0,57,1
2024-01-27,0.188,,57,0
2024-01-28,-0.349,0.0,57,1
2024-01-29,-0.921,,57,0
2024-01-30,0.681,0.036,57,14
2024-01-31,5.349,0.667,57,27
2024-02-01,3.681,1.728,57,25
2024-02-02,3.03,1.277,57,13
2024-02-03,3.684,2.768,57,47
2024-02-04,5.282,2.771,57,42
2024-02-05,3.509,13.111,57,57
2024-02-06,2.005,0.528,57,50
2024-02-07,0.889,0.05,57,10
2024-02-08,0.486,0.0,57,1
2024-02-09,0.998,0.0,57,2
2024-02-10,1.363,0.013,57,8
2024-02-11,1.272,0.014,57,7
2024-02-12,2.889,,57,0
2024-02-13,7.853,,57,0
2024-02-14,11.205,2.033,57,43
2024-02-15,5.853,5.771,57,48
2024-02-16,2.216,0.0,57,1
2024-02-17,4.305,,57,0
2024-02-18,7.121,19.53,57,57
2024-02-19,11.044,21.189,57,57
2024-02-20,5.668,6.253,57,57
2024-02-21,3.828,15.098,57,57
2024-02-22,1.732,5.196,57,57
2024-02-23,2.054,0.898,57,45
2024-02-24,2.354,2.511,57,57
2024-02-25,2.804,1.73,57,57
2024-02-26,3.356,0.225,57,8
2024-02-27,3.581,0.3,57,1
2024-02-28,4.737,0.0,57,1
2024-02-29,4.049,3.9,57,36
2024-03-01,-1.484,0.0,57,4
2024-03-02,-0.935,0.125,57,12
2024-03-03,4.702,0.732,57,38
2024-03-04,6.047,0.163,57,19
2024-03-05,5.951,5.363,57,48
2024-03-06,5.902,0.44,57,20
2024-03-07,3.793,0.519,57,36
2024-03-08,2.849,0.05,57,8
2024-03-09,1.695,,57,0
2024-03-10,3.77,,57,0
2024-03-11,5.84,1.083,57,18
2024-03-12,5.039,0.981,57,48
2024-03-13,5.968,0.0,57,1
2024-03-14,7.577,,57,0
2024-03-15,9.275,,57,0
2024-03-16,10.804,0.008,57,25
2024-03-17,10.344,0.096,57,23
2024-03-18,7.212,,57,0
2024-03-19,7.275,1.387,57,48
2024-03-20,4.344,1.995,57,20
2024-03-21,4.261,,57,0
2024-03-22,9.218,3.714,57,56
2024-03-23,13.514,0.67,57,47
2024-03-24,12.272,1.512,57,26
2024-03-25,9.323,9.505,57,57
2024-03-26,6.625,17.34,57,57
2024-03-27,8.896,,57,0
2024-03-28,9.33,22.061,57,57
2024-03-29,9.791,0.584,57,25
2024-03-30,9.714,0.818,57,22
2024-03-31,10.535,,57,0
2024-04-01,11.953,,57,0
2024-04-02,13.968,6.388,57,32
2024-04-03,12.679,23.051,57,53
2024-04-04,12.363,1.229,57,24
2024-04-05,10.47,0.19,57,10
2024-04-06,12.516,,57,0
2024-04-07,14.804,,57,0
2024-04-08,15.586,0.0,57,5
2024-04-09,12.526,0.0,57,2
2024-04-10,12.412,,57,0
2024-04-11,14.24,0.031,57,13
2024-04-12,15.993,,57,0
2024-04-13,17.512,,57,0
2024-04-14,18.589,,57,0
2024-04-15,15.481,16.704,57,57
2024-04-16,14.805,1.29,57,29
2024-04-17,14.665,,57,0
2024-04-18,15.891,,57,0
2024-04-19,17.239,,57,0
2024-04-20,13.968,10.118,57,57
2024-04-21,13.254,3.094,57,36
2024-04-22,15.644,0.525,57,16
2024-04-23,14.488,2.135,57,54
2024-04-24,12.916,5.358,57,57
2024-04-25,15.521,0.0,57,2
2024-04-26,16.637,,57,0
2024-04-27,17.993,,57,0
2024-04-28,18.218,0.0,57,1
2024-04-29,15.719,12.251,57,43
2024-04-30,15.602,0.464,57,25
2024-05-01,14.486,2.386,57,29
2024-05-02,15.161,,57,0
2024-05-03,17.205,,57,0
2024-05-04,18.975,0.127,57,15
2024-05-05,17.705,44.56,57,57
2024-05-06,16.018,11.455,57,55
2024-05-07,13.233,7.456,57,57
2024-05-08,13.193,1.83,57,33
2024-05-09,15.218,,57,0
2024-05-10,17.821,,57,0
2024-05-11,18.275,11.884,57,55
2024-05-12,16.8,5.953,57,43
2024-05-13,16.66,,57,0
2024-05-14,17.765,,57,0
2024-05-15,14.53,14.542,57,57
2024-05-16,13.721,4.327,57,52
2024-05-17,17.637,,57,0
2024-05-18,19.786,,57,0
2024-05-19,20.389,,57,0
2024-05-20,18.733,0.273,57,11
2024-05-21,18.614,,57,0
2024-05-22,19.702,0.1,57,1
2024-05-23,21.449,,57,0
2024-05-24,19.432,0.1,57,2
2024-05-25,18.923,0.0,57,4
2024-05-26,19.493,13.375,57,56
2024-05-27,18.912,0.45,57,26
2024-05-28,17.849,0.9,57,2
2024-05-29,19.358,,57,0
2024-05-30,19.604,0.31,57,20
2024-05-31,20.553,0.291,57,23
2024-06-01,19.284,0.433,57,33
2024-06-02,18.56,0.616,57,19
2024-06-03,18.953,1.535,57,17
2024-06-04,19.449,0.0,57,1
2024-06-05,20.472,,57,0
2024-06-06,20.749,1.44,57,10
2024-06-07,21.346,0.157,57,30
2024-06-08,19.518,12.326,57,57
2024-06-09,19.826,1.358,57,19
2024-06-10,23.618,,57,0
2024-06-11,24.44,,57,0
2024-06-12,24.456,3.35,57,4
2024-06-13,24.784,,57,0
2024-06-14,24.97,0.0,57,6
2024-06-15,23.772,5.561,57,46
2024-06-16,23.556,0.571,57,7
2024-06-17,22.667,,57,0
2024-06-18,24.633,,57,0
2024-06-19,26.03,,57,0
2024-06-20,22.026,0.275,57,8
2024-06-21,24.826,0.033,57,3
2024-06-22,22.693,31.76,57,57
2024-06-23,23.779,5.207,57,54
2024-06-24,24.095,2.247,57,32
2024-06-25,22.342,,57,0
2024-06-26,22.832,,57,0
2024-06-27,21.995,2.165,57,17
2024-06-28,23.984,0.7,57,4
2024-06-29,24.061,38.884,57,57
2024-06-30,24.139,28.225,57,57
2024-07-01,25.356,1.182,57,17
2024-07-02,23.619,42.219,57,57
2024-07-03,25.574,11.013,57,54
2024-07-04,26.7,3.742,57,19
2024-07-05,25.753,3.86,57,55
2024-07-06,26.454,5.856,57,25
2024-07-07,25.588,21.956,57,45
2024-07-08,22.5,42.452,57,56
2024-07-09,23.819,36.623,57,56
2024-07-10,24.205,48.016,57,57
2024-07-11,24.096,7.646,57,28
2024-07-12,24.872,5.544,57,18
2024-07-13,25.1,0.734,57,29
2024-07-14,24.414,18.463,57,46
2024-07-15,25.089,2.744,57,34
2024-07-16,24.553,29.156,57,57
2024-07-17,25.87,21.96,57,50
2024-07-18,25.63,41.577,57,57
2024-07-19,25.716,7.363,57,41
2024-07-20,23.956,13.23,57,53
2024-07-21,27.544,6.107,57,54
2024-07-22,28.202,20.365,57,20
2024-07-23,27.421,9.094,57,50
2024-07-24,27.302,14.018,57,56
2024-07-25,28.251,7.242,57,38
2024-07-26,27.947,6.437,57,49
2024-07-27,28.126,7.815,57,52
2024-07-28,29.005,0.429,57,7
2024-07-29,28.356,0.453,57,15
2024-07-30,28.268,0.54,57,10
2024-07-31,28.826,0.0,57,3
2024-08-01,29.188,0.05,57,6
2024-08-02,29.551,1.057,57,21
2024-08-03,29.777,0.577,57,13
2024-08-04,29.068,3.864,57,14
2024-08-05,27.882,19.322,57,45
2024-08-06,25.358,8.367,57,27
2024-08-07,28.374,3.038,57,24
2024-08-08,27.386,5.548,57,40
2024-08-09,27.877,1.1,57,4
2024-08-10,28.074,2.208,57,13
2024-08-11,28.377,1.025,57,4
2024-08-12,28.439,2.811,57,9
2024-08-13,28.298,3.756,57,18
2024-08-14,28.2,2.26,57,20
2024-08-15,27.823,5.623,57,26
2024-08-16,27.607,6.412,57,26
2024-08-17,27.825,5.259,57,29
2024-08-18,27.765,3.582,57,17
2024-08-19,28.516,0.176,57,33
2024-08-20,28.64,11.117,57,54
2024-08-21,27.746,23.072,57,57
2024-08-22,28.023,4.387,57,54
2024-08-23,25.526,1.318,57,22
2024-08-24,27.612,1.033,57,15
2024-08-25,27.374,2.862,57,21
2024-08-26,27.081,6.834,57,35
2024-08-27,25.56,5.104,57,53
2024-08-28,26.121,1.062,57,16
2024-08-29,24.616,7.267,57,30
2024-08-30,27.111,2.067,57,9
2024-08-31,25.753,,57,0
2024-09-01,25.832,,57,0
2024-09-02,24.665,2.082,57,45
2024-09-03,25.046,0.786,57,21
2024-09-04,24.804,,57,0
2024-09-05,26.023,2.025,57,28
2024-09-06,24.561,7.129,57,51
2024-09-07,24.954,2.152,57,40
2024-09-08,26.026,1.364,57,11
2024-09-09,26.984,0.4,57,7
2024-09-10,25.481,,57,0
2024-09-11,26.846,13.565,57,57
2024-09-12,25.853,22.148,57,44
2024-09-13,26.853,7.332,57,22
2024-09-14,27.114,6.774,57,23
2024-09-15,26.802,6.705,57,21
2024-09-16,26.261,2.27,57,27
2024-09-17,28.03,1.954,57,24
2024-09-18,27.458,16.79,57,39
2024-09-19,25.309,1.645,57,11
2024-09-20,25.105,52.204,57,57
2024-09-21,20.977,112.032,57,57
2024-09-22,20.656,6.244,57,32
2024-09-23,19.539,0.471,57,7
2024-09-24,19.447,0.15,57,2
2024-09-25,21.639,0.18,57,10
2024-09-26,22.628,1.895,57,19
2024-09-27,22.26,10.386,57,7
2024-09-28,22.004,2.871,57,21
2024-09-29,21.277,0.217,57,6
2024-09-30,20.218,0.0,57,1
2024-10-01,18.549,1.496,57,47
2024-10-02,14.856,0.089,57,9
2024-10-03,14.418,5.337,57,49
2024-10-04,15.739,0.125,57,8
2024-10-05,16.267,0.0,57,1
2024-10-06,15.967,1.489,57,53
2024-10-07,16.319,2.75,57,42
2024-10-08,16.647,6.95,57,18
2024-10-09,16.918,1.3,57,8
2024-10-10,16.616,1.548,57,31
2024-10-11,16.679,0.0,57,1
2024-10-12,16.404,0.1,57,1
2024-10-13,17.005,0.0,57,2
2024-10-14,17.867,11.827,57,55
2024-10-15,18.74,6.991,57,56
2024-10-16,18.333,2.225,57,4
2024-10-17,17.907,,57,0
2024-10-18,18.977,32.314,57,57
2024-10-19,16.998,10.07,57,56
2024-10-20,13.112,0.24,57,10
2024-10-21,14.635,2.862,57,56
2024-10-22,16.712,34.079,57,57
2024-10-23,14.27,1.052,57,46
2024-10-24,11.911,,57,0
2024-10-25,13.881,,57,0
2024-10-26,15.886,0.0,57,1
2024-10-27,14.728,1.351,57,51
2024-10-28,14.621,2.752,57,29
2024-10-29,14.461,0.053,57,15
2024-10-30,14.119,,57,0
2024-10-31,14.156,,57,0
2024-11-01,13.432,14.97,57,44
2024-11-02,16.268,8.859,57,41
2024-11-03,14.846,1.36,57,5
2024-11-04,14.411,0.554,57,28
2024-11-05,10.651,5.85,57,6
2024-11-06,7.437,0.2,57,1
2024-11-07,7.793,0.0,57,1
2024-11-08,10.212,0.0,57,2
2024-11-09,11.893,1.0,57,2
2024-11-10,12.468,0.0,57,11
2024-11-11,12.665,0.1,57,2
2024-11-12,13.109,0.1,57,3
2024-11-13,10.318,0.1,57,7
2024-11-14,13.27,0.173,57,49
2024-11-15,14.596,1.588,57,51
2024-11-16,16.354,1.381,57,37
2024-11-17,10.482,0.1,57,17
2024-11-18,3.616,0.0,57,1
2024-11-19,5.07,0.933,57,3
2024-11-20,6.826,0.39,57,10
2024-11-21,8.868,0.085,57,26
2024-11-22,7.082,0.01,57,10
2024-11-23,5.06,3.467,57,6
2024-11-24,6.211,1.3,57,1
2024-11-25,9.16,0.71,57,39
2024-11-26,8.128,20.998,57,57
2024-11-27,2.537,6.253,57,53
2024-11-28,3.372,3.919,57,48
2024-11-29,2.614,2.346,57,39
2024-11-30,4.721,0.125,57,20
2024-12-01,6.686,0.38,57,40
2024-12-02,8.512,0.177,57,22
2024-12-03,3.288,0.0,57,2
2024-12-04,2.944,0.05,57,14
2024-12-05,4.53,0.984,57,32
2024-12-06,3.947,0.314,57,28
2024-12-07,1.326,0.735,57,17
2024-12-08,0.484,0.318,57,11
2024-12-09,1.098,0.0,57,1
2024-12-10,2.416,,57,0
2024-12-11,2.579,4.829,57,7
2024-12-12,1.316,0.0,57,1
2024-12-13,1.277,0.881,57,16
2024-12-14,-0.061,0.963,57,16
2024-12-15,1.965,0.958,57,36
2024-12-16,1.628,0.4,57,29
2024-12-17,1.175,0.027,57,15
2024-12-18,-1.709,0.39,57,10
2024-12-19,-1.689,0.0,57,2
2024-12-20,0.704,0.382,57,28
2024-12-21,0.726,2.044,57,54
2024-12-22,-2.679,0.0,57,1
2024-12-23,-0.365,0.022,57,9
2024-12-24,-1.689,,57,0
2024-12-25,-0.098,0.259,57,17
2024-12-26,0.428,0.123,57,31
2024-12-27,-1.049,0.896,57,26
2024-12-28,-1.814,2.04,57,20
2024-12-29,0.805,0.05,57,8
2024-12-30,4.74,0.031,57,13
2024-12-31,2.116,0.074,57,19
2025-01-01,1.272,0.0,57,1
2025-01-02,0.874,,57,0
2025-01-03,-0.616,0.135,57,20
2025-01-04,-0.481,0.0,57,5
2025-01-05,0.728,2.057,57,49
2025-01-06,1.475,1.719,57,53
2025-01-07,-1.675,1.481,57,27
2025-01-08,-1.758,1.757,57,35
2025-01-09,-7.856,1.135,57,23
2025-01-10,-7.541,0.092,56,13
2025-01-11,-4.4,0.078,57,18
2025-01-12,-2.73,0.07,56,10
2025-01-13,-0.651,0.231,57,16
2025-01-14,3.151,0.576,57,33
2025-01-15,-1.881,0.14,57,10
2025-01-16,-0.695,0.013,57,16
2025-01-17,-0.182,,57,0
2025-01-18,0.333,,57,0
2025-01-19,1.405,,57,0
2025-01-20,1.756,0.1,57,2
2025-01-21,1.296,,57,0
2025-01-22,2.295,,57,0
2025-01-23,1.737,,57,0
2025-01-24,1.747,3.2,57,6
2025-01-25,3.142,3.618,57,17
2025-01-26,3.486,0.294,57,48
2025-01-27,-1.458,5.27,57,57
2025-01-28,-1.887,4.44,56,43
2025-01-29,-3.0,0.832,56,31
2025-01-30,-2.207,0.0,56,15
2025-01-31,0.914,0.789,56,46
2025-02-01,0.542,5.698,57,42
2025-02-02,1.928,0.013,57,8
2025-02-03,-1.542,0.476,57,29
2025-02-04,-6.396,1.087,56,15
2025-02-05,-6.484,0.913,57,15
2025-02-06,-4.829,0.953,56,38
2025-02-07,-6.418,2.034,57,50
2025-02-08,-7.019,0.48,57,10
2025-02-09,-4.642,0.037,57,16
2025-02-10,-2.963,0.194,57,18
2025-02-11,-0.76,,57,0
2025-02-12,1.128,5.709,57,55
2025-02-13,0.312,,57,0
2025-02-14,2.328,,57,0
2025-02-15,2.268,0.0,57,3
2025-02-16,4.505,0.08,57,5
2025-02-17,1.1,0.0,57,1
2025-02-18,-1.23,0.0,57,1
2025-02-19,-1.9,0.0,56,2
2025-02-20,-2.253,,57,0
2025-02-21,-1.921,,56,0
2025-02-22,-1.437,0.481,57,21
2025-02-23,-2.723,0.062,57,8
2025-02-24,-1.311,0.0,57,5
2025-02-25,1.768,0.15,57,2
2025-02-26,4.437,0.025,57,8
2025-02-27,4.919,0.061,57,23
2025-02-28,7.784,0.141,57,29
2025-03-01,6.896,1.543,57,49
2025-03-02,8.623,9.502,57,57
2025-03-03,2.886,17.83,57,57
2025-03-04,0.628,5.588,57,56
2025-03-05,2.332,0.989,57,38
2025-03-06,3.684,0.123,57,26
2025-03-07,3.868,0.0,57,2
2025-03-08,5.281,0.016,57,31
2025-03-09,5.267,,57,0
2025-03-10,6.263,,57,0
2025-03-11,8.118,,57,0
2025-03-12,9.193,0.067,57,6
2025-03-13,9.151,0.0,57,1
2025-03-14,10.279,,57,0
2025-03-15,8.439,2.203,57,37
2025-03-16,4.086,2.631,57,54
2025-03-17,2.767,5.706,57,16
2025-03-18,1.323,4.546,57,56
2025-03-19,1.963,0.04,57,5
2025-03-20,7.249,,57,0
2025-03-21,12.249,,57,0
2025-03-22,14.051,,57,0
2025-03-23,14.2,,57,0
2025-03-24,15.409,0.094,57,33
2025-03-25,12.479,,57,0
2025-03-26,14.723,0.657,57,7
2025-03-27,14.456,1.509,57,57
2025-03-28,7.086,1.775,57,44
2025-03-29,3.626,0.536,57,45
2025-03-30,3.174,0.038,57,13
2025-03-31,6.167,0.0,57,4
2025-04-01,8.316,,57,0
2025-04-02,8.098,1.032,57,40
2025-04-03,8.367,0.133,57,15
2025-04-04,9.539,0.067,57,6
2025-04-05,8.9,8.039,57,57
2025-04-06,10.433,0.325,57,12
2025-04-07,12.732,0.0,57,1
2025-04-08,12.089,,57,0
2025-04-09,12.116,0.088,56,50
2025-04-10,13.004,0.336,56,25
2025-04-11,11.981,,57,0
2025-04-12,12.904,14.819,57,57
2025-04-13,6.139,7.581,57,57
2025-04-14,5.314,6.33,57,57
2025-04-15,8.64,0.182,57,17
2025-04-16,14.323,,57,0
2025-04-17,18.651,0.189,57,9
2025-04-18,19.26,0.333,57,6
2025-04-19,18.423,4.471,57,55
2025-04-20,15.689,0.924,57,37
2025-04-21,17.86,0.067,57,3
2025-04-22,15.851,23.398,57,57
2025-04-23,15.302,0.423,57,13
2025-04-24,15.254,,57,0
2025-04-25,12.528,,57,0
2025-04-26,13.933,,57,0
2025-04-27,16.274,,57,0
2025-04-28,14.812,0.0,57,4
2025-04-29,13.075,,57,0
2025-04-30,17.047,,57,0
2025-05-01,14.498,21.735,57,57
2025-05-02,13.496,0.0,57,18
2025-05-03,10.812,11.551,57,57
2025-05-04,13.472,,57,0
2025-05-05,11.432,1.321,57,47
2025-05-06,11.989,3.652,57,23
2025-05-07,11.535,,57,0
2025-05-08,16.221,,57,0
2025-05-09,14.454,22.293,57,57
2025-05-10,13.458,4.655,57,47
2025-05-11,14.374,0.95,57,36
2025-05-12,16.537,,57,0
2025-05-13,18.589,,57,0
2025-05-14,19.523,0.0,57,2
2025-05-15,19.788,2.511,57,55
2025-05-16,19.446,31.27,57,57
2025-05-17,19.444,3.445,57,53
2025-05-18,16.282,,57,0
2025-05-19,17.965,0.29,57,21
2025-05-20,23.256,0.83,57,20
2025-05-21,23.198,0.417,57,12
2025-05-22,19.181,0.473,57,45
2025-05-23,17.525,0.783,57,36
2025-05-24,14.46,3.036,57,55
2025-05-25,16.154,0.485,57,20
2025-05-26,17.749,,57,0
2025-05-27,18.689,0.09,57,10
2025-05-28,18.702,4.255,57,31
2025-05-29,18.311,5.336,57,28
2025-05-30,18.047,0.0,57,1
2025-05-31,18.467,,57,0
2025-06-01,20.319,,57,0
2025-06-02,18.828,0.923,57,56
2025-06-03,18.014,1.278,57,27
2025-06-04,17.935,0.35,57,2
2025-06-05,18.349,,57,0
2025-06-06,19.726,0.325,57,4
2025-06-07,20.649,0.071,57,7
2025-06-08,23.658,0.083,57,12
2025-06-09,23.637,0.06,57,5
2025-06-10,23.086,0.1,57,7
2025-06-11,22.442,,57,0
2025-06-12,22.789,,57,0
2025-06-13,20.725,26.14,57,55
2025-06-14,22.668,46.668,57,50
2025-06-15,24.605,5.448,57,54
2025-06-16,23.349,10.763,57,57
2025-06-17,21.519,1.98,57,30
2025-06-18,24.361,1.383,57,6
2025-06-19,25.667,0.871,57,21
2025-06-20,24.546,26.089,57,57
2025-06-21,21.828,54.095,57,57
2025-06-22,22.004,6.979,57,33
2025-06-23,23.702,,57,0
2025-06-24,21.179,11.561,57,57
2025-06-25,21.091,2.959,57,56
2025-06-26,22.644,0.71,57,21
2025-06-27,24.711,0.008,57,12
2025-06-28,25.965,4.952,57,42
2025-06-29,27.293,0.167,57,6
2025-06-30,27.863,0.05,57,2
2025-07-01,28.067,2.035,57,23
2025-07-02,28.549,0.022,57,9
2025-07-03,28.186,0.0,57,6
2025-07-04,27.13,1.236,57,11
2025-07-05,27.895,0.0,57,1
2025-07-06,28.196,0.0,57,2
2025-07-07,29.016,5.317,57,12
2025-07-08,28.632,6.982,57,17
2025-07-09,28.512,0.0,57,1
2025-07-10,27.682,0.0,57,1
2025-07-11,27.153,,57,0
2025-07-12,26.484,,57,0
2025-07-13,24.461,22.579,57,57
2025-07-14,22.923,17.291,57,55
2025-07-15,22.716,6.211,57,54
2025-07-16,22.828,29.163,57,57
2025-07-17,20.779,95.496,57,55
2025-07-18,24.386,15.182,57,57
2025-07-19,21.5,59.263,57,56
2025-07-20,24.221,17.729,57,24
2025-07-21,26.947,3.502,57,46
2025-07-22,27.688,2.853,57,19
2025-07-23,27.816,,57,0
2025-07-24,28.111,0.0,57,1
2025-07-25,28.507,,57,0
2025-07-26,28.965,,57,0
2025-07-27,29.351,8.975,57,4
2025-07-28,26.877,7.32,57,5
2025-07-29,28.905,5.1,56,1
2025-07-30,28.416,0.0,57,2
2025-07-31,28.368,0.0,57,14
2025-08-01,28.507,0.0,57,4
2025-08-02,28.961,3.314,57,14
2025-08-03,27.009,31.523,57,57
2025-08-04,26.974,25.156,57,57
2025-08-05,28.053,5.271,57,34
2025-08-06,27.102,10.032,57,57
2025-08-07,26.844,0.85,57,24
2025-08-08,25.43,1.043,57,7
2025-08-09,23.64,5.374,57,54
2025-08-10,24.709,29.681,57,27
2025-08-11,23.526,8.68,57,50
2025-08-12,23.767,21.379,57,34
2025-08-13,25.951,23.353,57,55
2025-08-14,27.011,17.406,57,35
2025-08-15,27.36,9.838,57,16
2025-08-16,27.682,0.9,57,1
2025-08-17,27.382,0.0,57,3
2025-08-18,27.953,0.553,57,17
2025-08-19,28.433,1.135,57,17
2025-08-20,28.289,1.779,57,14
2025-08-21,28.251,2.522,57,18
2025-08-22,28.339,1.233,57,3
2025-08-23,28.316,0.467,57,3
2025-08-24,28.746,1.0,57,2
2025-08-25,28.926,8.879,57,19
2025-08-26,26.737,19.878,57,49
2025-08-27,26.37,0.433,57,3
2025-08-28,26.856,0.944,57,9
2025-08-29,28.433,3.65,57,14
2025-08-30,28.044,9.006,57,18
2025-08-31,26.628,6.343,57,51
