tree
version=v4
num_class=1
num_tree_per_iteration=1
label_index=0
max_feature_idx=10
objective=regression
feature_names=season platt_apag_mom_pct platt_crude_mom_pct temp_avg precip_avg threshold_temp_days threshold_rainy_days possible_working_days avg_weight year month
feature_infos=[0:3] [-40.535260513774162:39.412813348029594] [-39.50584813068879:49.44544364508392] [-5.5090645161290324:26.911483870967739] [0.27625:22.277677419354841] [0:19] [0:10] [2:23] [0.034000000000000002:0.112] [2001:2022] [1:12]
tree_sizes=871 892 891 967 814 888 893 966 811 810 967 894 970 966 888 970 972 970 893 965 971 887 885 887 968 965 885 891 886 889 971 889 889 972 967 967 963 971 964 963 975 889 968 884 975 886 885 972 969 881 888 967 968 889 969 884 883 964 883 968 963 975 881 887 882 964 883 967 963 885 969 967 968 886 971 969 886 885 1041 883 886 885 884 886 887 812 967 888 888 967 964 886 888 885 887 967 966 960 888 971 890 885 968 969 1050 970 887 964 969 882 887 974 1049 970 970 970 1054 973 973 968 970 975 972 972 968 979 969 972 1058 967 968 971 1049 973 975 1052 1052 970 968 1054 972 972 969 883 965 969 963 970 966 1049 1048 1047 969 968 969 967 888 886 969 967 886 968 969 969 969 970 962 971 964 963 969 1051 971 969 971 1047 1056 1051 1047 974 971 970 967 1050 965 973 971 1053 969 974 970 888 888 973 971 975 1050 1046 976 1133 970 973 1050 968 967 1054 893 973 974 970 891 889 975 1050 972 967 969 966 973 1052 969 971 1051 886 967 1051 972 889 1053 969 971 973 972 1050 972 1054 971 1051 1050 972 1054 970 890 970 1047 970 1056 1055 1046 1051 1056 973 971 970 971 1053 889 1050 1051 970 1136 887 1052 1134 1053 1050 1058 970 1050 969 1049 1129 889 1052 1054 1054 1052 969 1055 1056 1054 972 973 972 1051 972 970 891 1051 975 975 966 977 971 975 969 970 1053 972 976

Tree=0
num_leaves=9
num_cat=0
split_feature=8 8 0 3 1 7 9 9
split_gain=3.75986e+11 7.74886e+10 3.79653e+10 1.31314e+10 1.14807e+10 3.8887e+09 2.68329e+09 4.97393e+08
threshold=0.072200000000000014 0.095900000000000027 1.0000000180025095e-35 22.120999999999999 -5.2742034053747266 21.500000000000004 2011.5000000000002 2011.5000000000002
decision_type=2 2 2 2 2 2 2 2
left_child=2 3 -1 7 -3 -6 -5 -2
right_child=1 4 -4 6 5 -7 -8 -9
leaf_value=141296.24959618508 142260.40150797684 142307.04593535454 141829.54704228119 142067.97938379756 142481.7862686181 142665.51410504075 141910.74108426299 142183.48704311231
leaf_weight=44 22 27 22 22 51 32 22 22
leaf_count=44 22 27 22 22 51 32 22 22
internal_value=142109 142327 141464 142105 142502 142561 141985 142226
internal_weight=264 198 66 88 110 83 44 44
internal_count=264 198 66 88 110 83 44 44
is_linear=0
shrinkage=1


Tree=1
num_leaves=9
num_cat=0
split_feature=8 8 0 3 8 7 9 9
split_gain=3.68785e+11 7.60061e+10 3.72199e+10 1.28866e+10 5.31998e+09 5.769e+09 2.63328e+09 4.88124e+08
threshold=0.072200000000000014 0.095900000000000027 1.0000000180025095e-35 22.120999999999999 0.10230000000000002 21.500000000000004 2011.5000000000002 2011.5000000000002
decision_type=2 2 2 2 2 2 2 2
left_child=2 3 -1 7 -3 -6 -5 -2
right_child=1 4 -4 6 5 -7 -8 -9
leaf_value=-804.87956043956046 149.99538901471075 224.71838945104722 -276.82554521276597 -40.625337381565821 342.24247131897522 539.80513396786966 -196.39161896401265 73.800970653777426
leaf_weight=44 22 22 22 22 54 34 22 22
leaf_count=44 22 22 22 22 54 34 22 22
internal_value=0.00119485 216.179 -638.925 -3.47122 389.582 426.341 -122.416 115.587
internal_weight=264 198 66 88 110 88 44 44
internal_count=264 198 66 88 110 88 44 44
is_linear=0
shrinkage=0.01


Tree=2
num_leaves=9
num_cat=0
split_feature=8 8 0 3 1 7 9 9
split_gain=3.61722e+11 7.45514e+10 3.64891e+10 1.26465e+10 1.12433e+10 3.76946e+09 2.58421e+09 4.79027e+08
threshold=0.072200000000000014 0.095900000000000027 1.0000000180025095e-35 22.120999999999999 -5.2742034053747266 21.500000000000004 2011.5000000000002 2011.5000000000002
decision_type=2 2 2 2 2 2 2 2
left_child=2 3 -1 7 -3 -6 -5 -2
right_child=1 4 -4 6 5 -7 -8 -9
leaf_value=-797.09608387706044 148.59117416057182 192.87894606205458 -274.23398853058512 -40.245017479429855 365.94107459077378 546.61739622201492 -194.55305678347324 73.110069086602394
leaf_weight=44 22 27 22 22 51 32 22 22
leaf_count=44 22 27 22 22 51 32 22 22
internal_value=0.00185716 214.1 -632.776 -3.43872 385.836 444.066 -121.27 114.505
internal_weight=264 198 66 88 110 83 44 44
internal_count=264 198 66 88 110 83 44 44
is_linear=0
shrinkage=0.01


Tree=3
num_leaves=10
num_cat=0
split_feature=10 3 0 3 10 10 4 9 4
split_gain=3.54794e+11 5.46056e+10 3.57727e+10 1.4141e+10 6.44266e+09 8.0196e+09 4.57706e+09 3.84455e+09 2.35443e+09
threshold=3.5000000000000004 22.278413978494626 1.0000000180025095e-35 9.3333500000000011 4.5000000000000009 6.5000000000000009 11.618397619047622 2010.5000000000002 5.3718660714285731
decision_type=2 2 2 2 2 2 2 2 2
left_child=2 3 -1 7 -5 -6 -3 -2 -7
right_child=1 6 -4 4 5 8 -8 -9 -10
leaf_value=-789.38791895604402 575.23121593386622 8.9397449388691026 -271.6666954787234 78.316490244763969 378.9918100873162 237.26224900067865 -186.86479996052196 323.92076464843751 86.648159293241278
leaf_weight=44 20 24 22 22 41 28 22 21 20
leaf_count=44 20 24 22 22 41 28 22 21 20
internal_value=0.003023 212.041 -626.686 302.707 238.309 275.904 -87.6495 462.487 179.034
internal_weight=264 198 66 152 111 89 46 41 48
internal_count=264 198 66 152 111 89 46 41 48
is_linear=0
shrinkage=0.01


Tree=4
num_leaves=8
num_cat=0
split_feature=8 8 0 3 1 7 4
split_gain=3.48026e+11 7.18453e+10 3.50703e+10 1.22482e+10 1.09396e+10 3.74505e+09 3.31935e+09
threshold=0.072200000000000014 0.095900000000000027 1.0000000180025095e-35 20.676266666666667 -5.2742034053747266 21.500000000000004 11.618397619047622
decision_type=2 2 2 2 2 2 2
left_child=2 3 -1 -2 -3 -6 -5
right_child=1 4 -4 6 5 -7 -8
leaf_value=-781.75425824175818 135.11352298177084 188.47358299924619 -269.12342586436171 -21.288541008129457 358.73164462425592 537.65961549673511 -180.18463279868072
leaf_weight=44 36 27 22 27 51 32 25
leaf_count=44 36 27 22 27 51 32 25
internal_value=0.0279369 210.033 -620.655 -3.51798 378.624 436.036 -100.591
internal_weight=264 198 66 88 110 83 52
internal_count=264 198 66 88 110 83 52
is_linear=0
shrinkage=0.01


Tree=5
num_leaves=9
num_cat=0
split_feature=8 8 8 6 1 7 4 3
split_gain=3.41358e+11 7.04741e+10 3.43817e+10 1.21012e+10 1.07265e+10 3.67852e+09 2.73975e+09 2.4506e+07
threshold=0.072200000000000014 0.095900000000000027 0.051900000000000009 1.5000000000000002 -5.2742034053747266 21.500000000000004 11.618397619047622 18.825488709677426
decision_type=2 2 2 2 2 2 2 2
left_child=2 3 -1 7 -3 -6 -5 -2
right_child=1 4 -4 6 5 -7 -8 -9
leaf_value=-774.19447072458786 94.52005815372911 186.68804222240783 -266.60397938829789 -27.220410897391186 355.24682124255952 532.52375685051311 -178.48477429659863 141.94648971202761
leaf_weight=44 20 27 22 23 51 32 25 20
leaf_count=44 20 27 22 23 51 32 25 20
internal_value=0.0258208 208.01 -614.682 -3.49392 374.983 431.834 -109.025 122.507
internal_weight=264 198 66 88 110 83 48 40
internal_count=264 198 66 88 110 83 48 40
is_linear=0
shrinkage=0.01


Tree=6
num_leaves=9
num_cat=0
split_feature=8 8 0 6 1 4 4 0
split_gain=3.34823e+11 6.91231e+10 3.37066e+10 1.18757e+10 1.05176e+10 2.68825e+09 1.11717e+09 2.40519e+07
threshold=0.072200000000000014 0.095900000000000027 1.0000000180025095e-35 1.5000000000000002 -5.2742034053747266 11.618397619047622 5.3718660714285731 1.5000000000000002
decision_type=2 2 2 2 2 2 2 2
left_child=2 3 -1 7 -3 -5 -6 -2
right_child=1 4 -4 5 6 -7 -8 -9
leaf_value=-766.70774725274725 93.640804869186056 184.91942060236346 -264.10811170212764 -26.964871714066486 461.04391265625003 -176.80095716944282 311.62450642037902 140.62605786700581
leaf_weight=44 20 27 22 23 61 25 22 20
leaf_count=44 20 27 22 23 61 25 22 20
internal_value=0.0292039 206.013 -608.767 -3.45382 371.378 -107.997 427.674 121.367
internal_weight=264 198 66 88 110 48 83 40
internal_count=264 198 66 88 110 48 83 40
is_linear=0
shrinkage=0.01


Tree=7
num_leaves=10
num_cat=0
split_feature=10 3 10 3 10 10 4 9 4
split_gain=3.28407e+11 5.09023e+10 3.30448e+10 1.33169e+10 6.00415e+09 7.41193e+09 4.17884e+09 3.84907e+09 2.12344e+09
threshold=3.5000000000000004 22.278413978494626 2.5000000000000004 9.3333500000000011 4.5000000000000009 6.5000000000000009 11.618397619047622 2010.5000000000002 5.3718660714285731
decision_type=2 2 2 2 2 2 2 2 2
left_child=2 3 -1 7 -5 -6 -3 -2 -7
right_child=1 6 -4 4 5 8 -8 -9 -10
leaf_value=-759.29340831043953 557.91038108648263 7.0739113721660543 -261.63560048204789 74.76317021796045 364.53053299847772 227.64699524960278 -180.10250735019116 310.3472790798611 84.295882142532705
leaf_weight=44 20 24 22 22 41 28 22 21 20
leaf_count=44 20 24 22 22 41 28 22 21 20
internal_value=0.0265012 204.027 -602.908 291.566 229.133 265.42 -85.3056 446.539 172.282
internal_weight=264 198 66 152 111 89 46 41 48
internal_count=264 198 66 152 111 89 46 41 48
is_linear=0
shrinkage=0.01


Tree=8
num_leaves=8
num_cat=0
split_feature=8 8 0 3 1 7 4
split_gain=3.22142e+11 6.66039e+10 3.23959e+10 1.1584e+10 1.02312e+10 3.68049e+09 3.01026e+09
threshold=0.072200000000000014 0.095900000000000027 1.0000000180025095e-35 20.676266666666667 -5.2742034053747266 21.500000000000004 11.618397619047622
decision_type=2 2 2 2 2 2 2
left_child=2 3 -1 -2 -3 -6 -5
right_child=1 4 -4 6 5 -7 -8
leaf_value=-751.9508237465659 131.30477736002604 180.69004380610951 -259.18625831117021 -22.271339625308389 344.33591713169642 519.56509678171642 -173.73326493173275
leaf_weight=44 36 27 22 27 51 32 25
leaf_count=44 36 27 22 27 51 32 25
internal_value=0.0502732 202.095 -597.106 -3.5166 364.419 419.918 -97.9192
internal_weight=264 198 66 88 110 83 52
internal_count=264 198 66 88 110 83 52
is_linear=0
shrinkage=0.01


Tree=9
num_leaves=8
num_cat=0
split_feature=8 8 0 3 1 7 9
split_gain=3.1597e+11 6.53328e+10 3.17598e+10 1.13642e+10 1.0032e+10 3.6149e+09 2.32942e+09
threshold=0.072200000000000014 0.095900000000000027 1.0000000180025095e-35 20.676266666666667 -5.2742034053747266 21.500000000000004 2010.5000000000002
decision_type=2 2 2 2 2 2 2
left_child=2 3 -1 -2 -3 -6 -5
right_child=1 4 -4 6 5 -7 -8
leaf_value=-744.67918956043957 130.04425201212567 178.97824265864855 -256.75983149102393 -22.318608338599113 340.99094075520838 514.60209100979478 -156.61334082393324
leaf_weight=44 36 27 22 24 51 32 28
leaf_count=44 36 27 22 24 51 32 28
internal_value=0.0480097 200.148 -591.36 -3.49228 360.916 415.872 -96.9949
internal_weight=264 198 66 88 110 83 52
internal_count=264 198 66 88 110 83 52
is_linear=0
shrinkage=0.01


Tree=10
num_leaves=10
num_cat=0
split_feature=8 8 0 6 9 4 4 8 0
split_gain=3.09916e+11 6.4085e+10 3.11362e+10 1.1253e+10 4.95329e+09 5.71104e+09 2.47585e+09 2.34384e+08 5.17489e+07
threshold=0.072200000000000014 0.095900000000000027 1.0000000180025095e-35 1.5000000000000002 2018.5000000000002 2.3231156832298141 11.618397619047622 0.10750000000000001 1.5000000000000002
decision_type=2 2 2 2 2 2 2 2 2
left_child=2 3 -1 8 5 -3 -5 -7 -2
right_child=1 4 -4 6 -6 7 -8 -9 -10
leaf_value=-737.47789191277479 89.643100774010946 526.91637318004268 -254.35611806017289 -27.348971978012397 192.14690077670784 266.9579918018286 -171.275591591889 369.96161200420676 138.2023210392442
leaf_weight=44 20 26 22 23 20 33 25 31 20
leaf_count=44 20 26 22 23 20 33 25 31 20
internal_value=0.0466383 198.221 -585.668 -3.46555 357.446 390.426 -105.23 324.18 118.041
internal_weight=264 198 66 88 110 90 48 64 40
internal_count=264 198 66 88 110 90 48 64 40
is_linear=0
shrinkage=0.01


Tree=11
num_leaves=9
num_cat=0
split_feature=8 8 0 3 1 4 4 1
split_gain=3.04003e+11 6.28721e+10 3.05248e+10 1.10616e+10 9.81144e+09 2.04147e+09 1.11968e+09 4.15528e+08
threshold=0.072200000000000014 0.095900000000000027 1.0000000180025095e-35 22.120999999999999 -5.2742034053747266 11.618397619047622 5.3718660714285731 1.2665939544264206
decision_type=2 2 2 2 2 2 2 2
left_child=2 3 -1 7 -3 -5 -6 -2
right_child=1 4 -4 5 6 -7 -8 -9
leaf_value=-730.34625000000005 71.176060862821686 174.39176524379798 -251.97490920046542 -38.135425370958117 440.79102539062501 -175.99149410325657 296.05767598902929 141.77734147892443
leaf_weight=44 24 27 22 21 61 23 22 20
leaf_count=44 24 27 22 21 61 23 22 20
internal_value=0.0683946 196.343 -580.032 -3.42599 354.054 -113.623 408.365 106.884
internal_weight=264 198 66 88 110 44 83 44
internal_count=264 198 66 88 110 44 83 44
is_linear=0
shrinkage=0.01


Tree=12
num_leaves=10
num_cat=0
split_feature=8 8 0 6 9 4 4 8 0
split_gain=2.98176e+11 6.16637e+10 2.99254e+10 1.09224e+10 4.85786e+09 5.60511e+09 2.36721e+09 2.46956e+08 5.95684e+07
threshold=0.072200000000000014 0.095900000000000027 1.0000000180025095e-35 1.5000000000000002 2018.5000000000002 2.3231156832298141 11.618397619047622 0.10750000000000001 1.5000000000000002
decision_type=2 2 2 2 2 2 2 2 2
left_child=2 3 -1 8 5 -3 -5 -7 -2
right_child=1 4 -4 6 -6 7 -8 -9 -10
leaf_value=-723.28357443337916 87.88440399879633 518.15464462002842 -249.61600004155585 -27.44252665617028 187.3957229685229 261.41517178300501 -168.23931092460199 363.03892071063706 136.63169058866279
leaf_weight=44 20 26 22 23 20 33 25 31 20
leaf_count=44 20 26 22 23 20 33 25 31 20
internal_value=0.0636266 194.448 -574.45 -3.39193 350.636 383.244 -103.65 317.826 116.316
internal_weight=264 198 66 88 110 90 48 64 40
internal_count=264 198 66 88 110 90 48 64 40
is_linear=0
shrinkage=0.01


Tree=13
num_leaves=10
num_cat=0
split_feature=8 8 0 3 1 7 4 1 1
split_gain=2.92487e+11 6.04966e+10 2.93378e+10 1.07408e+10 9.59381e+09 3.6396e+09 1.94e+09 1.75507e+09 4.14903e+08
threshold=0.072200000000000014 0.095900000000000027 1.0000000180025095e-35 22.120999999999999 -5.2742034053747266 21.500000000000004 11.618397619047622 4.3670212045891397 1.2665939544264206
decision_type=2 2 2 2 2 2 2 2 2
left_child=2 3 -1 8 -3 7 -5 -6 -2
right_child=1 4 -4 6 5 -7 -8 -9 -10
leaf_value=-716.2891524296017 69.835678052715238 169.90624693753426 -247.2791703374335 -38.252586256239155 392.24909565172698 498.62856765974817 -172.75993759466678 235.26886881510418 140.11036110101745
leaf_weight=44 24 27 22 21 27 32 23 24 20
leaf_count=44 24 27 22 21 27 32 23 24 20
internal_value=0.0848 192.605 -568.922 -3.35317 347.308 400.977 -111.941 327.209 105.345
internal_weight=264 198 66 88 110 83 44 51 44
internal_count=264 198 66 88 110 83 44 51 44
is_linear=0
shrinkage=0.01


Tree=14
num_leaves=9
num_cat=0
split_feature=8 8 8 3 1 7 4 1
split_gain=2.86903e+11 5.93524e+10 2.87617e+10 1.05634e+10 9.41189e+09 3.56788e+09 2.6987e+09 1.7213e+09
threshold=0.072200000000000014 0.095900000000000027 0.051900000000000009 20.676266666666667 -5.2742034053747266 21.500000000000004 11.618397619047622 4.3670212045891397
decision_type=2 2 2 2 2 2 2 2
left_child=2 3 -1 -2 -3 7 -5 -6
right_child=1 4 -4 6 5 -7 -8 -9
leaf_value=-709.36240191449178 125.42480764160156 168.29660877963954 -244.96421272440159 -21.796663780881651 388.53305462753559 493.86555940998136 -165.25846675081073 233.05456820618875
leaf_weight=44 36 27 22 27 27 32 25 24
leaf_count=44 36 27 22 27 27 32 25 24
internal_value=0.102677 190.777 -563.447 -3.31982 344.01 397.167 -93.4685 324.116
internal_weight=264 198 66 88 110 83 52 51
internal_count=264 198 66 88 110 83 52 51
is_linear=0
shrinkage=0.01


Tree=15
num_leaves=10
num_cat=0
split_feature=8 8 8 6 1 7 4 1 3
split_gain=2.81423e+11 5.82333e+10 2.81969e+10 1.04574e+10 9.23343e+09 3.49758e+09 2.20131e+09 1.68817e+09 7.84419e+07
threshold=0.072200000000000014 0.095900000000000027 0.051900000000000009 1.5000000000000002 -5.2742034053747266 21.500000000000004 11.618397619047622 4.3670212045891397 18.825488709677426
decision_type=2 2 2 2 2 2 2 2 2
left_child=2 3 -1 8 -3 7 -5 -6 -2
right_child=1 4 -4 6 5 -7 -8 -9 -10
leaf_value=-702.50265109890108 84.98901201115099 166.70221879925646 -242.67093355219416 -27.803407922861531 384.85221450537966 489.1480312791511 -163.69942497973173 230.86111502853095 134.73801394440406
leaf_weight=44 20 27 22 23 27 32 25 24 20
leaf_count=44 20 27 22 23 27 32 25 24 20
internal_value=0.116776 188.961 -558.024 -3.29695 340.742 393.393 -101.399 321.053 113.835
internal_weight=264 198 66 88 110 83 48 51 40
internal_count=264 198 66 88 110 83 48 51 40
is_linear=0
shrinkage=0.01


Tree=16
num_leaves=10
num_cat=0
split_feature=8 8 0 6 1 7 4 1 0
split_gain=2.76052e+11 5.71301e+10 2.76432e+10 1.02625e+10 9.05834e+09 3.42866e+09 2.15992e+09 1.65569e+09 7.69892e+07
threshold=0.072200000000000014 0.095900000000000027 1.0000000180025095e-35 1.5000000000000002 -5.2742034053747266 21.500000000000004 11.618397619047622 4.3670212045891397 1.5000000000000002
decision_type=2 2 2 2 2 2 2 2 2
left_child=2 3 -1 8 -3 7 -5 -6 -2
right_child=1 4 -4 6 5 -7 -8 -9 -10
leaf_value=-695.70923270089293 84.19841620866643 165.12293423677747 -240.39912171708778 -27.54239959093989 381.20624490302907 484.47557340251865 -162.15508931861734 228.68830642999387 133.48463935319768
leaf_weight=44 20 27 22 23 27 32 25 24 20
leaf_count=44 20 27 22 23 27 32 25 24 20
internal_value=0.135641 187.169 -552.654 -3.25925 337.506 389.655 -100.443 318.018 112.776
internal_weight=264 198 66 88 110 83 48 51 40
internal_count=264 198 66 88 110 83 48 51 40
is_linear=0
shrinkage=0.01


Tree=17
num_leaves=10
num_cat=0
split_feature=8 8 0 3 1 7 6 1 1
split_gain=2.70784e+11 5.60479e+10 2.71004e+10 1.01466e+10 8.88658e+09 3.36109e+09 1.79023e+09 1.62383e+09 4.26505e+08
threshold=0.072200000000000014 0.095900000000000027 1.0000000180025095e-35 22.120999999999999 -5.2742034053747266 21.500000000000004 2.5000000000000004 4.3670212045891397 1.2665939544264206
decision_type=2 2 2 2 2 2 2 2 2
left_child=2 3 -1 8 -3 7 -5 -6 -2
right_child=1 4 -4 6 5 -7 -8 -9 -10
leaf_value=-688.98149016998627 66.931804821537995 163.55861551385178 -238.14857525764626 -34.927578437272892 377.59481596779409 479.8477435576026 -164.61928758808213 226.53594915651809 137.3766373319404
leaf_weight=44 24 27 22 20 27 32 24 24 20
leaf_count=44 24 27 22 20 27 32 24 24 20
internal_value=0.154138 185.394 -547.336 -3.22197 334.3 385.953 -108.764 315.012 102.426
internal_weight=264 198 66 88 110 83 44 51 44
internal_count=264 198 66 88 110 83 44 51 44
is_linear=0
shrinkage=0.01


Tree=18
num_leaves=9
num_cat=0
split_feature=8 8 0 3 1 7 4 1
split_gain=2.65615e+11 5.49875e+10 2.65682e+10 9.97546e+09 8.71807e+09 3.29486e+09 2.47068e+09 1.59258e+09
threshold=0.072200000000000014 0.095900000000000027 1.0000000180025095e-35 20.676266666666667 -5.2742034053747266 21.500000000000004 11.618397619047622 4.3670212045891397
decision_type=2 2 2 2 2 2 2 2
left_child=2 3 -1 -2 -3 7 -5 -6
right_child=1 4 -4 6 5 -7 -8 -9
leaf_value=-682.31878476991756 121.92115065104167 162.00911047149123 -235.91909844581119 -22.133684156986707 374.01760239985953 475.26412881879668 -159.49599455131676 224.40384809307022
leaf_weight=44 36 27 22 27 27 32 25 24
leaf_count=44 36 27 22 27 27 32 25 24
internal_value=0.170974 183.634 -542.068 -3.18895 331.125 382.286 -90.7937 312.034
internal_weight=264 198 66 88 110 83 52 51
internal_count=264 198 66 88 110 83 52 51
is_linear=0
shrinkage=0.01


Tree=19
num_leaves=10
num_cat=0
split_feature=10 3 10 3 10 10 9 6 4
split_gain=2.60541e+11 4.10114e+10 2.60464e+10 1.13532e+10 4.921e+09 5.99015e+09 3.8361e+09 3.43286e+09 1.59459e+09
threshold=3.5000000000000004 22.278413978494626 2.5000000000000004 9.3333500000000011 4.5000000000000009 6.5000000000000009 2010.5000000000002 2.5000000000000004 5.3718660714285731
decision_type=2 2 2 2 2 2 2 2 2
left_child=2 3 -1 6 -5 -6 -2 -3 -7
right_child=1 7 -4 4 5 8 -8 -9 -10
leaf_value=-675.72053485576919 510.84520689498549 9.359191059968909 -233.71049389128987 63.687958153257981 324.89232107364433 200.37470272775423 273.52655165184871 -160.17395394150091 75.723479514898258
leaf_weight=44 20 23 22 22 41 28 21 23 20
leaf_count=44 20 23 22 22 41 28 21 23 20
internal_value=0.183826 181.886 -536.852 260.464 203.055 235.879 403.236 -77.7885 152.305
internal_weight=264 198 66 152 111 89 41 46 48
internal_count=264 198 66 152 111 89 41 46 48
is_linear=0
shrinkage=0.01


Tree=20
num_leaves=10
num_cat=0
split_feature=8 8 0 6 1 9 8 1 0
split_gain=2.55572e+11 5.29942e+10 2.5535e+10 9.71209e+09 8.48489e+09 2.17609e+09 1.01874e+09 3.1548e+08 9.49922e+07
threshold=0.072200000000000014 0.095900000000000027 1.0000000180025095e-35 1.5000000000000002 -5.2742034053747266 2011.5000000000002 0.10750000000000001 3.884174011343378 1.5000000000000002
decision_type=2 2 2 2 2 2 2 2 2
left_child=2 3 -1 8 -3 -5 -6 -8 -2
right_child=1 4 -4 5 6 -7 7 -9 -10
leaf_value=-669.18609933035714 80.803841197878825 158.27481942160088 -231.52256378823139 -32.617566628196023 283.63711926912003 -167.79006639845829 464.85694940476191 327.10172972523083 130.83130632267444
leaf_weight=44 20 27 22 26 27 22 30 26 20
leaf_count=44 20 27 22 26 27 22 30 26 20
internal_value=0.203955 180.165 -531.685 -3.23893 324.958 -97.779 375.408 411.101 109.643
internal_weight=264 198 66 88 110 48 83 56 40
internal_count=264 198 66 88 110 48 83 56 40
is_linear=0
shrinkage=0.01


Tree=21
num_leaves=9
num_cat=0
split_feature=8 0 8 3 9 4 9 2
split_gain=2.5105e+11 6.92069e+10 1.89402e+10 3.03251e+09 2.5838e+09 3.81187e+09 1.7548e+09 1.06511e+09
threshold=0.084000000000000019 1.0000000180025095e-35 0.10230000000000002 23.414645161290327 2017.5000000000002 3.4293060200668903 2011.5000000000002 -0.33514857854434194
decision_type=2 2 2 2 2 2 2 2
left_child=1 -1 6 -3 5 -4 -2 -5
right_child=2 3 4 7 -6 -7 -8 -9
leaf_value=-662.71484782795335 178.59119084012681 -233.62069122869318 464.73103529892956 -35.268076796420786 223.74512956486194 279.8203564077524 71.082239379882807 -140.25244821237965
leaf_weight=44 33 26 37 20 20 31 33 20
leaf_count=44 33 26 37 20 20 31 33 20
internal_value=0.221372 -361.9 259.875 -151.086 355.272 388.292 127.611 -90.9326
internal_weight=264 110 154 66 88 68 66 40
internal_count=264 110 154 66 88 68 66 40
is_linear=0
shrinkage=0.01


Tree=22
num_leaves=9
num_cat=0
split_feature=8 8 8 7 3 9 4 9
split_gain=2.46263e+11 6.78633e+10 1.8581e+10 5.37501e+09 2.97475e+09 1.72139e+09 5.52448e+08 5.81982e+07
threshold=0.084000000000000019 0.051900000000000009 0.10230000000000002 21.500000000000004 23.414645161290327 2011.5000000000002 10.870698924731185 2013.5000000000002
decision_type=2 2 2 2 2 2 2 2
left_child=1 -1 5 7 -3 -2 -6 -4
right_child=2 4 3 -5 6 -7 -8 -9
leaf_value=-656.30620170844782 176.88292759992075 -231.41191512784093 302.8383723729093 457.31362627915939 -47.472003202216577 70.402322962664172 -126.41576586346294 209.67381938135904
leaf_weight=44 33 26 34 34 20 33 20 20
leaf_count=44 33 26 34 34 20 33 20 20
internal_value=0.22741 -358.425 257.394 351.882 -149.666 126.39 -90.0867 274.933
internal_weight=264 110 154 88 66 66 40 54
internal_count=264 110 154 88 66 66 40 54
is_linear=0
shrinkage=0.01


Tree=23
num_leaves=9
num_cat=0
split_feature=8 8 8 3 9 4 9 2
split_gain=2.41569e+11 6.65458e+10 1.82288e+10 2.9181e+09 2.52758e+09 3.73089e+09 1.68862e+09 1.04101e+09
threshold=0.084000000000000019 0.051900000000000009 0.10230000000000002 23.414645161290327 2017.5000000000002 3.4293060200668903 2011.5000000000002 -0.33514857854434194
decision_type=2 2 2 2 2 2 2 2
left_child=1 -1 6 -3 5 -4 -2 -5
right_child=2 3 4 7 -6 -7 -8 -9
leaf_value=-649.95950581644922 175.1910054347826 -229.2240167791193 456.54427046342335 -34.278094340479655 218.90705486918603 274.13969970703124 69.728909421174421 -137.99212056004725
leaf_weight=44 33 26 37 20 20 31 33 20
leaf_count=44 33 26 37 20 20 31 33 20
internal_value=0.23392 -354.983 254.937 -148.259 348.525 381.101 125.181 -89.2487
internal_weight=264 110 154 66 88 68 66 40
internal_count=264 110 154 66 88 68 66 40
is_linear=0
shrinkage=0.01


Tree=24
num_leaves=10
num_cat=0
split_feature=10 3 3 3 10 10 9 6 1
split_gain=2.36548e+11 3.74316e+10 2.36683e+10 1.04026e+10 4.60425e+09 5.35553e+09 3.78367e+09 3.22311e+09 1.56437e+09
threshold=3.5000000000000004 22.278413978494626 3.6508571428571428 9.3333500000000011 4.5000000000000009 6.5000000000000009 2010.5000000000002 2.5000000000000004 -3.7192181504664132
decision_type=2 2 2 2 2 2 2 2 2
left_child=2 3 -1 6 -5 -6 -2 -3 -7
right_child=1 7 -4 4 5 8 -8 -9 -10
leaf_value=-648.5016588395365 490.73202602652617 9.7040766501913271 -231.26368931361608 58.959171319515143 309.48256749770223 76.206374667553192 258.44601123046874 -154.53147685148278 197.85391996626421
leaf_weight=43 20 23 23 22 41 22 21 23 26
leaf_count=43 20 23 23 22 41 22 21 23 26
internal_value=0.239663 173.373 -511.471 248.444 193.515 225.247 385.077 -74.7002 146.098
internal_weight=264 198 66 152 111 89 41 46 48
internal_count=264 198 66 152 111 89 41 46 48
is_linear=0
shrinkage=0.01


Tree=25
num_leaves=10
num_cat=0
split_feature=10 3 3 3 10 10 9 6 1
split_gain=2.32038e+11 3.67285e+10 2.32044e+10 1.02155e+10 4.51577e+09 5.25025e+09 3.71405e+09 3.16287e+09 1.5347e+09
threshold=3.5000000000000004 22.278413978494626 3.6508571428571428 9.3333500000000011 4.5000000000000009 6.5000000000000009 2010.5000000000002 2.5000000000000004 -3.7192181504664132
decision_type=2 2 2 2 2 2 2 2 2
left_child=2 3 -1 6 -5 -6 -2 -3 -7
right_child=1 7 -4 4 5 8 -8 -9 -10
leaf_value=-642.23524084884127 486.16706645167147 9.612977743343432 -229.09263622050381 58.407215270590278 306.49697133501837 75.492951088763306 256.03385167100697 -153.08077302893813 195.98330126953127
leaf_weight=43 20 23 23 22 41 22 21 23 26
leaf_count=43 20 23 23 22 41 22 21 23 26
internal_value=0.258007 171.733 -506.552 246.096 191.665 223.091 381.491 -73.999 144.72
internal_weight=264 198 66 152 111 89 41 46 48
internal_count=264 198 66 152 111 89 41 46 48
is_linear=0
shrinkage=0.01


Tree=26
num_leaves=9
num_cat=0
split_feature=10 3 3 3 10 10 6 1
split_gain=2.27615e+11 3.60385e+10 2.27496e+10 1.00318e+10 4.42899e+09 5.14704e+09 3.10377e+09 1.50559e+09
threshold=3.5000000000000004 22.278413978494626 3.6508571428571428 9.3333500000000011 4.5000000000000009 6.5000000000000009 2.5000000000000004 -3.7192181504664132
decision_type=2 2 2 2 2 2 2 2
left_child=2 3 -1 -2 -5 -6 -3 -7
right_child=1 6 -4 4 5 7 -8 -9
leaf_value=-636.02937949877105 377.93795168887868 9.5227335279815062 -226.94197584502552 57.86042338594477 303.54017566636031 74.786208963597076 -151.64368841677296 194.13037062766335
leaf_weight=43 41 23 23 22 41 22 23 26
leaf_count=43 41 23 23 22 41 22 23 26
internal_value=0.275978 170.109 -501.68 243.77 189.833 220.956 -73.3043 143.355
internal_weight=264 198 66 152 111 89 46 48
internal_count=264 198 66 152 111 89 46 48
is_linear=0
shrinkage=0.01


Tree=27
num_leaves=9
num_cat=0
split_feature=8 0 8 7 3 9 2 9
split_gain=2.24089e+11 6.14493e+10 1.69144e+10 5.30695e+09 2.70442e+09 1.66485e+09 1.01697e+09 7.00489e+07
threshold=0.084000000000000019 1.0000000180025095e-35 0.10230000000000002 21.500000000000004 23.414645161290327 2011.5000000000002 -0.33514857854434194 2013.5000000000002
decision_type=2 2 2 2 2 2 2 2
left_child=1 -1 5 7 -3 -2 -6 -4
right_child=2 4 3 -5 6 -7 -8 -9
leaf_value=-625.31413343492443 170.15020903214165 -221.13977574573863 286.90745756767166 439.6326716549296 -32.184313113190406 65.801655215940613 -134.47951475631359 197.97593727289245
leaf_weight=44 33 26 34 34 20 33 20 20
leaf_count=44 33 26 34 34 20 33 20 20
internal_value=0.273399 -341.851 245.589 335.739 -143.18 120.598 -86.3442 260.211
internal_weight=264 110 154 88 66 66 40 54
internal_count=264 110 154 88 66 66 40 54
is_linear=0
shrinkage=0.01


Tree=28
num_leaves=9
num_cat=0
split_feature=8 8 8 7 3 9 9 9
split_gain=2.19818e+11 6.02562e+10 1.65938e+10 5.20403e+09 2.65664e+09 2.43291e+09 1.63315e+09 6.72699e+07
threshold=0.084000000000000019 0.051900000000000009 0.10230000000000002 21.500000000000004 22.597750000000001 2011.5000000000002 2011.5000000000002 2013.5000000000002
decision_type=2 2 2 2 2 2 2 2
left_child=1 -1 6 7 -3 -6 -2 -4
right_child=2 4 3 -5 5 -7 -8 -9
leaf_value=-619.26713953039155 168.52268337968468 -224.1781932636336 284.15961501430456 435.42210634903171 -10.484398328993057 -160.94862820095486 65.172249711630997 196.13429835119913
leaf_weight=44 33 24 34 34 21 21 33 20
leaf_count=44 33 24 34 34 21 21 33 20
internal_value=0.27899 -338.569 243.245 332.537 -141.834 -88.6725 119.444 257.74
internal_weight=264 110 154 88 66 42 66 54
internal_count=264 110 154 88 66 42 66 54
is_linear=0
shrinkage=0.01


Tree=29
num_leaves=9
num_cat=0
split_feature=8 0 8 7 3 9 4 9
split_gain=2.15628e+11 5.90856e+10 1.62793e+10 5.1031e+09 2.60997e+09 1.60206e+09 5.07051e+08 6.45713e+07
threshold=0.084000000000000019 1.0000000180025095e-35 0.10230000000000002 21.500000000000004 23.414645161290327 2011.5000000000002 10.870698924731185 2013.5000000000002
decision_type=2 2 2 2 2 2 2 2
left_child=1 -1 5 7 -3 -2 -6 -4
right_child=2 4 3 -5 6 -7 -8 -9
leaf_value=-613.27859702309411 166.91072984446652 -217.08490403053978 281.43808236135561 431.25186674735914 -44.033079351380813 64.548864294964332 -119.41567632630814 194.30979957757995
leaf_weight=44 33 26 34 34 20 33 20 20
leaf_count=44 33 26 34 34 20 33 20 20
internal_value=0.283806 -335.32 240.923 329.365 -140.504 118.302 -84.6785 255.292
internal_weight=264 110 154 88 66 66 40 54
internal_count=264 110 154 88 66 66 40 54
is_linear=0
shrinkage=0.01


Tree=30
num_leaves=10
num_cat=0
split_feature=8 8 8 7 3 2 1 2 1
split_gain=2.11518e+11 5.79384e+10 1.59707e+10 5.00413e+09 2.56076e+09 1.59162e+09 3.30686e+09 1.07729e+09 1.55359e+07
threshold=0.084000000000000019 0.051900000000000009 0.10230000000000002 21.500000000000004 22.597750000000001 -2.0678849015090202 3.4882920908282715 -0.6435396315552121 4.3670212045891397
decision_type=2 2 2 2 2 2 2 2 2
left_child=1 -1 5 8 -3 -2 -7 -6 -4
right_child=2 4 3 -5 7 6 -8 -9 -10
leaf_value=-607.3480026614011 181.20399662990195 -220.02512092141544 281.64949699519229 427.12157075264082 -30.397595044513082 -17.665065921517307 156.08856022611576 -133.21967602019615 199.20624392139666
leaf_weight=44 24 24 31 34 20 20 22 22 23
leaf_count=44 24 24 31 34 20 20 22 22 23
internal_value=0.289138 -332.101 238.624 326.223 -139.183 117.17 75.5925 -86.9936 252.868
internal_weight=264 110 154 88 66 66 42 42 54
internal_count=264 110 154 88 66 66 42 42 54
is_linear=0
shrinkage=0.01


Tree=31
num_leaves=9
num_cat=0
split_feature=8 0 8 7 3 9 9 9
split_gain=2.07493e+11 5.68131e+10 1.5665e+10 4.90687e+09 2.51255e+09 2.4024e+09 1.56426e+09 7.59163e+07
threshold=0.084000000000000019 1.0000000180025095e-35 0.10230000000000002 21.500000000000004 22.597750000000001 2011.5000000000002 2011.5000000000002 2013.5000000000002
decision_type=2 2 2 2 2 2 2 2
left_child=1 -1 6 7 -3 -6 -2 -4
right_child=2 4 3 -5 5 -7 -8 -9
leaf_value=-601.47473289405912 164.07907554073608 -217.95429917279412 276.34703737070862 423.03082663952466 -8.6211133897569443 -157.99323725043402 63.013063646399459 190.26572640352472
leaf_weight=44 33 24 34 34 21 21 33 20
leaf_count=44 33 24 34 34 21 21 33 20
internal_value=0.299617 -328.913 236.356 323.113 -137.877 -86.1801 116.069 250.469
internal_weight=264 110 154 88 66 42 66 54
internal_count=264 110 154 88 66 42 66 54
is_linear=0
shrinkage=0.01


Tree=32
num_leaves=9
num_cat=0
split_feature=8 0 8 7 3 9 4 9
split_gain=2.03539e+11 5.57094e+10 1.53681e+10 4.81171e+09 2.47196e+09 1.53448e+09 4.98783e+08 7.31268e+07
threshold=0.084000000000000019 1.0000000180025095e-35 0.10230000000000002 21.500000000000004 23.414645161290327 2011.5000000000002 10.870698924731185 2013.5000000000002
decision_type=2 2 2 2 2 2 2 2
left_child=1 -1 5 7 -3 -2 -6 -4
right_child=2 4 3 -5 6 -7 -8 -9
leaf_value=-595.65827685010299 162.50962441485862 -211.10694602272727 273.70033657020247 418.97926455215668 -42.139856751907701 62.410330191349644 -116.64704964571222 188.49581179596657
leaf_weight=44 33 26 34 34 20 33 20 20
leaf_count=44 33 26 34 34 20 33 20 20
internal_value=0.304004 -325.756 234.1 320.031 -136.583 114.959 -82.2633 248.091
internal_weight=264 110 154 88 66 66 40 54
internal_count=264 110 154 88 66 66 40 54
is_linear=0
shrinkage=0.01


Tree=33
num_leaves=10
num_cat=0
split_feature=8 0 8 7 3 2 1 2 1
split_gain=1.99659e+11 5.46278e+10 1.50768e+10 4.7184e+09 2.42488e+09 1.56678e+09 3.23189e+09 9.78161e+08 4.29659e+07
threshold=0.084000000000000019 1.0000000180025095e-35 0.10230000000000002 21.500000000000004 23.414645161290327 -2.0678849015090202 3.4882920908282715 -0.33514857854434194 4.3670212045891397
decision_type=2 2 2 2 2 2 2 2 2
left_child=1 -1 5 8 -3 -2 -7 -6 -4
right_child=2 4 3 -5 7 6 -8 -9 -10
leaf_value=-589.89806476970296 177.29254672181375 -209.11102445845174 274.24342337740387 414.96650775748242 -28.670479196947678 -19.322425040311593 152.34029912421045 -128.63933928733647 192.87156259964922
leaf_weight=44 24 26 31 34 20 20 22 20 23
leaf_count=44 24 26 31 34 20 20 22 20 23
internal_value=0.308905 -322.629 231.866 316.979 -135.3 113.86 72.7484 -81.4981 245.735
internal_weight=264 110 154 88 66 66 42 40 54
internal_count=264 110 154 88 66 66 42 40 54
is_linear=0
shrinkage=0.01


Tree=34
num_leaves=10
num_cat=0
split_feature=8 8 8 7 3 9 2 1 9
split_gain=1.95859e+11 5.35671e+10 1.47882e+10 4.62669e+09 2.3793e+09 2.37436e+09 1.53732e+09 3.1717e+09 8.35511e+07
threshold=0.084000000000000019 0.051900000000000009 0.10230000000000002 21.500000000000004 22.597750000000001 2011.5000000000002 -2.0678849015090202 3.4882920908282715 2013.5000000000002
decision_type=2 2 2 2 2 2 2 2 2
left_child=1 -1 6 8 -3 -6 -2 -8 -4
right_child=2 4 3 -5 5 -7 7 -9 -10
leaf_value=-584.19355247413716 175.62390826056983 -211.9479749731924 268.75040176606518 410.9921795224472 -6.7606057942708331 -155.11540375434029 -19.142679869186047 150.91413640448388 184.56973769077035
leaf_weight=44 24 24 34 34 21 21 20 22 20
leaf_count=44 24 24 34 34 21 21 20 22 20
internal_value=0.319153 -319.531 229.662 313.957 -134.028 -83.7292 112.79 72.0668 243.404
internal_weight=264 110 154 88 66 42 66 42 54
internal_count=264 110 154 88 66 42 66 42 54
is_linear=0
shrinkage=0.01


Tree=35
num_leaves=10
num_cat=0
split_feature=10 3 3 3 10 1 9 9 1
split_gain=1.91163e+11 3.03392e+10 1.92221e+10 8.9119e+09 3.93774e+09 4.64206e+09 3.78087e+09 2.97205e+09 2.53697e+09
threshold=3.5000000000000004 22.278413978494626 3.6508571428571428 9.3333500000000011 4.5000000000000009 -4.3000179622948052 2010.5000000000002 2013.5000000000002 4.6015976244195409
decision_type=2 2 2 2 2 2 2 2 2
left_child=2 3 -1 6 -5 -6 -2 -3 -7
right_child=1 7 -4 4 5 8 -8 -9 -10
leaf_value=-583.14938103493682 452.80029268486555 4.3175479403409094 -207.27986447704083 48.965475126225904 88.991593783103824 300.88998824508099 228.04625325520831 -154.35752736646077 148.39527821642287
leaf_weight=43 20 26 23 22 28 39 21 20 22
leaf_count=43 20 26 23 22 28 39 21 20 22
internal_value=0.328033 155.968 -459.682 223.554 172.883 202.195 349.794 -67.3672 250.773
internal_weight=264 198 66 152 111 89 41 46 61
internal_count=264 198 66 152 111 89 41 46 61
is_linear=0
shrinkage=0.01


Tree=36
num_leaves=10
num_cat=0
split_feature=10 4 3 3 4 1 3 10 3
split_gain=1.87518e+11 2.98642e+10 1.88455e+10 7.1276e+09 4.60502e+09 3.04979e+09 2.05184e+09 4.07025e+09 9.51085e+07
threshold=3.5000000000000004 7.2779060559006226 3.6508571428571428 9.3333500000000011 12.120633333333336 -4.3000179622948052 14.43067741935484 6.5000000000000009 2.4165823136818694
decision_type=2 2 2 2 2 2 2 2 2
left_child=2 3 -1 8 -3 -5 -7 -8 -2
right_child=1 4 -4 5 -6 6 7 -9 -10
leaf_value=-577.51446290091178 268.65737049191495 33.239983784239975 -205.33397874481824 88.167540552171616 -145.46791612413196 119.36285799248273 329.6157123303023 130.21723314861919 397.85172786458332
leaf_weight=43 20 39 23 28 21 20 29 20 21
leaf_count=43 20 39 23 28 21 20 29 20 21
internal_value=0.343262 154.492 -455.261 234.753 -31.3301 182.946 218.713 254.514 346.537
internal_weight=264 198 66 138 60 97 69 49 41
internal_count=264 198 66 138 60 97 69 49 41
is_linear=0
shrinkage=0.01


Tree=37
num_leaves=10
num_cat=0
split_feature=8 0 8 7 3 2 2 2 9
split_gain=1.85364e+11 5.03835e+10 1.40433e+10 4.53052e+09 2.23389e+09 1.52466e+09 9.6236e+08 9.1116e+08 9.1187e+07
threshold=0.084000000000000019 1.0000000180025095e-35 0.10230000000000002 21.500000000000004 23.414645161290327 -2.0678849015090202 -0.33514857854434194 4.8041487482719871 2013.5000000000002
decision_type=2 2 2 2 2 2 2 2 2
left_child=1 -1 5 8 -3 -2 -6 -7 -4
right_child=2 4 3 -5 6 7 -8 -9 -10
leaf_value=-567.48461533095815 172.06362314261642 -201.74619917436081 260.94265881175727 401.33297342649649 -26.916869662972385 18.090491517532705 -125.89336897029433 111.54528686523437 178.70329442223837
leaf_weight=44 24 26 34 34 20 20 20 22 20
leaf_count=44 24 26 34 34 20 20 20 22 20
internal_value=0.364623 -310.798 223.478 305.619 -130.866 109.599 -79.167 69.2016 236.137
internal_weight=264 110 154 88 66 66 40 42 54
internal_count=264 110 154 88 66 66 40 42 54
is_linear=0
shrinkage=0.01


Tree=38
num_leaves=10
num_cat=0
split_feature=10 4 3 3 4 1 3 10 3
split_gain=1.80421e+11 2.88582e+10 1.81347e+10 6.89752e+09 4.44968e+09 3.00485e+09 1.98353e+09 3.88382e+09 1.07223e+08
threshold=3.5000000000000004 7.2779060559006226 3.6508571428571428 9.3333500000000011 12.120633333333336 -4.3000179622948052 14.43067741935484 6.5000000000000009 2.4165823136818694
decision_type=2 2 2 2 2 2 2 2 2
left_child=2 3 -1 8 -3 -5 -7 -8 -2
right_child=1 4 -4 5 -6 6 7 -9 -10
leaf_value=-566.45042123858843 263.63387326262716 32.397546537422841 -201.36312412806922 85.623264532574154 -143.27535590277779 117.3217515386537 323.60999059458248 128.59801266692406 391.10043576388892
leaf_weight=43 20 39 23 28 21 20 29 20 21
leaf_count=43 20 39 23 28 21 20 29 20 21
internal_value=0.373442 151.577 -446.525 230.475 -31.0827 179.526 214.999 250.197 340.421
internal_weight=264 198 66 138 60 97 69 49 41
internal_count=264 198 66 138 60 97 69 49 41
is_linear=0
shrinkage=0.01


Tree=39
num_leaves=10
num_cat=0
split_feature=10 3 3 3 9 10 1 9 1
split_gain=1.76986e+11 2.8377e+10 1.77794e+10 8.28689e+09 3.77384e+09 3.76531e+09 4.39954e+09 2.94437e+09 2.4502e+09
threshold=3.5000000000000004 22.278413978494626 3.6508571428571428 9.3333500000000011 2010.5000000000002 4.5000000000000009 -4.3000179622948052 2013.5000000000002 4.6015976244195409
decision_type=2 2 2 2 2 2 2 2 2
left_child=2 3 -1 4 -2 -5 -7 -3 -8
right_child=1 7 -4 5 -6 6 8 -9 -10
leaf_value=-560.976878566099 439.30844763467485 5.461025834517045 -199.47277660136319 45.683318754155593 217.23993077256947 85.221004783501073 291.69329282407409 -152.41103095476018 142.45198309715758
leaf_weight=43 20 26 23 22 21 28 39 20 22
leaf_count=43 20 26 23 22 21 28 39 20 22
internal_value=0.394066 150.151 -442.231 215.517 337.248 166.656 195.307 -65.8242 242.579
internal_weight=264 198 66 152 41 111 89 46 61
internal_count=264 198 66 152 41 111 89 46 61
is_linear=0
shrinkage=0.01


Tree=40
num_leaves=10
num_cat=0
split_feature=8 0 8 7 3 2 2 2 3
split_gain=1.75435e+11 4.73877e+10 1.33347e+10 4.43553e+09 2.09136e+09 1.51159e+09 9.43551e+08 9.06902e+08 1.02736e+08
threshold=0.084000000000000019 1.0000000180025095e-35 0.10230000000000002 21.500000000000004 23.414645161290327 -2.0678849015090202 -0.33514857854434194 4.8041487482719871 17.528806451612905
decision_type=2 2 2 2 2 2 2 2 2
left_child=1 -1 5 8 -3 -2 -6 -7 -4
right_child=2 4 3 -5 6 7 -8 -9 -10
leaf_value=-551.25395690247251 168.59947677313113 -196.40323325417259 191.50840267236683 391.91409509793135 -26.013909202398253 15.655065662472749 -123.94323474972748 108.64620200299201 271.39814930555559
leaf_weight=44 24 26 33 34 20 20 20 22 21
leaf_count=44 24 26 33 34 20 20 20 22 21
internal_value=0.407881 -302.307 217.463 297.502 -127.781 106.505 -77.6889 66.4317 229.072
internal_weight=264 110 154 88 66 66 40 42 54
internal_count=264 110 154 88 66 66 40 42 54
is_linear=0
shrinkage=0.01


Tree=41
num_leaves=9
num_cat=0
split_feature=8 0 8 7 3 9 1 1
split_gain=1.72099e+11 4.64675e+10 1.308e+10 4.34885e+09 2.05151e+09 1.50192e+09 4.60798e+08 1.21735e+08
threshold=0.084000000000000019 1.0000000180025095e-35 0.10230000000000002 21.500000000000004 23.414645161290327 2011.5000000000002 0.36460598817535944 4.3670212045891397
decision_type=2 2 2 2 2 2 2 2
left_child=1 -1 5 7 -3 -2 -6 -4
right_child=2 4 3 -5 6 -7 -8 -9
leaf_value=-545.92313701923081 152.33804595504984 -194.54633467240768 254.92892437274642 388.16054866307218 -38.628711221384449 54.084249709861872 -109.93348314861919 175.84150782993859
leaf_weight=44 33 26 31 34 20 33 20 23
leaf_count=44 33 26 31 34 20 33 20 23
internal_value=0.417934 -299.405 215.399 294.671 -126.58 105.505 -76.9662 226.907
internal_weight=264 110 154 88 66 66 40 54
internal_count=264 110 154 88 66 66 40 54
is_linear=0
shrinkage=0.01


Tree=42
num_leaves=10
num_cat=0
split_feature=8 0 8 7 7 9 2 2 9
split_gain=1.68819e+11 4.55651e+10 1.28322e+10 4.26441e+09 1.5289e+09 1.68738e+09 1.48508e+09 8.88946e+08 1.22123e+08
threshold=0.084000000000000019 1.0000000180025095e-35 0.10230000000000002 21.500000000000004 21.500000000000004 2011.5000000000002 -2.0678849015090202 4.8041487482719871 2013.5000000000002
decision_type=2 2 2 2 2 2 2 2 2
left_child=1 -1 6 8 5 -3 -2 -8 -4
right_child=2 4 3 -5 -6 -7 7 -9 -10
leaf_value=-540.64389090401778 166.00272700291055 -93.176832059972426 249.06672426035709 384.44295705875885 -52.396040136459021 -225.88375323628273 14.640731996048329 106.62104580493684 168.928681640625
leaf_weight=44 24 24 34 34 22 20 20 22 20
leaf_count=44 24 24 34 34 22 20 20 22 20
internal_value=0.421455 -296.53 213.344 291.861 -125.39 -158.956 104.496 64.8363 224.754
internal_weight=264 110 154 88 66 44 66 42 54
internal_count=264 110 154 88 66 44 66 42 54
is_linear=0
shrinkage=0.01


Tree=43
num_leaves=9
num_cat=0
split_feature=8 8 8 7 3 9 2 3
split_gain=1.65609e+11 4.46787e+10 1.25863e+10 4.18179e+09 2.03561e+09 1.47159e+09 9.16413e+08 1.31419e+08
threshold=0.084000000000000019 0.051900000000000009 0.10230000000000002 21.500000000000004 23.414645161290327 2011.5000000000002 -0.33514857854434194 17.528806451612905
decision_type=2 2 2 2 2 2 2 2
left_child=1 -1 5 7 -3 -2 -6 -4
right_child=2 4 3 -5 6 -7 -8 -9
leaf_value=-535.415692608173 149.85057677338088 -191.85545399128307 185.47835649131 380.76097229863552 -24.128061523437502 52.6776661217731 -120.46382312863372 264.72727377658418
leaf_weight=44 33 26 33 34 20 33 20 21
leaf_count=44 33 26 33 34 20 33 20 21
internal_value=0.427274 -293.688 211.316 289.077 -124.219 103.515 -74.9093 222.619
internal_weight=264 110 154 88 66 66 40 54
internal_count=264 110 154 88 66 66 40 54
is_linear=0
shrinkage=0.01


Tree=44
num_leaves=10
num_cat=0
split_feature=8 0 8 9 4 3 2 1 2
split_gain=1.62454e+11 4.38111e+10 1.23485e+10 2.3803e+09 3.41844e+09 1.99684e+09 1.45897e+09 3.06322e+09 8.99442e+08
threshold=0.084000000000000019 1.0000000180025095e-35 0.10230000000000002 2017.5000000000002 3.4293060200668903 23.414645161290327 -2.0678849015090202 3.4882920908282715 -0.33514857854434194
decision_type=2 2 2 2 2 2 2 2 2
left_child=1 -1 6 4 -4 -3 -2 -8 -7
right_child=2 5 3 -5 -6 8 7 -9 -10
leaf_value=-530.23803818252065 163.44916470396754 -190.04154916659266 386.09890542562908 168.68120491914971 219.52825888296275 -23.903616347202039 -25.905444477879723 140.82610522980386 -119.34322912881541
leaf_weight=44 24 26 37 20 31 20 20 22 20
leaf_count=44 24 26 37 20 31 20 20 22 20
internal_value=0.432135 -290.868 209.303 286.326 316.539 -123.051 102.524 63.2744 -74.2125
internal_weight=264 110 154 88 68 66 66 42 40
internal_count=264 110 154 88 68 66 66 42 40
is_linear=0
shrinkage=0.01


Tree=45
num_leaves=9
num_cat=0
split_feature=8 0 8 7 3 9 9 3
split_gain=1.59361e+11 4.29604e+10 1.21117e+10 4.08463e+09 1.96076e+09 2.27242e+09 1.43641e+09 1.5979e+08
threshold=0.084000000000000019 1.0000000180025095e-35 0.10230000000000002 21.500000000000004 22.597750000000001 2011.5000000000002 2011.5000000000002 17.528806451612905
decision_type=2 2 2 2 2 2 2 2
left_child=1 -1 6 7 -3 -6 -2 -4
right_child=2 4 3 -5 5 -7 -8 -9
leaf_value=-525.110470467033 147.32323960456296 -192.63884493958719 181.046348363904 374.07971421792473 -1.3124823133680557 -146.04747471788195 51.382892641813861 260.24651654730906
leaf_weight=44 33 24 33 34 21 21 33 21
leaf_count=44 33 24 33 34 21 21 33 21
internal_value=0.438497 -288.076 207.311 283.592 -121.895 -76.2209 101.561 218.048
internal_weight=264 110 154 88 66 42 66 54
internal_count=264 110 154 88 66 42 66 54
is_linear=0
shrinkage=0.01


Tree=46
num_leaves=9
num_cat=0
split_feature=8 8 8 7 3 9 4 1
split_gain=1.56327e+11 4.21256e+10 1.18829e+10 4.0048e+09 1.92746e+09 1.40906e+09 4.44063e+08 1.66887e+08
threshold=0.084000000000000019 0.051900000000000009 0.10230000000000002 21.500000000000004 23.414645161290327 2011.5000000000002 10.870698924731185 4.3670212045891397
decision_type=2 2 2 2 2 2 2 2
left_child=1 -1 5 7 -3 -2 -6 -4
right_child=2 4 3 -5 6 -7 -8 -9
leaf_value=-520.03248722956732 145.91406416298688 -186.56262420099432 243.79688151667671 370.49697588853439 -35.437890057231108 50.891403773211053 -105.038319290516 165.87142976721938
leaf_weight=44 33 26 31 34 20 33 20 23
leaf_count=44 33 26 31 34 20 33 20 23
internal_value=0.442528 -285.311 205.336 280.893 -120.752 100.59 -72.7771 215.987
internal_weight=264 110 154 88 66 66 40 54
internal_count=264 110 154 88 66 66 40 54
is_linear=0
shrinkage=0.01


Tree=47
num_leaves=10
num_cat=0
split_feature=8 8 8 7 3 2 1 2 3
split_gain=1.53347e+11 4.13076e+10 1.16578e+10 3.92707e+09 1.89075e+09 1.43501e+09 2.9932e+09 8.81892e+08 1.70639e+08
threshold=0.084000000000000019 0.051900000000000009 0.10230000000000002 21.500000000000004 23.414645161290327 -2.0678849015090202 3.4882920908282715 -0.33514857854434194 17.528806451612905
decision_type=2 2 2 2 2 2 2 2 2
left_child=1 -1 5 8 -3 -2 -7 -6 -4
right_child=2 4 3 -5 7 6 -8 -9 -10
leaf_value=-515.00358935010297 159.97470482919732 -184.79876034268466 177.32143781136776 366.9485563724142 -22.404654455850292 -27.237591808230377 137.49387778424202 -116.76479810138082 255.81918280707467
leaf_weight=44 24 26 33 34 20 20 22 20 21
leaf_count=44 24 26 33 34 20 20 22 20 21
internal_value=0.445444 -282.572 203.377 278.215 -119.617 99.6275 60.8158 -72.1001 213.937
internal_weight=264 110 154 88 66 66 42 40 54
internal_count=264 110 154 88 66 66 42 40 54
is_linear=0
shrinkage=0.01


Tree=48
num_leaves=10
num_cat=0
split_feature=8 0 8 9 4 3 9 2 2
split_gain=1.5043e+11 4.05054e+10 1.14353e+10 2.36146e+09 3.3381e+09 1.8568e+09 2.24436e+09 1.40805e+09 8.26662e+08
threshold=0.084000000000000019 1.0000000180025095e-35 0.10230000000000002 2017.5000000000002 3.4293060200668903 22.597750000000001 2011.5000000000002 -2.0678849015090202 4.8041487482719871
decision_type=2 2 2 2 2 2 2 2 2
left_child=1 -1 7 4 -4 -3 -7 -2 -9
right_child=2 5 3 -5 -6 6 -8 8 -10
leaf_value=-510.02332331730764 158.46905981924019 -187.33060841279871 373.79139264787949 159.81162396098293 210.34694078650841 0.27707324218750001 -143.44671657986112 12.022840207122092 100.51854284408245
leaf_weight=44 24 24 37 20 31 21 21 20 22
leaf_count=44 24 24 37 20 31 21 21 20 22
internal_value=0.454061 -279.859 201.446 275.567 305.428 -118.493 -74.053 98.6912 60.2457
internal_weight=264 110 154 88 68 66 42 66 42
internal_count=264 110 154 88 68 66 42 66 42
is_linear=0
shrinkage=0.01


Tree=49
num_leaves=9
num_cat=0
split_feature=10 4 3 9 4 4 1 3
split_gain=1.46047e+11 2.43841e+10 1.46542e+10 8.33941e+09 7.8999e+09 3.77118e+09 1.91714e+09 1.48388e+09
threshold=3.5000000000000004 7.2779060559006226 3.6508571428571428 2018.5000000000002 1.9697268170426068 12.120633333333336 -4.3000179622948052 13.130466666666669
decision_type=2 2 2 2 2 2 2 2
left_child=2 3 -1 4 -2 -3 -6 -8
right_child=1 5 -4 -5 6 -7 7 -9
leaf_value=-509.42882066362364 406.033680970435 27.178034426842206 -181.21574881417411 40.844104360904332 106.40779595822704 -134.59893348524307 137.5310473090278 258.52498705792175
leaf_weight=43 24 39 23 25 23 21 21 45
leaf_count=43 24 39 23 25 23 21 21 45
internal_value=0.459379 136.498 -401.62 209.026 245.212 -31.3456 195.833 223.939
internal_weight=264 198 66 138 113 60 89 66
internal_count=264 198 66 138 113 60 89 66
is_linear=0
shrinkage=0.01


Tree=50
num_leaves=9
num_cat=0
split_feature=8 0 8 7 3 9 1 3
split_gain=1.45038e+11 3.88633e+10 1.11111e+10 3.82672e+09 1.7683e+09 1.36867e+09 4.27151e+08 2.25732e+08
threshold=0.084000000000000019 1.0000000180025095e-35 0.10230000000000002 21.500000000000004 23.414645161290327 2011.5000000000002 0.36460598817535944 17.528806451612905
decision_type=2 2 2 2 2 2 2 2
left_child=1 -1 5 7 -3 -2 -6 -4
right_child=2 4 3 -5 6 -7 -8 -9
leaf_value=-500.23703704498627 141.16933268229167 -179.77137810724432 170.91373538694521 358.24754182197677 -34.137764012536337 47.748191059499554 -102.30297068041423 250.17872243923611
leaf_weight=44 33 26 33 34 20 33 20 21
leaf_count=44 33 26 33 34 20 33 20 21
internal_value=0.463328 -274.78 197.82 270.875 -116.699 96.558 -70.6864 207.668
internal_weight=264 110 154 88 66 66 40 54
internal_count=264 110 154 88 66 66 40 54
is_linear=0
shrinkage=0.01


Tree=51
num_leaves=10
num_cat=0
split_feature=8 3 8 7 3 9 2 1 3
split_gain=1.42275e+11 3.81239e+10 1.09012e+10 3.75196e+09 1.94489e+09 2.2114e+09 1.38736e+09 2.91595e+09 2.22534e+08
threshold=0.084000000000000019 3.6508571428571428 0.10230000000000002 21.500000000000004 22.597750000000001 2011.5000000000002 -2.0678849015090202 3.4882920908282715 17.528806451612905
decision_type=2 2 2 2 2 2 2 2 2
left_child=1 -1 6 8 -3 -6 -2 -8 -4
right_child=2 4 3 -5 5 -7 7 -9 -10
leaf_value=-499.67251404494385 154.88889586205576 -186.84982983859081 169.27890784222146 354.81644147416233 1.1478110894097222 -141.45507725694443 -29.168604367278345 133.30978162400265 247.84372026909722
leaf_weight=43 24 25 33 34 21 21 20 22 21
leaf_count=43 24 25 33 34 21 21 20 22 21
internal_value=0.467271 -272.142 195.935 268.297 -118.371 -72.5725 95.6344 57.601 205.705
internal_weight=264 110 154 88 67 42 66 42 54
internal_count=264 110 154 88 67 42 66 42 54
is_linear=0
shrinkage=0.01


Tree=52
num_leaves=10
num_cat=0
split_feature=8 3 8 7 3 2 1 4 3
split_gain=1.39571e+11 3.7384e+10 1.06932e+10 3.67866e+09 1.90808e+09 1.36131e+09 2.86167e+09 9.12957e+08 2.19376e+08
threshold=0.084000000000000019 3.6508571428571428 0.10230000000000002 21.500000000000004 22.597750000000001 -2.0678849015090202 3.4882920908282715 11.618397619047622 17.528806451612905
decision_type=2 2 2 2 2 2 2 2 2
left_child=1 -1 5 8 -3 -2 -7 -6 -4
right_child=2 4 3 -5 7 6 -8 -9 -10
leaf_value=-494.84422379740175 153.43111672794117 -185.08709173238501 167.65972029976223 351.41819623920281 -22.643549913194445 -28.897268974836486 132.06177339594416 -116.35329210069446 245.53051367187501
leaf_weight=43 24 25 33 34 21 20 22 21 21
leaf_count=43 24 25 33 34 21 20 22 21 21
internal_value=0.474131 -269.532 194.075 265.744 -117.259 94.7356 57.0609 -71.8951 203.76
internal_weight=264 110 154 88 67 66 42 42 54
internal_count=264 110 154 88 67 66 42 42 54
is_linear=0
shrinkage=0.01


Tree=53
num_leaves=9
num_cat=0
split_feature=8 0 8 7 3 9 1 1
split_gain=1.36918e+11 3.66597e+10 1.04891e+10 3.60679e+09 1.67215e+09 1.32889e+09 4.1911e+08 2.1671e+08
threshold=0.084000000000000019 1.0000000180025095e-35 0.10230000000000002 21.500000000000004 23.414645161290327 2011.5000000000002 0.36460598817535944 4.3670212045891397
decision_type=2 2 2 2 2 2 2 2
left_child=1 -1 5 7 -3 -2 -6 -4
right_child=2 4 3 -5 6 -7 -8 -9
leaf_value=-485.91911036229396 137.77509132274685 -174.74194491299718 229.28784006911059 348.05250370509191 -32.608287949672963 45.834945475260419 -99.942312976925876 153.05930933115434
leaf_weight=44 33 26 31 34 20 33 20 23
leaf_count=44 33 26 31 34 20 33 20 23
internal_value=0.480818 -266.947 192.233 263.214 -113.411 93.8453 -68.671 201.835
internal_weight=264 110 154 88 66 66 40 54
internal_count=264 110 154 88 66 66 40 54
is_linear=0
shrinkage=0.01


Tree=54
num_leaves=10
num_cat=0
split_feature=8 0 8 7 7 9 2 1 2
split_gain=1.34308e+11 3.59477e+10 1.02904e+10 3.53681e+09 1.68319e+09 1.62775e+09 1.33713e+09 2.80223e+09 2.15344e+08
threshold=0.084000000000000019 1.0000000180025095e-35 0.10230000000000002 21.500000000000004 21.500000000000004 2011.5000000000002 -2.0678849015090202 3.4882920908282715 3.1597412862324097
decision_type=2 2 2 2 2 2 2 2 2
left_child=1 -1 6 8 5 -3 -2 -8 -4
right_child=2 4 3 -5 -6 -7 7 -9 -10
leaf_value=-481.22009143200552 151.08695755304075 -83.562711014093125 159.75696441150103 344.7190440691021 -37.49535904255319 -212.61899334574855 -29.354167196584303 129.88775328291223 234.82782864552624
leaf_weight=44 24 24 29 34 22 20 20 22 25
leaf_count=44 24 24 29 34 22 20 20 22 25
internal_value=0.482838 -264.384 190.399 260.705 -112.345 -147.3 92.9476 55.6606 199.92
internal_weight=264 110 154 88 66 44 66 42 54
internal_count=264 110 154 88 66 44 66 42 54
is_linear=0
shrinkage=0.01


Tree=55
num_leaves=9
num_cat=0
split_feature=10 4 3 9 4 4 3 9
split_gain=1.30237e+11 2.22108e+10 1.29866e+10 8.08565e+09 7.55225e+09 3.41534e+09 1.20936e+09 4.73027e+08
threshold=3.5000000000000004 7.2779060559006226 3.6508571428571428 2018.5000000000002 1.9697268170426068 12.120633333333336 17.730903225806454 2007.5000000000002
decision_type=2 2 2 2 2 2 2 2
left_child=2 3 -1 4 -2 -3 7 -6
right_child=1 5 -4 -5 6 -7 -8 -9
leaf_value=-480.71718398876402 390.70847282858455 24.528050100067517 -171.61423270089287 33.083308312757957 190.39912103697313 -129.4550253092448 234.76811149088542 113.28080697322237
leaf_weight=43 24 39 23 25 20 21 36 33
leaf_count=43 24 39 23 25 20 21 36 33
internal_value=0.487953 128.953 -379.207 198.175 233.788 -31.2088 185.697 146.822
internal_weight=264 198 66 138 113 60 89 53
internal_count=264 198 66 138 113 60 89 53
is_linear=0
shrinkage=0.01


Tree=56
num_leaves=9
num_cat=0
split_feature=8 3 8 7 3 9 9 3
split_gain=1.29503e+11 3.45088e+10 1.00042e+10 3.45796e+09 1.79916e+09 2.15704e+09 1.28234e+09 2.6395e+08
threshold=0.084000000000000019 3.6508571428571428 0.10230000000000002 21.500000000000004 22.597750000000001 2011.5000000000002 2011.5000000000002 17.528806451612905
decision_type=2 2 2 2 2 2 2 2
left_child=1 -1 6 7 -3 -6 -2 -4
right_child=2 4 3 -5 5 -7 -8 -9
leaf_value=-476.07203958918535 134.04820316038268 -179.11544111143868 160.36702031674594 339.28250756492076 3.393899197048611 -137.28919509548609 43.841959582342618 238.28082367621531
leaf_weight=43 33 25 33 34 21 21 33 21
leaf_count=43 33 25 33 34 21 21 33 21
internal_value=0.494656 -259.591 186.982 256.296 -113.273 -69.256 90.9218 196.288
internal_weight=264 110 154 88 67 42 66 54
internal_count=264 110 154 88 67 42 66 54
is_linear=0
shrinkage=0.01


Tree=57
num_leaves=10
num_cat=0
split_feature=8 3 8 7 7 9 2 2 3
split_gain=1.27038e+11 3.3839e+10 9.81519e+09 3.3904e+09 1.7922e+09 1.36596e+09 1.30819e+09 7.73619e+08 2.59959e+08
threshold=0.084000000000000019 3.6508571428571428 0.10230000000000002 21.500000000000004 21.500000000000004 2011.5000000000002 -2.0678849015090202 4.8041487482719871 17.528806451612905
decision_type=2 2 2 2 2 2 2 2 2
left_child=1 -1 6 8 5 -3 -2 -8 -4
right_child=2 4 3 -5 -6 -7 7 -9 -10
leaf_value=-471.4718065308989 147.49523457845052 -89.64468095887382 158.83307398699333 336.03303762516509 -35.047335438829791 -208.70186055028159 7.0105149096111914 92.197548620345756 236.05687098524305
leaf_weight=43 24 25 33 34 22 20 20 22 21
leaf_count=43 24 25 33 34 22 20 20 22 21
internal_value=0.496869 -257.101 185.201 253.857 -112.209 -147.585 90.0521 53.2731 194.433
internal_weight=264 110 154 88 67 45 66 42 54
internal_count=264 110 154 88 67 45 66 42 54
is_linear=0
shrinkage=0.01


Tree=58
num_leaves=9
num_cat=0
split_feature=10 4 3 9 4 4 1 3
split_gain=1.23122e+11 2.11411e+10 1.21548e+10 7.89661e+09 7.34085e+09 3.24364e+09 1.88381e+09 1.4715e+09
threshold=3.5000000000000004 7.2779060559006226 3.6508571428571428 2018.5000000000002 1.9697268170426068 12.120633333333336 -4.3000179622948052 13.130466666666669
decision_type=2 2 2 2 2 2 2 2
left_child=2 3 -1 4 -2 -3 -6 -8
right_child=1 5 -4 -5 6 -7 7 -9
leaf_value=-466.91600969978936 382.7150754442402 23.490381639268662 -167.66858936543369 29.983141226138709 93.667629942602034 -126.58087944878473 124.39271685112848 242.3234994014617
leaf_weight=43 24 39 23 25 23 21 21 45
leaf_count=43 24 39 23 25 23 21 21 45
internal_value=0.501662 125.408 -368.676 192.943 228.131 -30.8406 180.793 208.398
internal_weight=264 198 66 138 113 60 89 66
internal_count=264 198 66 138 113 60 89 66
is_linear=0
shrinkage=0.01


Tree=59
num_leaves=10
num_cat=0
split_feature=8 8 8 7 7 9 2 1 3
split_gain=1.22484e+11 3.24686e+10 9.53494e+09 3.31646e+09 1.65264e+09 1.55009e+09 1.2874e+09 2.74487e+09 2.81839e+08
threshold=0.084000000000000019 0.051900000000000009 0.10230000000000002 21.500000000000004 21.500000000000004 2011.5000000000002 -2.0678849015090202 3.4882920908282715 17.528806451612905
decision_type=2 2 2 2 2 2 2 2 2
left_child=1 -1 6 8 5 -3 -2 -8 -4
right_child=2 4 3 -5 -6 -7 7 -9 -10
leaf_value=-458.52245256696426 145.05443140366498 -80.426905541513477 155.31777529951455 330.71576907735476 -34.028206553357712 -206.19184595862103 -32.259280750363374 125.19570281333112 232.62488053385417
leaf_weight=44 24 24 33 34 22 20 20 22 21
leaf_count=44 24 24 33 34 22 20 20 22 21
internal_value=0.504294 -252.435 181.867 249.53 -107.907 -142.506 88.1098 51.69 190.856
internal_weight=264 110 154 88 66 44 66 42 54
internal_count=264 110 154 88 66 44 66 42 54
is_linear=0
shrinkage=0.01


Tree=60
num_leaves=10
num_cat=0
split_feature=8 3 8 7 3 9 2 1 3
split_gain=1.20156e+11 3.1843e+10 9.35301e+09 3.25167e+09 1.75172e+09 2.076e+09 1.26323e+09 2.69378e+09 2.77477e+08
threshold=0.084000000000000019 3.6508571428571428 0.10230000000000002 21.500000000000004 22.597750000000001 2011.5000000000002 -2.0678849015090202 3.4882920908282715 17.528806451612905
decision_type=2 2 2 2 2 2 2 2 2
left_child=1 -1 6 8 -3 -6 -2 -8 -4
right_child=2 4 3 -5 5 -7 7 -9 -10
leaf_value=-457.97357707162922 143.68921369365617 -174.3299108195755 153.83212541773699 327.5483571742958 5.0151178385416664 -132.8871774020725 -31.959193768168607 124.02365940824468 230.45371397569446
leaf_weight=43 24 25 33 34 21 21 20 22 21
leaf_count=43 24 25 33 34 21 21 20 22 21
internal_value=0.509279 -250.015 180.141 247.155 -109.443 -66.1405 87.2816 51.2051 189.053
internal_weight=264 110 154 88 67 42 66 42 54
internal_count=264 110 154 88 67 42 66 42 54
is_linear=0
shrinkage=0.01


Tree=61
num_leaves=10
num_cat=0
split_feature=8 0 8 1 3 2 1 2 8
split_gain=1.17872e+11 3.12255e+10 9.17456e+09 2.40434e+09 1.54832e+09 1.23952e+09 2.64365e+09 8.03877e+08 2.72513e+08
threshold=0.084000000000000019 1.0000000180025095e-35 0.10230000000000002 -3.1557925320627951 23.414645161290327 -2.0678849015090202 3.4882920908282715 -0.33514857854434194 0.11010000000000002
decision_type=2 2 2 2 2 2 2 2 2
left_child=1 -1 5 -4 -3 -2 -7 -6 -5
right_child=2 4 3 8 7 6 -8 -9 -10
leaf_value=-449.72197609031593 142.33684064528521 -164.78500097656251 141.72888726682078 226.42478362152542 -16.06509652071221 -31.661900719930959 122.86258446226729 -105.579861812148 317.18938279792445
leaf_weight=44 24 26 23 33 20 20 22 20 32
leaf_count=44 24 26 23 33 20 20 22 20 32
internal_value=0.514773 -247.617 178.431 244.803 -105.881 86.4612 50.7248 -63.0211 277.256
internal_weight=264 110 154 88 66 66 42 40 65
internal_count=264 110 154 88 66 66 42 40 65
is_linear=0
shrinkage=0.01


Tree=62
num_leaves=9
num_cat=0
split_feature=8 3 8 7 7 9 9 1
split_gain=1.15629e+11 3.0631e+10 8.99911e+09 3.21306e+09 1.76207e+09 1.31046e+09 1.23164e+09 2.84961e+08
threshold=0.084000000000000019 3.6508571428571428 0.10230000000000002 21.500000000000004 21.500000000000004 2011.5000000000002 2011.5000000000002 4.3670212045891397
decision_type=2 2 2 2 2 2 2 2
left_child=1 -1 6 7 5 -3 -2 -4
right_child=2 4 3 -5 -6 -7 -8 -9
leaf_value=-449.202581636236 127.84332317849865 -85.87016426518278 212.26059585336537 322.20003411091551 -31.180664893617024 -202.15967852392865 39.729463304160298 137.32523301727917
leaf_weight=43 33 25 31 34 22 20 33 23
leaf_count=43 33 25 31 34 22 20 33 23
internal_value=0.519951 -245.24 176.735 242.47 -107.369 -142.409 85.6485 184.918
internal_weight=264 110 154 88 67 45 66 54
internal_count=264 110 154 88 67 45 66 54
is_linear=0
shrinkage=0.01


Tree=63
num_leaves=9
num_cat=0
split_feature=8 0 8 7 7 9 9 3
split_gain=1.13428e+11 3.00359e+10 8.82862e+09 3.15077e+09 1.62462e+09 1.47706e+09 1.20819e+09 2.85578e+08
threshold=0.084000000000000019 1.0000000180025095e-35 0.10230000000000002 21.500000000000004 21.500000000000004 2011.5000000000002 2011.5000000000002 17.528806451612905
decision_type=2 2 2 2 2 2 2 2
left_child=1 -1 6 7 5 -3 -2 -4
right_child=2 4 3 -5 -6 -7 -8 -9
leaf_value=-441.10892470810438 126.62047228826992 -77.646809800091916 148.55346745145494 319.1141739106514 -30.888759557845749 -200.279122307356 39.349441528320312 224.02032421875001
leaf_weight=44 33 24 33 34 22 20 33 21
leaf_count=44 33 24 33 34 22 20 33 21
internal_value=0.518759 -242.891 175.049 240.158 -103.88 -138.154 84.8292 183.163
internal_weight=264 110 154 88 66 44 66 54
internal_count=264 110 154 88 66 44 66 54
is_linear=0
shrinkage=0.01


Tree=64
num_leaves=9
num_cat=0
split_feature=8 3 8 7 3 9 9 1
split_gain=1.1127e+11 2.9463e+10 8.66186e+09 3.08925e+09 1.72119e+09 1.9991e+09 1.18519e+09 2.86678e+08
threshold=0.084000000000000019 3.6508571428571428 0.10230000000000002 21.500000000000004 22.597750000000001 2011.5000000000002 2011.5000000000002 4.3670212045891397
decision_type=2 2 2 2 2 2 2 2
left_child=1 -1 6 7 -3 -6 -2 -4
right_child=2 4 3 -5 5 -7 -8 -9
leaf_value=-440.59956965414329 125.40932475656702 -169.55701319280658 208.51711598557694 316.0578699933979 7.0842686631944449 -128.09939259168837 38.973056777732957 134.39504994917888
leaf_weight=43 33 25 31 34 21 21 33 23
leaf_count=43 33 25 31 34 21 21 33 23
internal_value=0.519659 -240.563 173.381 237.872 -105.345 -62.5938 84.0178 181.432
internal_weight=264 110 154 88 67 42 66 54
internal_count=264 110 154 88 67 42 66 54
is_linear=0
shrinkage=0.01


Tree=65
num_leaves=10
num_cat=0
split_feature=8 3 8 7 7 9 2 1 2
split_gain=1.0915e+11 2.88912e+10 8.49775e+09 3.02936e+09 1.71851e+09 1.24288e+09 1.21929e+09 2.5771e+09 3.3387e+08
threshold=0.084000000000000019 3.6508571428571428 0.10230000000000002 21.500000000000004 21.500000000000004 2011.5000000000002 -2.0678849015090202 3.4882920908282715 3.1597412862324097
decision_type=2 2 2 2 2 2 2 2 2
left_child=1 -1 6 8 5 -3 -2 -8 -4
right_child=2 4 3 -5 -6 -7 7 -9 -10
leaf_value=-436.34210191362365 138.55135168935738 -83.857288380748813 139.93886090388062 313.03083516725354 -29.2507880028258 -197.14730786700579 -33.317970793968023 119.15883944896942 215.3131525464328
leaf_weight=43 24 25 29 34 22 20 20 22 25
leaf_count=43 24 25 29 34 22 20 20 22 25
internal_value=0.519668 -238.256 171.727 235.604 -104.355 -138.944 83.2142 47.9054 179.711
internal_weight=264 110 154 88 67 45 66 42 54
internal_count=264 110 154 88 67 45 66 42 54
is_linear=0
shrinkage=0.01


Tree=66
num_leaves=9
num_cat=0
split_feature=10 4 3 3 1 0 9 4
split_gain=1.06235e+11 1.87722e+10 1.01117e+10 6.81635e+09 4.56337e+09 1.8434e+09 1.80749e+09 9.79798e+08
threshold=3.5000000000000004 5.2541481481481496 3.6508571428571428 22.278413978494626 -4.3000179622948052 1.5000000000000002 2011.5000000000002 7.1778717741935489
decision_type=2 2 2 2 2 2 2 2
left_child=2 4 -1 7 -2 -6 -5 -3
right_child=1 3 -4 6 5 -7 -8 -9
leaf_value=-432.12575052668535 92.163856440398646 133.98903405531397 -158.47720782844388 -6.6693901026526161 185.98664294584299 304.02780869521104 -135.31657315001195 43.732603737571026
leaf_weight=43 28 25 23 20 39 37 23 26
leaf_count=43 28 25 23 20 39 37 23 26
internal_value=0.522727 116.547 -342.404 13.557 208.117 248.226 -77.7227 90.5403
internal_weight=264 198 66 94 104 76 43 51
internal_count=264 198 66 94 104 76 43 51
is_linear=0
shrinkage=0.01


Tree=67
num_leaves=10
num_cat=0
split_feature=8 3 8 7 7 2 1 3 2
split_gain=1.05089e+11 2.77936e+10 8.30045e+09 2.96124e+09 1.90425e+09 1.21428e+09 2.5203e+09 1.07119e+09 3.32301e+08
threshold=0.084000000000000019 4.3526607526881733 0.10230000000000002 21.500000000000004 21.500000000000004 -2.0678849015090202 3.4882920908282715 24.720790322580648 3.1597412862324097
decision_type=2 2 2 2 2 2 2 2 2
left_child=1 -1 5 8 7 -2 -7 -3 -4
right_child=2 4 3 -5 -6 6 -8 -9 -10
leaf_value=-420.92857988911288 136.23619688595042 -185.30650911458335 137.17157122502562 308.10787425726232 -17.509304361979165 -34.305467160247098 116.42438253199801 -78.73530571450992 211.67449769218013
leaf_weight=45 24 21 29 34 21 20 22 23 25
leaf_count=45 24 21 29 34 21 20 22 23 25
internal_value=0.519041 -233.772 168.511 231.631 -97.6299 81.073 45.9401 -134.031 176.453
internal_weight=264 110 154 88 65 66 42 44 54
internal_count=264 110 154 88 65 66 42 44 54
is_linear=0
shrinkage=0.01


Tree=68
num_leaves=10
num_cat=0
split_feature=8 3 8 7 7 9 2 1 3
split_gain=1.0309e+11 2.72525e+10 8.14192e+09 2.90359e+09 1.8688e+09 1.39013e+09 1.19149e+09 2.4734e+09 3.30077e+08
threshold=0.084000000000000019 4.3526607526881733 0.10230000000000002 21.500000000000004 21.500000000000004 2011.5000000000002 -2.0678849015090202 3.4882920908282715 17.528806451612905
decision_type=2 2 2 2 2 2 2 2 2
left_child=1 -1 6 8 5 -3 -2 -8 -4
right_child=2 4 3 -5 -6 -7 7 -9 -10
leaf_value=-416.8550684643817 134.9539734844133 -74.198027535232839 140.37995430324389 305.15698042748676 -17.345880289713541 -192.99247414932697 -33.986344079305958 115.33445213804855 215.88001671006944
leaf_weight=45 24 24 33 34 21 20 20 22 21
leaf_count=45 24 24 33 34 21 20 20 22 21
internal_value=0.523617 -231.529 166.91 229.425 -96.7171 -132.778 80.3108 45.509 174.782
internal_weight=264 110 154 88 65 44 66 42 54
internal_count=264 110 154 88 65 44 66 42 54
is_linear=0
shrinkage=0.01


Tree=69
num_leaves=9
num_cat=0
split_feature=8 3 8 7 3 9 1 1
split_gain=1.0113e+11 2.67334e+10 7.98661e+09 2.84689e+09 1.69551e+09 1.14235e+09 4.07417e+08 3.31788e+08
threshold=0.084000000000000019 3.6508571428571428 0.10230000000000002 21.500000000000004 23.414645161290327 2011.5000000000002 0.36460598817535944 4.3670212045891397
decision_type=2 2 2 2 2 2 2 2
left_child=1 -1 5 7 -3 -2 -6 -4
right_child=2 4 3 -5 6 -7 -8 -9
leaf_value=-419.85471493153091 120.13695921082429 -160.27772505910772 200.47798197115387 302.23434955435738 -21.427940248001455 35.515338559358014 -86.309157764523533 126.25363575215242
leaf_weight=43 33 27 31 34 20 33 20 23
leaf_count=43 33 27 31 34 20 33 20 23
internal_value=0.528341 -229.308 165.325 227.241 -100.5 79.5558 -55.8158 173.131
internal_weight=264 110 154 88 67 66 40 54
internal_count=264 110 154 88 67 66 40 54
is_linear=0
shrinkage=0.01


Tree=70
num_leaves=10
num_cat=0
split_feature=8 3 8 7 3 2 2 2 2
split_gain=9.92033e+10 2.62149e+10 7.83528e+09 2.79172e+09 1.66318e+09 1.16994e+09 7.70456e+08 6.68633e+08 3.53463e+08
threshold=0.084000000000000019 3.6508571428571428 0.10230000000000002 21.500000000000004 23.414645161290327 -2.0678849015090202 -0.33514857854434194 5.1320769245231217 3.1597412862324097
decision_type=2 2 2 2 2 2 2 2 2
left_child=1 -1 5 8 -3 -2 -6 -7 -4
right_child=2 4 3 -5 6 7 -8 -9 -10
leaf_value=-415.79770716292137 132.91815293255976 -158.75930612664473 132.42708393034388 299.33971102002641 -9.8389884629360456 5.2231297269780592 -96.895906570789435 84.021982592205674 206.73720767614978
leaf_weight=43 24 27 29 34 20 22 20 20 25
leaf_count=43 24 27 29 34 20 22 20 20 25
internal_value=0.528521 -227.107 163.748 225.074 -99.5542 78.7948 -55.2966 44.35 171.488
internal_weight=264 110 154 88 67 66 40 42 54
internal_count=264 110 154 88 67 66 40 42 54
is_linear=0
shrinkage=0.01


Tree=71
num_leaves=10
num_cat=0
split_feature=8 3 8 7 7 2 1 3 2
split_gain=9.73169e+10 2.57166e+10 7.68538e+09 2.73737e+09 1.86003e+09 1.14788e+09 2.40714e+09 1.05157e+09 3.47057e+08
threshold=0.084000000000000019 4.3526607526881733 0.10230000000000002 21.500000000000004 21.500000000000004 -2.0678849015090202 3.4882920908282715 24.720790322580648 3.1597412862324097
decision_type=2 2 2 2 2 2 2 2 2
left_child=1 -1 5 8 7 -2 -7 -3 -4
right_child=2 4 3 -5 -6 6 -8 -9 -10
leaf_value=-404.95622878864248 131.66715659945621 -180.59886686197916 131.1679412791768 296.47279592594629 -14.976391276041666 -34.43462033293968 112.83518923495679 -75.449982262436222 204.78685712706368
leaf_weight=45 24 21 29 34 21 20 22 23 25
leaf_count=45 24 21 29 34 21 20 22 23 25
internal_value=0.533374 -224.928 162.193 222.93 -93.9697 78.0562 43.9373 -129.934 169.865
internal_weight=264 110 154 88 65 66 42 44 54
internal_count=264 110 154 88 65 66 42 44 54
is_linear=0
shrinkage=0.01


Tree=72
num_leaves=10
num_cat=0
split_feature=8 3 8 1 3 2 1 2 4
split_gain=9.5466e+10 2.52261e+10 7.53861e+09 2.44667e+09 1.63171e+09 1.12634e+09 2.36235e+09 8.05972e+08 4.97027e+08
threshold=0.084000000000000019 3.6508571428571428 0.10230000000000002 -3.1557925320627951 22.597750000000001 -2.0678849015090202 3.4882920908282715 -0.6435396315552121 4.7418228663446067
decision_type=2 2 2 2 2 2 2 2 2
left_child=1 -1 5 -4 -3 -2 -7 -6 -5
right_child=2 4 3 8 7 6 -8 -9 -10
leaf_value=-407.86682935393259 130.42793799306833 -160.00941539836381 119.99061692529794 278.63439390120965 -8.9209264852834309 -34.11429823764535 111.77886121384641 -96.027895364964266 179.81174804687501
leaf_weight=43 24 25 23 45 20 20 22 22 20
leaf_count=43 24 25 23 45 20 20 22 22 20
internal_value=0.537444 -222.77 160.653 220.807 -97.6456 77.3223 43.525 -56.2866 252.969
internal_weight=264 110 154 88 67 66 42 42 65
internal_count=264 110 154 88 67 66 42 42 65
is_linear=0
shrinkage=0.01


Tree=73
num_leaves=9
num_cat=0
split_feature=8 3 8 7 7 9 9 1
split_gain=9.36483e+10 2.47366e+10 7.39377e+09 2.69473e+09 1.64455e+09 1.22862e+09 1.10817e+09 3.79785e+08
threshold=0.084000000000000019 3.6508571428571428 0.10230000000000002 21.500000000000004 21.500000000000004 2011.5000000000002 2011.5000000000002 4.3670212045891397
decision_type=2 2 2 2 2 2 2 2
left_child=1 -1 6 7 5 -3 -2 -4
right_child=2 4 3 -5 -6 -7 -8 -9
leaf_value=-403.92564080056184 116.5333982252038 -76.491311726120287 194.01353676311788 291.52296331701149 -23.682458872693651 -188.01092086437137 33.326807171365488 119.13352030851404
leaf_weight=43 33 25 31 34 22 20 33 23
leaf_count=43 33 25 31 34 22 20 33 23
internal_value=0.538494 -220.632 159.122 218.696 -96.7272 -130.522 76.5954 166.202
internal_weight=264 110 154 88 67 45 66 54
internal_count=264 110 154 88 67 45 66 54
is_linear=0
shrinkage=0.01


Tree=74
num_leaves=10
num_cat=0
split_feature=8 0 8 7 7 2 1 1 2
split_gain=9.18657e+10 2.42622e+10 7.25366e+09 2.64253e+09 1.52322e+09 1.10592e+09 2.31306e+09 3.72164e+08 1.46963e+08
threshold=0.084000000000000019 1.0000000180025095e-35 0.10230000000000002 21.500000000000004 21.500000000000004 -2.0678849015090202 3.4882920908282715 4.3670212045891397 2.2235095660821607
decision_type=2 2 2 2 2 2 2 2 2
left_child=1 -1 5 7 8 -2 -7 -4 -3
right_child=2 4 3 -5 -6 6 -8 -9 -10
leaf_value=-396.67226841517856 128.46252630495559 -96.54568704044118 192.16294831261268 288.73091019751325 -23.46074717420213 -34.377877168877184 109.96013422539895 118.01512406329719 -153.62926116233649
leaf_weight=44 24 24 31 34 22 20 22 23 20
leaf_count=44 24 24 31 34 22 20 22 23 20
internal_value=0.536636 -218.519 157.604 216.61 -93.5747 75.8627 42.4122 164.625 -126.702
internal_weight=264 110 154 88 66 66 42 54 44
internal_count=264 110 154 88 66 66 42 54 44
is_linear=0
shrinkage=0.01


Tree=75
num_leaves=10
num_cat=0
split_feature=8 3 8 7 7 9 2 1 3
split_gain=9.01187e+10 2.38187e+10 7.11486e+09 2.59134e+09 1.77483e+09 1.37478e+09 1.08516e+09 2.27002e+09 3.81325e+08
threshold=0.084000000000000019 4.3526607526881733 0.10230000000000002 21.500000000000004 21.500000000000004 2011.5000000000002 -2.0678849015090202 3.4882920908282715 17.528806451612905
decision_type=2 2 2 2 2 2 2 2 2
left_child=1 -1 6 8 5 -3 -2 -8 -4
right_child=2 4 3 -5 -6 -7 7 -9 -10
leaf_value=-389.68154653897852 127.25346859202666 -67.876916168811277 129.09509337494339 285.96560306172972 -13.334526529947917 -185.12492907147077 -34.05808253088663 108.93071818899602 204.27429535590281
leaf_weight=45 24 24 33 34 21 20 20 22 21
leaf_count=45 24 24 33 34 21 20 20 22 21
internal_value=0.538764 -216.424 156.105 214.545 -90.3924 -125.518 75.1494 42.0141 163.062
internal_weight=264 110 154 88 65 44 66 42 54
internal_count=264 110 154 88 65 44 66 42 54
is_linear=0
shrinkage=0.01


Tree=76
num_leaves=9
num_cat=0
split_feature=8 8 3 9 4 6 8 9
split_gain=8.84549e+10 2.02844e+10 8.01934e+09 5.1329e+09 5.9262e+09 2.61257e+09 1.84147e+09 5.95845e+07
threshold=0.072200000000000014 0.092500000000000013 3.6508571428571428 2018.5000000000002 2.8237846889952158 1.5000000000000002 0.10750000000000001 2009.5000000000002
decision_type=2 2 2 2 2 2 2 2
left_child=2 5 -1 4 -3 -2 7 -6
right_child=1 3 -4 -5 6 -7 -8 -9
leaf_value=-392.4240519662921 31.928817468067955 318.11457823822462 -147.85244260204081 41.919021498736214 126.75204703776042 -92.060163875325529 215.12696957447491 83.722463701356133
leaf_weight=43 30 33 23 24 21 36 29 25
leaf_count=43 30 33 23 24 21 36 29 25
internal_value=0.542725 106.413 -312.374 177.347 206.456 -36.2443 152.052 106.749
internal_weight=264 198 66 132 108 66 75 46
internal_count=264 198 66 132 108 66 75 46
is_linear=0
shrinkage=0.01


Tree=77
num_leaves=9
num_cat=0
split_feature=10 4 3 3 1 0 4 6
split_gain=8.67677e+10 1.58716e+10 7.86186e+09 5.24879e+09 4.38079e+09 1.91361e+09 9.07039e+08 6.80806e+08
threshold=3.5000000000000004 5.2541481481481496 3.6508571428571428 22.278413978494626 -4.3000179622948052 1.5000000000000002 7.1778717741935489 2.5000000000000004
decision_type=2 2 2 2 2 2 2 2
left_child=2 4 -1 6 -2 -6 -3 -5
right_child=1 3 -4 7 5 -7 -8 -9
leaf_value=-388.63210454705057 77.118529776880294 119.88749246849204 -146.46444145981147 -23.962431527071221 167.57733268831984 284.18227783203128 33.958522194602274 -104.92426097013514
leaf_weight=43 28 25 23 20 39 37 26 23
leaf_count=43 28 25 23 20 39 37 26 23
internal_value=0.547759 105.403 -309.371 10.7333 189.601 228.747 78.3026 -69.3449
internal_weight=264 198 66 94 104 76 51 43
internal_count=264 198 66 94 104 76 51 43
is_linear=0
shrinkage=0.01


Tree=78
num_leaves=11
num_cat=0
split_feature=3 0 3 3 4 4 3 9 2 9
split_gain=4.38574e+10 1.00819e+10 7.0537e+09 9.68139e+09 7.49782e+09 4.98553e+09 4.41136e+09 2.80601e+09 1.17128e+09 9.20009e+08
threshold=1.0000000180025095e-35 2.5000000000000004 13.021569892473119 22.278413978494626 1.9697268170426068 2.9303069230769236 6.4904172043010764 2013.5000000000002 2.3898032700462206 2013.5000000000002
decision_type=2 2 2 2 2 2 2 2 2 2
left_child=-1 2 4 8 -2 -3 -6 -5 -4 -7
right_child=1 5 3 7 6 9 -8 -9 -10 -11
leaf_value=-356.34719950691601 67.092438798384237 272.79503081597221 202.34358972382128 26.622110662286932 -231.60310072954962 126.33225566789216 -39.69294681025486 -126.56430941559547 93.243683874252 33.665737331814235
leaf_weight=29 26 21 27 26 24 24 24 20 22 21
leaf_count=29 26 21 27 26 24 24 24 20 22 21
internal_value=0.543342 46.566 5.25506 61.855 -67.1921 149.879 -139.759 -41.874 157.585 85.5691
internal_weight=264 235 169 95 74 66 48 46 49 45
internal_count=264 235 169 95 74 66 48 46 49 45
is_linear=0
shrinkage=0.01


Tree=79
num_leaves=9
num_cat=0
split_feature=10 4 3 3 1 0 9 4
split_gain=8.40548e+10 1.54604e+10 7.60721e+09 5.05889e+09 4.32149e+09 1.81126e+09 1.78654e+09 8.9334e+08
threshold=3.5000000000000004 5.2541481481481496 3.6508571428571428 22.278413978494626 -4.3000179622948052 1.5000000000000002 2011.5000000000002 7.1778717741935489
decision_type=2 2 2 2 2 2 2 2
left_child=2 4 -1 7 -2 -6 -5 -3
right_child=1 3 -4 6 5 -7 -8 -9
leaf_value=-382.46392314782304 75.238386933924787 117.89921375202682 -144.22979681910303 1.7031227289244186 165.91222053433643 279.82124032949474 -125.54656444627412 32.724993874289773
leaf_weight=43 28 25 23 20 39 37 23 26
leaf_count=43 28 25 23 20 39 37 23 26
internal_value=0.541745 103.745 -304.493 10.3142 186.845 225.711 -68.2981 76.6529
internal_weight=264 198 66 94 104 76 43 51
internal_count=264 198 66 94 104 76 43 51
is_linear=0
shrinkage=0.01


Tree=80
num_leaves=9
num_cat=0
split_feature=8 3 8 1 6 7 4 2
split_gain=8.25802e+10 1.51374e+10 1.24402e+10 5.97114e+09 2.45545e+09 2.21393e+09 3.62791e+09 1.55187e+09
threshold=0.076600000000000015 3.6508571428571428 0.095900000000000027 -5.2742034053747266 1.5000000000000002 20.500000000000004 2.8237846889952158 2.9491864426121399
decision_type=2 2 2 2 2 2 2 2
left_child=1 -1 4 -4 -2 -5 -7 -3
right_child=2 7 3 5 -6 6 -8 -9
leaf_value=-378.76820312500001 73.858596432108271 -55.449736788767687 56.674880028440242 155.14335530598959 -45.593612793879721 382.32243977391448 189.8072776576451 -176.4568151039301
leaf_weight=43 34 25 27 33 32 20 30 20
leaf_count=43 34 25 27 33 32 20 30 20
internal_value=0.537518 -247.133 125.415 189.835 16.2161 231.377 275.706 -113.188
internal_weight=264 88 176 110 66 83 50 45
internal_count=264 88 176 110 66 83 50 45
is_linear=0
shrinkage=0.01


Tree=81
num_leaves=9
num_cat=0
split_feature=8 3 8 1 3 2 4 9
split_gain=8.10119e+10 1.48417e+10 1.22067e+10 5.85905e+09 2.0574e+09 1.52335e+09 1.09893e+09 1.54487e+09
threshold=0.076600000000000015 3.6508571428571428 0.095900000000000027 -5.2742034053747266 20.676266666666667 2.9491864426121399 5.3718660714285731 2008.5000000000002
decision_type=2 2 2 2 2 2 2 2
left_child=1 -1 4 -4 -2 -3 7 -5
right_child=2 5 3 6 -6 -7 -8 -9
leaf_value=-375.10819171348317 65.803703841145833 -54.926624087927479 56.137958770216557 327.0404759247449 -43.922749285016742 -174.81535465506619 149.08382091765708 198.75296200909193
leaf_weight=43 36 25 27 23 30 20 22 38
leaf_count=43 36 25 27 23 30 20 22 38
internal_value=0.543531 -244.764 124.23 188.042 16.0602 -112.131 229.192 253.812
internal_weight=264 88 176 110 66 45 83 61
internal_count=264 88 176 110 66 45 83 61
is_linear=0
shrinkage=0.01


Tree=82
num_leaves=9
num_cat=0
split_feature=8 3 8 1 7 4 3 2
split_gain=7.94715e+10 1.45518e+10 1.19769e+10 5.7485e+09 2.16872e+09 3.55378e+09 2.01821e+09 1.49536e+09
threshold=0.076600000000000015 3.6508571428571428 0.095900000000000027 -5.2742034053747266 20.500000000000004 2.8237846889952158 20.676266666666667 2.9491864426121399
decision_type=2 2 2 2 2 2 2 2
left_child=1 -1 6 -4 -5 -6 -2 -3
right_child=2 7 3 4 5 -7 -8 -9
leaf_value=-371.48355600421348 65.171985611979167 -54.40844966096698 55.606126687568533 151.76550130208335 376.20106476539792 185.99767957899306 -43.504438263423864 -173.18916559973431
leaf_weight=43 36 25 27 33 20 30 30 20
leaf_count=43 36 25 27 33 20 30 30 20
internal_value=0.546458 -242.418 123.051 186.26 227.02 270.821 15.9044 -111.084
internal_weight=264 88 176 110 83 50 66 45
internal_count=264 88 176 110 83 50 66 45
is_linear=0
shrinkage=0.01


Tree=83
num_leaves=9
num_cat=0
split_feature=8 3 8 1 6 7 4 9
split_gain=7.7962e+10 1.42676e+10 1.17523e+10 5.64059e+09 2.36019e+09 2.12949e+09 3.49015e+09 6.14375e+08
threshold=0.076600000000000015 3.6508571428571428 0.095900000000000027 -5.2742034053747266 1.5000000000000002 20.500000000000004 2.8237846889952158 2010.5000000000002
decision_type=2 2 2 2 2 2 2 2
left_child=1 -1 4 -4 -2 -5 -7 -3
right_child=2 7 3 5 -6 6 -8 -9
leaf_value=-367.89393686358846 72.265936399647885 -63.408245673285592 55.07933229680647 150.31383138020834 -44.844523497624188 372.70152176258176 184.22627150762648 -144.72413643631282
leaf_weight=43 34 21 27 33 32 20 30 24
leaf_count=43 34 21 27 33 32 20 30 24
internal_value=0.551851 -240.094 121.887 184.501 15.7502 224.876 268.276 -110.046
internal_weight=264 88 176 110 66 83 50 45
internal_count=264 88 176 110 66 83 50 45
is_linear=0
shrinkage=0.01


Tree=84
num_leaves=9
num_cat=0
split_feature=8 3 8 1 6 7 4 2
split_gain=7.64802e+10 1.39896e+10 1.15318e+10 5.53471e+09 2.31524e+09 2.09096e+09 3.42766e+09 1.47476e+09
threshold=0.076600000000000015 3.6508571428571428 0.095900000000000027 -5.2742034053747266 1.5000000000000002 20.500000000000004 2.8237846889952158 2.9491864426121399
decision_type=2 2 2 2 2 2 2 2
left_child=1 -1 4 -4 -2 -5 -7 -3
right_child=2 7 3 5 -6 6 -8 -9
leaf_value=-364.33901070926964 71.573811482174293 -52.836691157502948 54.557528825726422 148.87604531108468 -44.416158492814247 369.23453215843023 182.47173449803913 -170.64786755938863
leaf_weight=43 34 25 27 33 32 20 30 20
leaf_count=43 34 25 27 33 32 20 30 20
internal_value=0.558406 -237.79 120.735 182.758 15.5988 222.753 265.756 -109.013
internal_weight=264 88 176 110 66 83 50 45
internal_count=264 88 176 110 66 83 50 45
is_linear=0
shrinkage=0.01


Tree=85
num_leaves=8
num_cat=0
split_feature=8 8 0 1 7 8 6
split_gain=7.50343e+10 1.76414e+10 6.59544e+09 5.82761e+09 4.47955e+09 2.46405e+09 2.26729e+09
threshold=0.072200000000000014 0.092500000000000013 1.0000000180025095e-35 -4.3000179622948052 19.500000000000004 0.10750000000000001 1.5000000000000002
decision_type=2 2 2 2 2 2 2
left_child=2 6 -1 -3 -5 -6 -2
right_child=1 3 -4 4 5 -7 -8
leaf_value=-357.84297186212228 28.605198800223217 50.825827201947781 -133.35229240255151 81.838524192954011 166.41016663482225 300.22553715458622 -86.930578149414075
leaf_weight=44 30 35 22 25 33 39 36
leaf_count=44 30 35 22 25 33 39 36
internal_value=0.56381 98.0719 -287.639 164.226 203.746 243.541 -34.9455
internal_weight=264 198 66 132 97 72 66
internal_count=264 198 66 132 97 72 66
is_linear=0
shrinkage=0.01


Tree=86
num_leaves=10
num_cat=0
split_feature=8 3 8 9 4 6 2 3 3
split_gain=7.36195e+10 1.34471e+10 1.11137e+10 3.39932e+09 4.51566e+09 2.24058e+09 1.44226e+09 7.68407e+08 5.02089e+08
threshold=0.076600000000000015 3.6508571428571428 0.095900000000000027 2018.5000000000002 1.9697268170426068 1.5000000000000002 2.9491864426121399 18.339725806451618 14.851661290322584
decision_type=2 2 2 2 2 2 2 2 2
left_child=1 -1 5 4 -4 -2 -3 8 -6
right_child=2 6 3 -5 7 -7 -8 -9 -10
leaf_value=-357.36061183286517 70.323843186069539 -51.534868670769455 322.9836248180913 56.162544967296512 160.57759969905933 -43.779509623513299 -167.95256980718568 213.04326455759448 83.269052802883849
leaf_weight=43 34 25 24 20 23 32 20 20 23
leaf_count=43 34 25 24 20 23 32 20 20 23
internal_value=0.560986 -233.287 118.469 179.357 205.364 15.2574 -107.025 156.366 125.774
internal_weight=264 88 176 110 90 66 45 66 46
internal_count=264 88 176 110 90 66 45 66 46
is_linear=0
shrinkage=0.01


Tree=87
num_leaves=9
num_cat=0
split_feature=8 3 8 1 6 2 4 8
split_gain=7.22248e+10 1.31845e+10 1.09068e+10 5.30338e+09 2.19791e+09 1.41575e+09 1.00873e+09 5.55225e+08
threshold=0.076600000000000015 3.6508571428571428 0.095900000000000027 -5.2742034053747266 1.5000000000000002 2.9491864426121399 5.3718660714285731 0.11010000000000002
decision_type=2 2 2 2 2 2 2 2
left_child=1 -1 4 -4 -2 -3 7 -5
right_child=2 5 3 6 -6 -7 -8 -9
leaf_value=-353.9074708128511 69.650317967374562 -51.048688987875884 52.267749494586077 195.34618420613606 -43.361317721694256 -166.39022029433141 140.49526252259599 290.34215083284198
leaf_weight=43 34 25 27 36 32 20 22 25
leaf_count=43 34 25 27 36 32 20 22 25
internal_value=0.571518 -231.051 117.357 177.676 15.1107 -106.026 216.819 240.313
internal_weight=264 88 176 110 66 45 83 61
internal_count=264 88 176 110 66 45 83 61
is_linear=0
shrinkage=0.01


Tree=88
num_leaves=9
num_cat=0
split_feature=8 8 3 1 4 4 9 2
split_gain=7.08661e+10 1.67588e+10 6.29447e+09 5.59534e+09 3.05722e+09 1.64449e+09 1.59779e+09 9.0083e+08
threshold=0.072200000000000014 0.092500000000000013 3.6508571428571428 -4.3000179622948052 5.3718660714285731 11.618397619047622 2008.5000000000002 0.62530459341961786
decision_type=2 2 2 2 2 2 2 2
left_child=2 5 -1 -3 6 7 -5 -2
right_child=1 3 -4 4 -6 -7 -8 -9
leaf_value=-350.48769344715589 46.062273468666888 48.755870411494008 -133.47990520866549 313.42654953937142 112.42761368903561 -99.701283407405938 188.18094603056068 -42.470362630208335
leaf_weight=43 22 35 23 23 33 23 41 21
leaf_count=43 22 35 23 23 33 23 41 21
internal_value=0.573339 95.3343 -279.511 159.813 198.532 -34.3082 239.338 2.85102
internal_weight=264 198 66 132 97 66 64 43
internal_count=264 198 66 132 97 66 64 43
is_linear=0
shrinkage=0.01


Tree=89
num_leaves=10
num_cat=0
split_feature=8 3 9 8 7 9 2 1 7
split_gain=6.95441e+10 1.82444e+10 5.94711e+09 6.72033e+09 1.81103e+09 1.3202e+09 1.21041e+09 1.3318e+09 9.65018e+08
threshold=0.084000000000000019 4.3526607526881733 2019.5000000000002 0.10750000000000001 21.500000000000004 2011.5000000000002 -2.9933725490645098 2.1445501945688066 20.500000000000004
decision_type=2 2 2 2 2 2 2 2 2
left_child=1 -1 3 6 5 -3 -2 -8 -5
right_child=2 4 -4 8 -6 -7 7 -9 -10
leaf_value=-341.66212869623655 153.40605708284198 -59.38616804534314 -18.056961480034722 170.56015567701689 -2.6908189561631946 -173.26623506767805 8.2757022779815053 110.3710907137596 282.8999754827795
leaf_weight=45 25 24 21 23 21 20 23 28 34
leaf_count=45 25 24 21 23 21 20 23 28 34
internal_value=0.572279 -190.022 137.231 161.678 -79.7013 -115.156 97.0836 65.8802 243.106
internal_weight=264 110 154 133 65 44 76 51 57
internal_count=264 110 154 133 65 44 76 51 57
is_linear=0
shrinkage=0.01


Tree=90
num_leaves=10
num_cat=0
split_feature=10 4 3 3 9 4 9 3 4
split_gain=6.83175e+10 1.28726e+10 6.00813e+09 4.09668e+09 3.74832e+09 5.09738e+09 1.77456e+09 9.11065e+08 7.96912e+08
threshold=3.5000000000000004 5.2541481481481496 3.6508571428571428 22.278413978494626 2017.5000000000002 1.9697268170426068 2011.5000000000002 16.568774193548389 7.1778717741935489
decision_type=2 2 2 2 2 2 2 2 2
left_child=2 4 -1 8 5 -2 -5 -7 -3
right_child=1 3 -4 6 -6 7 -8 -9 -10
leaf_value=-343.79949613764046 323.98788245376278 106.95733279246204 -131.62342359893177 7.0333516533430238 42.529903649618461 103.15647795376712 -119.41566017617984 191.22616266424006 26.918882723721591
leaf_weight=43 23 25 23 20 20 35 23 26 26
leaf_count=43 23 25 23 20 20 35 23 26 26
internal_value=0.573927 93.6153 -274.428 8.37887 169.441 198.382 -62.3473 144.383 68.0885
internal_weight=264 198 66 94 104 84 43 61 51
internal_count=264 198 66 94 104 84 43 61 51
is_linear=0
shrinkage=0.01


Tree=91
num_leaves=9
num_cat=0
split_feature=8 3 8 1 6 7 3 2
split_gain=6.70489e+10 1.2137e+10 1.02088e+10 5.05655e+09 2.07269e+09 1.98729e+09 1.95132e+09 1.36961e+09
threshold=0.076600000000000015 3.6508571428571428 0.095900000000000027 -5.2742034053747266 1.5000000000000002 20.500000000000004 14.851661290322584 2.9491864426121399
decision_type=2 2 2 2 2 2 2 2
left_child=1 -1 4 -4 -2 -5 -7 -3
right_child=2 7 3 5 -6 6 -8 -9
leaf_value=-340.47739696716991 67.163856355908891 -48.655100961361299 49.144599652206693 138.37963659314141 -42.575966232072062 309.9080122815148 161.73006367135554 -161.91259203533792
leaf_weight=43 34 25 27 33 32 28 22 20
leaf_count=43 34 25 27 33 32 28 22 20
internal_value=0.579881 -222.589 113.103 171.459 14.1928 209.669 251.319 -102.591
internal_weight=264 88 176 110 66 83 50 45
internal_count=264 88 176 110 66 83 50 45
is_linear=0
shrinkage=0.01


Tree=92
num_leaves=9
num_cat=0
split_feature=8 3 8 1 6 7 4 2
split_gain=6.57741e+10 1.18999e+10 1.00164e+10 4.96106e+09 2.03322e+09 1.95065e+09 3.25992e+09 1.34443e+09
threshold=0.076600000000000015 3.6508571428571428 0.095900000000000027 -5.2742034053747266 1.5000000000000002 20.500000000000004 2.8237846889952158 2.9491864426121399
decision_type=2 2 2 2 2 2 2 2
left_child=1 -1 4 -4 -2 -5 -7 -3
right_child=2 7 3 5 -6 6 -8 -9
leaf_value=-337.18739323648174 66.520596734705109 -48.196095281636936 48.679019154331144 137.05600604513415 -42.169268015391793 349.17685410610466 168.67573447575643 -160.40642924464026
leaf_weight=43 34 25 27 33 32 20 30 20
leaf_count=43 34 25 27 33 32 20 30 20
internal_value=0.581579 -220.456 112.029 169.833 14.0563 207.681 248.944 -101.633
internal_weight=264 88 176 110 66 83 50 45
internal_count=264 88 176 110 66 83 50 45
is_linear=0
shrinkage=0.01


Tree=93
num_leaves=9
num_cat=0
split_feature=8 8 3 1 7 4 6 8
split_gain=6.45254e+10 1.54105e+10 5.64463e+09 5.25897e+09 4.1613e+09 3.92372e+09 1.9789e+09 8.10693e+08
threshold=0.072200000000000014 0.092500000000000013 3.6508571428571428 -4.3000179622948052 19.500000000000004 2.8237846889952158 1.5000000000000002 0.10750000000000001
decision_type=2 2 2 2 2 2 2 2
left_child=2 6 -1 -3 -5 -6 -2 -7
right_child=1 3 -4 4 5 7 -8 -9
leaf_value=-333.92917716379918 26.092732592385914 45.285806199165236 -128.19017322773837 73.37553362864368 334.29263853783698 120.67002042091499 -81.862535286458339 219.64639603015988
leaf_weight=43 30 35 23 25 24 28 36 20
leaf_count=43 30 35 23 25 24 28 36 20
internal_value=0.586054 91.0081 -266.674 152.839 190.367 228.662 -33.3024 167.317
internal_weight=264 198 66 132 97 72 66 48
internal_count=264 198 66 132 97 72 66 48
is_linear=0
shrinkage=0.01


Tree=94
num_leaves=9
num_cat=0
split_feature=8 3 8 1 6 7 3 9
split_gain=6.33206e+10 1.14332e+10 9.65304e+09 4.77824e+09 1.96705e+09 1.87708e+09 1.85901e+09 6.29006e+08
threshold=0.076600000000000015 3.6508571428571428 0.095900000000000027 -5.2742034053747266 1.5000000000000002 20.500000000000004 14.851661290322584 2010.5000000000002
decision_type=2 2 2 2 2 2 2 2
left_child=1 -1 4 -4 -2 -5 -7 -3
right_child=2 7 3 5 -6 6 -8 -9
leaf_value=-330.70244360077248 65.370709727112683 -53.940366855197482 47.788826411732451 134.54390865768212 -41.535260100862871 301.44689544160485 157.00257041119514 -134.39725351371015
leaf_weight=43 34 21 27 33 32 28 22 24
leaf_count=43 34 21 27 33 32 28 22 24
internal_value=0.595752 -216.28 109.945 166.691 13.7662 203.835 244.316 -99.8021
internal_weight=264 88 176 110 66 83 50 45
internal_count=264 88 176 110 66 83 50 45
is_linear=0
shrinkage=0.01


Tree=95
num_leaves=10
num_cat=0
split_feature=8 8 3 9 4 7 2 8 2
split_gain=6.21404e+10 1.48689e+10 5.40555e+09 4.53107e+09 4.90096e+09 1.75603e+09 1.33118e+09 6.63583e+08 2.53312e+08
threshold=0.072200000000000014 0.092500000000000013 3.6508571428571428 2018.5000000000002 1.9697268170426068 19.500000000000004 1.0564629912477421 0.11010000000000002 2.7082831557539326
decision_type=2 2 2 2 2 2 2 2 2
left_child=2 5 -1 4 -3 -2 -7 8 -6
right_child=1 3 -4 -5 7 6 -8 -9 -10
leaf_value=-327.50688844145014 -94.309899902343759 302.29381694120519 -126.08630128821548 24.001253542432597 86.687831496147268 64.534743311682419 -46.79564044331395 179.3837485591701 143.17360496343568
leaf_weight=43 26 24 23 24 35 20 20 29 20
leaf_count=43 26 24 23 24 35 20 20 29 20
internal_value=0.598021 89.3332 -261.677 150.068 177.37 -32.7723 9.1899 137.001 110.484
internal_weight=264 198 66 132 108 66 40 84 55
internal_count=264 198 66 132 108 66 40 84 55
is_linear=0
shrinkage=0.01


Tree=96
num_leaves=10
num_cat=0
split_feature=8 3 8 6 4 3 2 3 3
split_gain=6.09594e+10 1.0988e+10 9.30279e+09 1.91488e+09 1.78933e+09 1.71137e+09 1.10618e+09 3.0166e+08 1.17141e+08
threshold=0.076600000000000015 4.3526607526881733 0.095900000000000027 1.5000000000000002 2.3231156832298141 17.528806451612905 2.3898032700462206 13.651600000000002 0.11717338709677412
decision_type=2 2 2 2 2 2 2 2 2
left_child=1 8 3 -2 -4 7 -3 -6 -1
right_child=2 6 4 -5 5 -7 -8 -9 -10
leaf_value=-363.6338119446998 64.394946839238557 -41.510992157605237 229.17783791613223 -41.082583372201491 117.91909716796876 189.16467729710823 -145.22514162462809 59.391066157502948 -247.95430750868056
leaf_weight=24 34 23 32 32 21 32 20 25 21
leaf_count=24 34 23 32 32 21 32 20 25 21
internal_value=0.603643 -212.19 107.895 13.4777 163.601 132.882 -93.0195 88.9906 -319.39
internal_weight=264 88 176 66 110 78 43 46 45
internal_count=264 88 176 66 110 78 43 46 45
is_linear=0
shrinkage=0.01


Tree=97
num_leaves=10
num_cat=0
split_feature=10 4 3 3 9 4 9 3 4
split_gain=5.9831e+10 1.14701e+10 5.20271e+09 3.59891e+09 3.59694e+09 4.63682e+09 1.76986e+09 9.3477e+08 7.36328e+08
threshold=3.5000000000000004 5.2541481481481496 2.9767908787541719 22.278413978494626 2017.5000000000002 1.9697268170426068 2011.5000000000002 16.568774193548389 7.1778717741935489
decision_type=2 2 2 2 2 2 2 2 2
left_child=2 4 -1 8 5 -2 -5 -7 -3
right_child=1 3 -4 6 -6 7 -8 -9 -10
leaf_value=-328.16364969644201 307.27024486308193 100.50485683225236 -135.0185105895996 10.01239507630814 35.501833666424417 95.250328185199052 -116.07424450932717 182.94875550426136 23.773832386363637
leaf_weight=40 23 25 26 20 20 35 23 26 26
leaf_count=40 23 25 26 20 20 35 23 26 26
internal_value=0.587474 87.6581 -256.768 7.21065 159.234 187.554 -59.0684 136.124 63.1842
internal_weight=264 198 66 94 104 84 43 61 51
internal_count=264 198 66 94 104 84 43 61 51
is_linear=0
shrinkage=0.01


Tree=98
num_leaves=9
num_cat=0
split_feature=8 0 8 1 7 4 6 2
split_gain=5.87247e+10 1.0552e+10 9.01259e+09 4.60898e+09 1.85245e+09 3.04357e+09 1.84781e+09 1.16715e+09
threshold=0.076600000000000015 1.0000000180025095e-35 0.095900000000000027 -5.2742034053747266 20.500000000000004 2.8237846889952158 1.5000000000000002 2.3898032700462206
decision_type=2 2 2 2 2 2 2 2
left_child=1 -1 6 -4 -5 -6 -2 -3
right_child=2 7 3 4 5 -7 -8 -9
leaf_value=-315.73274462354055 62.99445525693222 -40.625572036431763 44.154823190789479 128.8667111957937 333.85576682867008 159.96668197389633 -40.61672990030317 -145.71489114040799
leaf_weight=44 34 23 27 33 20 30 32 21
leaf_count=44 34 23 27 33 20 30 32 21
internal_value=0.591543 -208.266 105.898 160.728 197.193 237.221 12.9723 -93.9323
internal_weight=264 88 176 110 83 50 66 44
internal_count=264 88 176 110 83 50 66 44
is_linear=0
shrinkage=0.01


Tree=99
num_leaves=10
num_cat=0
split_feature=8 3 8 1 7 4 6 9 3
split_gain=5.76088e+10 1.03692e+10 8.84348e+09 4.52248e+09 1.81884e+09 2.98891e+09 1.81262e+09 7.41306e+08 1.53686e+08
threshold=0.076600000000000015 4.3526607526881733 0.095900000000000027 -5.2742034053747266 20.500000000000004 2.8237846889952158 1.5000000000000002 2011.5000000000002 0.11717338709677412
decision_type=2 2 2 2 2 2 2 2 2
left_child=1 8 6 -4 -5 -6 -2 -3 -1
right_child=2 7 3 4 5 -7 -8 -9 -10
leaf_value=-354.15116794960176 62.391128514249559 -43.350150634765626 43.736517783717112 127.63407166411912 330.7501324037064 158.44319297185021 -40.228747777227149 -129.85535841921543 -240.13514377170142
leaf_weight=24 34 21 27 33 20 30 32 22 21
leaf_count=24 34 21 27 33 20 30 32 22 21
internal_value=0.596203 -206.267 104.897 159.211 195.331 234.992 12.8476 -90.4941 -310.407
internal_weight=264 88 176 110 83 50 66 43 45
internal_count=264 88 176 110 83 50 66 43 45
is_linear=0
shrinkage=0.01


Tree=100
num_leaves=9
num_cat=0
split_feature=8 8 8 1 7 4 6 8
split_gain=5.65493e+10 1.37043e+10 4.82956e+09 4.8282e+09 3.90429e+09 3.55241e+09 1.75762e+09 7.76827e+08
threshold=0.072200000000000014 0.092500000000000013 0.051900000000000009 -4.3000179622948052 19.500000000000004 2.8237846889952158 1.5000000000000002 0.10750000000000001
decision_type=2 2 2 2 2 2 2 2
left_child=2 6 -1 -3 -5 -6 -2 -7
right_child=1 3 -4 4 5 7 -8 -9
leaf_value=-309.75591609074519 24.015455380394346 40.644459830506207 -117.23063227227395 66.572004993366747 316.98326037837012 113.18780952065677 -77.740947428385411 208.98769463117733
leaf_weight=44 30 35 22 25 24 28 36 20
leaf_count=44 30 35 22 25 24 28 36 20
internal_value=0.585451 85.2344 -249.612 143.544 179.488 216.536 -31.9821 158.228
internal_weight=264 198 66 132 97 72 66 48
internal_count=264 198 66 132 97 72 66 48
is_linear=0
shrinkage=0.01


Tree=101
num_leaves=9
num_cat=0
split_feature=8 3 8 1 6 7 4 3
split_gain=5.54737e+10 9.97892e+09 8.52154e+09 4.35547e+09 1.7535e+09 1.75009e+09 2.88843e+09 4.29254e+08
threshold=0.076600000000000015 3.6508571428571428 0.095900000000000027 -5.2742034053747266 1.5000000000000002 20.500000000000004 2.8237846889952158 7.8094989247311846
decision_type=2 2 2 2 2 2 2 2
left_child=1 -1 4 -4 -2 -5 -7 -3
right_child=2 7 3 5 -6 6 -8 -9
leaf_value=-309.3021826994821 61.316281084947185 -126.88889360894099 42.937116485060308 125.29225430253624 -39.615685998717353 324.72470464662064 155.40003727988591 -58.657270699295339
leaf_weight=43 34 21 27 33 32 20 30 24
leaf_count=43 34 21 27 33 32 20 30 24
internal_value=0.594606 -202.399 102.944 156.26 12.5866 191.708 230.615 -93.565
internal_weight=264 88 176 110 66 83 50 45
internal_count=264 88 176 110 66 83 50 45
is_linear=0
shrinkage=0.01


Tree=102
num_leaves=10
num_cat=0
split_feature=8 3 8 1 3 2 8 9 3
split_gain=5.442e+10 9.78512e+09 8.36165e+09 4.27372e+09 1.51929e+09 1.05444e+09 9.24001e+08 2.55132e+09 1.94196e+08
threshold=0.076600000000000015 4.3526607526881733 0.095900000000000027 -5.2742034053747266 20.676266666666667 2.3898032700462206 0.11010000000000002 2010.5000000000002 0.11717338709677412
decision_type=2 2 2 2 2 2 2 2 2
left_child=1 8 4 -4 -2 -3 7 -5 -1
right_child=2 5 3 6 -6 -7 -8 -9 -10
leaf_value=-344.99156498927698 55.233578238932296 -37.93998953683036 42.530342653508768 226.499196154006 -39.042137121775795 -138.88256810387901 233.37157262369792 74.422220666273589 -232.3637124565972
leaf_weight=24 36 23 27 22 30 20 36 25 21
leaf_count=24 36 23 27 22 30 20 36 25 21
internal_value=0.598558 -200.458 101.971 154.785 12.4655 -87.9891 189.898 150.411 -301.623
internal_weight=264 88 176 110 66 43 83 47 45
internal_count=264 88 176 110 66 43 83 47 45
is_linear=0
shrinkage=0.01


Tree=103
num_leaves=10
num_cat=0
split_feature=8 8 3 1 7 4 7 8 9
split_gain=5.34083e+10 1.30218e+10 4.66008e+09 4.57853e+09 3.77134e+09 3.41925e+09 1.57056e+09 7.4423e+08 9.79223e+07
threshold=0.072200000000000014 0.092500000000000013 2.9767908787541719 -4.3000179622948052 19.500000000000004 2.8237846889952158 19.500000000000004 0.10750000000000001 2012.5000000000002
decision_type=2 2 2 2 2 2 2 2 2
left_child=2 6 -1 -3 -5 -6 -2 -7 -8
right_child=1 3 -4 4 5 7 8 -9 -10
leaf_value=-310.12567696077275 -89.603168812144887 39.488805215913956 -127.38221553733132 63.852208735627947 309.55325281479776 109.97830413301112 -7.165946868186774 203.57109372161153 23.167946436682413
leaf_weight=40 26 35 26 25 24 28 20 20 20
leaf_count=40 26 35 26 25 24 28 20 20 20
internal_value=0.583468 82.8479 -242.566 139.687 174.689 211.085 -31.4081 153.963 8.28995
internal_weight=264 198 66 132 97 72 66 48 40
internal_count=264 198 66 132 97 72 66 48 40
is_linear=0
shrinkage=0.01


Tree=104
num_leaves=11
num_cat=0
split_feature=3 9 0 3 4 4 9 4 2 2
split_gain=2.9968e+10 8.14613e+09 6.50498e+09 5.58783e+09 5.9906e+09 4.81449e+09 3.31684e+09 3.14831e+09 3.20423e+08 2.44597e+08
threshold=1.0000000180025095e-35 2019.5000000000002 2.5000000000000004 13.021569892473119 1.9697268170426068 7.2779060559006226 2008.5000000000002 3.0162740740740746 -0.6435396315552121 2.3898032700462206
decision_type=2 2 2 2 2 2 2 2 2 2
left_child=-1 2 3 4 -2 8 -6 -4 -5 -7
right_child=1 -3 7 5 6 9 -8 -9 -10 -11
leaf_value=-294.42515236776387 84.863230827487243 -108.92480761718751 245.51015619574653 189.60473831531613 -199.69817266419875 25.859286314498547 -25.037754105548469 88.164292757161462 111.6221083984375 -21.847070085392442
leaf_weight=29 23 31 21 20 20 20 23 36 21 20
leaf_count=29 23 31 21 20 20 20 23 36 21 20
internal_value=0.589799 38.6324 61.6868 25.9022 -41.8931 80.9003 -110.268 150.943 155.012 2.07838
internal_weight=264 235 204 147 66 81 43 57 41 40
internal_count=264 235 204 147 66 81 43 57 41 40
is_linear=0
shrinkage=0.01


Tree=105
num_leaves=10
num_cat=0
split_feature=8 3 8 1 7 4 3 9 3
split_gain=5.1902e+10 9.28236e+09 7.96898e+09 4.12344e+09 1.65288e+09 2.80015e+09 1.47688e+09 7.42711e+08 1.55704e+08
threshold=0.076600000000000015 4.3526607526881733 0.095900000000000027 -5.2742034053747266 20.500000000000004 2.8237846889952158 20.676266666666667 2011.5000000000002 0.11717338709677412
decision_type=2 2 2 2 2 2 2 2 2
left_child=1 8 6 -4 -5 -6 -2 -3 -1
right_child=2 7 3 4 5 -7 -8 -9 -10
leaf_value=-336.09184131098732 54.377404801432299 -39.438570025973853 40.944756801672149 121.15300179744112 315.85077137082123 149.69593749031188 -38.572266283792167 -125.45871301529256 -227.31481955295138
leaf_weight=24 36 21 27 33 20 30 30 22 21
leaf_count=24 36 21 27 33 20 30 30 22 21
internal_value=0.589307 -195.761 99.5891 151.148 185.633 223.422 12.2091 -86.1946 -294.3
internal_weight=264 88 176 110 83 50 66 43 45
internal_count=264 88 176 110 83 50 66 43 45
is_linear=0
shrinkage=0.01


Tree=106
num_leaves=9
num_cat=0
split_feature=8 0 8 1 7 4 2 4
split_gain=5.09306e+10 9.07776e+09 7.8196e+09 4.04606e+09 1.6229e+09 2.74982e+09 1.10686e+09 1.06184e+09
threshold=0.076600000000000015 1.0000000180025095e-35 0.095900000000000027 -5.2742034053747266 20.500000000000004 2.8237846889952158 2.3898032700462206 6.844358333333334
decision_type=2 2 2 2 2 2 2 2
left_child=1 -1 7 -4 -5 -6 -3 -2
right_child=2 6 3 4 5 -7 -8 -9
leaf_value=-293.61348031683286 52.251472022213157 -36.236851084183677 40.556858552631581 119.99414632161459 312.91262059411338 148.27026013086711 -138.1815753560596 -26.318371238171217
leaf_weight=44 32 23 27 33 20 30 21 34
leaf_count=44 32 23 27 33 20 30 21 34
internal_value=0.57862 -193.925 98.6476 149.72 183.881 221.323 -87.8439 12.0906
internal_weight=264 88 176 110 83 50 44 66
internal_count=264 88 176 110 83 50 44 66
is_linear=0
shrinkage=0.01


Tree=107
num_leaves=10
num_cat=0
split_feature=8 3 8 9 4 3 2 3 9
split_gain=4.9963e+10 8.93473e+09 7.67276e+09 2.88682e+09 3.65771e+09 1.43212e+09 1.19585e+09 7.82693e+08 8.22873e+07
threshold=0.076600000000000015 3.6508571428571428 0.095900000000000027 2018.5000000000002 1.9697268170426068 20.676266666666667 2.9491864426121399 17.730903225806454 2009.5000000000002
decision_type=2 2 2 2 2 2 2 2 2
left_child=1 -1 5 4 -4 -2 -3 8 -6
right_child=2 6 3 -5 7 -7 -8 -9 -10
leaf_value=-293.22790223539545 53.500430436197924 -39.197683612175709 277.3710635435815 36.344761537063953 114.69710108557412 -38.02908873542907 -144.29669004928235 174.64459914873231 70.566098775227871
leaf_weight=43 36 25 24 20 20 30 20 25 21
leaf_count=43 36 25 24 20 20 30 20 25 21
internal_value=0.582983 -192.065 97.7159 148.307 172.184 11.9754 -89.0565 128.62 95.382
internal_weight=264 88 176 110 90 66 45 66 41
internal_count=264 88 176 110 90 66 45 66 41
is_linear=0
shrinkage=0.01


Tree=108
num_leaves=10
num_cat=0
split_feature=8 3 8 1 6 7 4 2 3
split_gain=4.90159e+10 8.76118e+09 7.5298e+09 3.94762e+09 1.63159e+09 1.60339e+09 2.67033e+09 9.84064e+08 1.92728e+08
threshold=0.076600000000000015 4.3526607526881733 0.095900000000000027 -5.2742034053747266 1.5000000000000002 20.500000000000004 2.8237846889952158 2.3898032700462206 0.11717338709677412
decision_type=2 2 2 2 2 2 2 2 2
left_child=1 8 4 -4 -2 -5 -7 -3 -1
right_child=2 7 3 5 -6 6 -8 -9 -10
leaf_value=-327.40540630265781 58.869028956453569 -35.528689463089925 39.152527754934212 117.35098077304121 -38.488122995860543 308.0326941769622 145.83412594325958 -132.91014182867005 -219.91749321831597
leaf_weight=24 34 23 27 33 32 20 30 20 21
leaf_count=24 34 23 27 33 32 20 30 20 21
internal_value=0.589152 -190.224 96.797 146.914 11.8591 180.652 217.796 -83.776 -285.957
internal_weight=264 88 176 110 66 83 50 43 45
internal_count=264 88 176 110 66 83 50 43 45
is_linear=0
shrinkage=0.01


Tree=109
num_leaves=9
num_cat=0
split_feature=8 3 8 1 6 7 4 3
split_gain=4.80991e+10 8.5996e+09 7.38853e+09 3.87353e+09 1.60052e+09 1.57428e+09 2.62233e+09 3.85364e+08
threshold=0.076600000000000015 3.6508571428571428 0.095900000000000027 -5.2742034053747266 1.5000000000000002 20.500000000000004 2.8237846889952158 7.8094989247311846
decision_type=2 2 2 2 2 2 2 2
left_child=1 -1 4 -4 -2 -5 -7 -3
right_child=2 7 3 5 -6 6 -8 -9
leaf_value=-287.6897116808945 58.3052148867325 -118.88540387641058 38.781607987253288 116.2284908571105 -38.120475053929574 305.16727385764898 144.44522821335565 -54.446475231694244
leaf_weight=43 34 21 27 33 32 20 30 24
leaf_count=43 34 21 27 33 32 20 30 24
internal_value=0.578456 -188.442 95.8823 145.527 11.745 178.947 215.75 -87.3832
internal_weight=264 88 176 110 66 83 50 45
internal_count=264 88 176 110 66 83 50 45
is_linear=0
shrinkage=0.01


Tree=110
num_leaves=9
num_cat=0
split_feature=10 9 4 4 3 9 9 2
split_gain=4.71423e+10 9.69456e+09 8.25941e+09 4.13761e+09 4.11452e+09 1.95768e+09 1.78935e+09 2.10065e+09
threshold=3.5000000000000004 2019.5000000000002 1.9697268170426068 11.618397619047622 2.9767908787541719 2015.5000000000002 2010.5000000000002 1.0000000180025095e-35
decision_type=2 2 2 2 2 2 2 2
left_child=4 2 -2 5 -1 6 7 -4
right_child=1 -3 3 -5 -6 -7 -8 -9
leaf_value=-291.33986910532758 268.90820303287148 -94.363776555646936 168.31024856826008 -42.656111892999391 -119.63381964666192 171.2707853879767 15.724166784152178 48.06621629401819
leaf_weight=40 25 27 28 24 26 28 34 32
leaf_count=40 25 27 28 24 26 28 34 32
internal_value=0.581925 77.87 105.649 75.2431 -227.86 98.6728 74.6974 106.917
internal_weight=264 198 171 146 66 122 94 60
internal_count=264 198 171 146 66 122 94 60
is_linear=0
shrinkage=0.01


Tree=111
num_leaves=10
num_cat=0
split_feature=8 0 9 4 8 1 1 9 8
split_gain=4.63984e+10 8.2079e+09 7.32095e+09 6.7729e+09 3.22634e+09 1.43742e+09 2.59399e+09 7.46417e+08 3.53159e+08
threshold=0.076600000000000015 1.0000000180025095e-35 2019.5000000000002 1.9697268170426068 0.092500000000000013 -4.8528837065509078 4.4382992178442668 2010.5000000000002 0.10750000000000001
decision_type=2 2 2 2 2 2 2 2 2
left_child=1 -1 3 -2 -5 -6 8 -3 -7
right_child=2 7 -4 4 5 6 -8 -9 -10
leaf_value=-279.86626625815592 266.37133466612619 -35.181996133493826 -64.916473268995091 10.297668147992484 50.137513320025278 140.54397288602942 45.542376056050145 -120.50936236213236 225.17155220540366
leaf_weight=44 25 20 24 38 24 24 20 24 21
leaf_count=44 25 20 24 38 24 24 20 24 21
internal_value=0.583127 -185.065 94.1869 119.697 88.0521 120.53 144.803 -84.1629 186.027
internal_weight=264 88 176 152 127 89 65 44 45
internal_count=264 88 176 152 127 89 65 44 45
is_linear=0
shrinkage=0.01


Tree=112
num_leaves=11
num_cat=0
split_feature=3 9 0 3 4 4 9 4 2 2
split_gain=2.65923e+10 7.62068e+09 5.70824e+09 4.96508e+09 5.36375e+09 4.31966e+09 3.29703e+09 2.816e+09 3.64989e+08 2.38978e+08
threshold=1.0000000180025095e-35 2019.5000000000002 2.5000000000000004 13.021569892473119 1.9697268170426068 7.2779060559006226 2008.5000000000002 3.0162740740740746 -0.6435396315552121 2.3898032700462206
decision_type=2 2 2 2 2 2 2 2 2 2
left_child=-1 2 3 4 -2 8 -6 -4 -5 -7
right_child=1 -3 7 5 6 9 -8 -9 -10 -11
leaf_value=-277.31244456807121 81.188522457200648 -106.27686215444712 231.76788004557292 182.40439722815228 -192.53891130314318 25.85462527252907 -18.906554004902741 82.998464188639318 103.81148394097224 -21.302552745730377
leaf_weight=29 23 31 21 20 20 20 23 36 21 20
leaf_count=29 23 31 21 20 20 20 23 36 21 20
internal_value=0.59072 36.4265 58.7294 25.1963 -38.7212 77.0343 -103.434 142.346 147.234 2.35806
internal_weight=264 235 204 147 66 81 43 57 41 40
internal_count=264 235 204 147 66 81 43 57 41 40
is_linear=0
shrinkage=0.01


Tree=113
num_leaves=10
num_cat=0
split_feature=8 3 9 8 9 2 1 3 7
split_gain=4.51268e+10 1.17157e+10 4.90205e+09 4.8393e+09 2.11384e+09 1.24504e+09 1.34775e+09 9.53502e+08 7.35312e+08
threshold=0.084000000000000019 5.7696774193548395 2019.5000000000002 0.10750000000000001 2011.5000000000002 -1.887008912865501 3.4882920908282715 1.3554141705069125 20.500000000000004
decision_type=2 2 2 2 2 2 2 2 2
left_child=1 7 3 5 -3 -2 -7 -1 -5
right_child=2 4 -4 8 -6 6 -8 -9 -10
leaf_value=-303.46455045259916 127.21017035590278 10.611116407963268 -29.514840060763891 140.16102598852041 -107.75670053055038 -13.251928217461769 92.780063763786771 -180.60359592349033 236.00586785114984
leaf_weight=31 30 27 21 23 32 22 24 20 34
leaf_count=31 30 27 21 23 32 22 24 20 34
internal_value=0.589994 -152.942 110.673 132.89 -54.6681 78.2141 43.2518 -261.821 201.917
internal_weight=264 110 154 133 59 76 46 51 57
internal_count=264 110 154 133 59 76 46 51 57
is_linear=0
shrinkage=0.01


Tree=114
num_leaves=10
num_cat=0
split_feature=8 3 9 8 9 2 1 3 7
split_gain=4.42733e+10 1.14954e+10 4.80957e+09 4.74735e+09 2.07368e+09 1.22129e+09 1.32252e+09 9.33923e+08 7.20497e+08
threshold=0.084000000000000019 5.7696774193548395 2019.5000000000002 0.10750000000000001 2011.5000000000002 -1.887008912865501 3.4882920908282715 1.3554141705069125 20.500000000000004
decision_type=2 2 2 2 2 2 2 2 2
left_child=1 7 3 5 -3 -2 -7 -1 -5
right_child=2 4 -4 8 -6 6 -8 -9 -10
leaf_value=-300.56996603393554 125.99864730592758 10.510589321203399 -29.239365885416671 138.84522480867346 -106.72738294003615 -13.127869106860871 91.906839001225492 -178.92356315435364 233.74552908024319
leaf_weight=31 30 27 21 23 32 22 24 20 34
leaf_count=31 30 27 21 23 32 22 24 20 34
internal_value=0.582521 -151.491 109.62 131.627 -54.1455 77.472 42.8444 -259.341 199.995
internal_weight=264 110 154 133 59 76 46 51 57
internal_count=264 110 154 133 59 76 46 51 57
is_linear=0
shrinkage=0.01


Tree=115
num_leaves=10
num_cat=0
split_feature=8 3 8 1 2 1 3 0 2
split_gain=4.34361e+10 1.12792e+10 3.95377e+09 1.58606e+09 1.1097e+09 2.0396e+09 9.14744e+08 7.19347e+08 6.63717e+08
threshold=0.084000000000000019 5.7696774193548395 0.10230000000000002 -3.1557925320627951 -2.0678849015090202 3.4882920908282715 1.3554141705069125 1.5000000000000002 -0.6435396315552121
decision_type=2 2 2 2 2 2 2 2 2
left_child=1 6 4 -4 -2 -6 -1 -5 -3
right_child=2 8 3 7 5 -7 -8 -9 -10
leaf_value=-297.70298852539059 100.6202561561734 -11.963144244025735 73.748830018335454 132.51000787265059 -54.737520340320678 80.168882251496015 -177.25915877941043 215.88771615555038 -80.532066533336902
leaf_weight=31 24 24 23 33 20 22 20 32 35
leaf_count=31 24 24 23 33 20 22 20 32 35
internal_value=0.575138 -150.053 108.576 152.075 48.4878 16.2552 -256.884 177.501 -53.6279
internal_weight=264 110 154 88 66 42 51 65 59
internal_count=264 110 154 88 66 42 51 65 59
is_linear=0
shrinkage=0.01


Tree=116
num_leaves=11
num_cat=0
split_feature=8 3 9 4 9 8 2 1 1 3
split_gain=4.26328e+10 7.50939e+09 6.80212e+09 6.46327e+09 3.08047e+09 3.22789e+09 9.32329e+08 9.14964e+08 2.3349e+09 1.96605e+08
threshold=0.076600000000000015 4.3526607526881733 2019.5000000000002 1.9697268170426068 2015.5000000000002 0.092500000000000013 2.3898032700462206 -4.3000179622948052 1.0148958367648511 0.11717338709677412
decision_type=2 2 2 2 2 2 2 2 2 2
left_child=1 9 3 -2 5 -5 -3 -7 -9 -1
right_child=2 6 -4 4 -6 7 -8 8 -10 -11
leaf_value=-305.17651874617036 258.11040982228405 -32.043140146683676 -63.049879844515935 -28.980246233258928 176.449404296875 32.986296415107198 -126.53313135901162 196.27863014398619 55.547718738374265 -203.93820722113716
leaf_weight=24 25 23 24 30 27 20 20 20 30 21
leaf_count=24 25 23 24 30 27 20 20 20 30 21
internal_value=0.568298 -177.387 90.2933 114.885 84.007 56.8087 -78.7759 93.4122 115.918 -266.035
internal_weight=264 88 176 152 127 100 43 70 50 45
internal_count=264 88 176 152 127 100 43 70 50 45
is_linear=0
shrinkage=0.01


Tree=117
num_leaves=10
num_cat=0
split_feature=8 3 9 4 9 9 8 9 3
split_gain=4.18557e+10 1.08604e+10 4.59533e+09 5.23345e+09 2.38554e+09 2.04552e+09 1.41848e+09 1.71584e+09 8.79311e+08
threshold=0.084000000000000019 5.7696774193548395 2019.5000000000002 1.9697268170426068 2015.5000000000002 2011.5000000000002 0.11010000000000002 2010.5000000000002 1.3554141705069125
decision_type=2 2 2 2 2 2 2 2 2
left_child=1 8 3 -2 6 -3 7 -5 -1
right_child=2 5 -4 4 -6 -7 -8 -9 -10
leaf_value=-292.17050120192306 255.67540270535451 11.48124271861294 -29.121399197048614 78.845089209285774 183.70553053252553 -104.91056019341768 130.28623514427329 -30.835053114149307 -174.01704657976018
leaf_weight=31 25 27 21 39 23 32 25 21 20
leaf_count=31 25 27 21 39 23 32 25 21 20
internal_value=0.560334 -147.302 106.579 128.091 95.4595 -52.6823 68.8095 40.6411 -252.132
internal_weight=264 110 154 133 108 59 85 60 51
internal_count=264 110 154 133 108 59 85 60 51
is_linear=0
shrinkage=0.01


Tree=118
num_leaves=10
num_cat=0
split_feature=8 3 9 4 9 8 1 1 9
split_gain=4.10661e+10 7.2296e+09 6.57099e+09 6.21717e+09 2.98144e+09 3.13673e+09 8.93808e+08 2.29156e+09 6.15099e+08
threshold=0.076600000000000015 3.6508571428571428 2019.5000000000002 1.9697268170426068 2015.5000000000002 0.092500000000000013 -4.3000179622948052 1.0148958367648511 2010.5000000000002
decision_type=2 2 2 2 2 2 2 2 2
left_child=1 -1 3 -2 5 -5 -7 -8 -3
right_child=2 8 -4 4 -6 6 7 -9 -10
leaf_value=-265.11818818853141 253.26337122791219 -37.852162272135416 -62.093220454197308 -28.812476283482141 173.44248149671054 32.156385856450989 193.66020570267079 54.31339715866816 -114.99571751014859
leaf_weight=43 25 21 24 30 27 20 20 30 24
leaf_count=43 25 21 24 30 27 20 20 30 24
internal_value=0.556365 -174.099 88.6173 112.788 82.5017 55.7472 91.8315 114.069 -81.3779
internal_weight=264 88 176 152 127 100 70 50 45
internal_count=264 88 176 152 127 100 70 50 45
is_linear=0
shrinkage=0.01


Tree=119
num_leaves=10
num_cat=0
split_feature=8 3 9 8 9 3 7 3 1
split_gain=4.0324e+10 1.04674e+10 4.40621e+09 4.3703e+09 1.99845e+09 8.59574e+08 7.28118e+08 5.15329e+08 5.79529e+08
threshold=0.084000000000000019 5.7696774193548395 2019.5000000000002 0.10750000000000001 2011.5000000000002 0.6620149769585254 20.500000000000004 17.730903225806454 -1.5033185759283139
decision_type=2 2 2 2 2 2 2 2 2
left_child=1 5 3 7 -3 -1 -5 8 -2
right_child=2 4 -4 6 -6 -7 -8 -9 -10
leaf_value=-294.50198944627198 86.769273557079089 11.723250539679277 -28.270064019097223 131.25931700414543 -103.30464707104127 -180.3785440123315 224.61012613645741 108.88883702060633 17.677616210937501
leaf_weight=27 23 27 21 23 32 24 34 27 26
leaf_count=27 23 27 21 23 32 24 34 27 26
internal_value=0.561986 -144.57 104.622 125.687 -51.6791 -247.485 191.274 73.7462 51.7226
internal_weight=264 110 154 133 59 51 57 76 49
internal_count=264 110 154 133 59 51 57 76 49
is_linear=0
shrinkage=0.01


Tree=120
num_leaves=10
num_cat=0
split_feature=8 8 9 4 9 7 8 9 9
split_gain=3.95627e+10 1.0054e+10 4.3232e+09 4.99709e+09 2.30216e+09 1.72919e+09 1.34408e+09 1.68893e+09 1.13102e+09
threshold=0.084000000000000019 0.051900000000000009 2019.5000000000002 1.9697268170426068 2015.5000000000002 21.500000000000004 0.11010000000000002 2010.5000000000002 2011.5000000000002
decision_type=2 2 2 2 2 2 2 2 2
left_child=1 -1 3 -2 6 8 7 -5 -3
right_child=2 5 -4 4 -6 -7 -8 -9 -10
leaf_value=-257.909523872124 249.14097552605395 -47.044788698682595 -28.006209743923609 76.988569465919781 179.27011828364158 9.4765898229720751 126.30351061551077 -31.782125868055555 -151.39668334960939
leaf_weight=44 25 24 21 39 23 22 25 21 20
leaf_count=44 25 24 21 39 23 22 25 21 20
internal_value=0.554923 -143.201 103.628 124.493 92.622 -62.6959 66.4738 39.072 -97.9051
internal_weight=264 110 154 133 108 66 85 60 44
internal_count=264 110 154 133 108 66 85 60 44
is_linear=0
shrinkage=0.01


Tree=121
num_leaves=10
num_cat=0
split_feature=8 3 9 4 9 8 1 1 3
split_gain=3.88474e+10 6.83197e+09 6.24792e+09 5.91525e+09 2.88832e+09 2.98425e+09 8.74537e+08 2.24245e+09 8.36288e+08
threshold=0.076600000000000015 5.7696774193548395 2019.5000000000002 1.9697268170426068 2015.5000000000002 0.092500000000000013 -4.3000179622948052 1.0148958367648511 0.6620149769585254
decision_type=2 2 2 2 2 2 2 2 2
left_child=1 8 3 -2 5 -5 -7 -8 -1
right_child=2 -3 -4 4 -6 6 7 -9 -10
leaf_value=-289.26862767269739 246.79058886258107 -62.257562660118204 -60.745709443933819 -28.537378123449905 169.72298271313048 30.260677685404936 189.78828823355741 52.103698110429072 -176.96531575520834
leaf_weight=27 25 37 24 30 27 20 20 30 24
leaf_count=27 25 37 24 30 27 20 20 30 24
internal_value=0.556438 -169.315 86.2054 109.775 80.2375 53.9251 89.1236 111.101 -242.986
internal_weight=264 88 176 152 127 100 70 50 51
internal_count=264 88 176 152 127 100 70 50 51
is_linear=0
shrinkage=0.01


Tree=122
num_leaves=10
num_cat=0
split_feature=8 3 9 4 9 8 1 1 3
split_gain=3.81162e+10 6.70424e+09 6.13086e+09 5.80396e+09 2.83345e+09 2.92841e+09 8.58183e+08 2.20135e+09 8.20152e+08
threshold=0.076600000000000015 5.7696774193548395 2019.5000000000002 1.9697268170426068 2015.5000000000002 0.092500000000000013 -4.3000179622948052 1.0148958367648511 0.6620149769585254
decision_type=2 2 2 2 2 2 2 2 2
left_child=1 8 3 -2 5 -5 -7 -8 -1
right_child=2 -3 -4 4 -6 6 7 -9 -10
leaf_value=-286.52818119517542 244.46237700840211 -61.659244059773236 -60.173988204656865 -28.26559302920387 168.11508180852522 29.979183122501819 188.02281403297602 51.607473667689732 -175.29975949754902
leaf_weight=27 25 37 24 30 27 20 20 30 24
leaf_count=27 25 37 24 30 27 20 20 30 24
internal_value=0.554879 -167.711 85.394 108.742 79.4834 53.4219 88.2895 110.061 -240.69
internal_weight=264 88 176 152 127 100 70 50 51
internal_count=264 88 176 152 127 100 70 50 51
is_linear=0
shrinkage=0.01


Tree=123
num_leaves=10
num_cat=0
split_feature=8 3 9 4 9 9 0 3 4
split_gain=3.74318e+10 9.71306e+09 4.04956e+09 4.72065e+09 2.18396e+09 1.97156e+09 1.49752e+09 8.04327e+08 6.59997e+08
threshold=0.084000000000000019 5.7696774193548395 2019.5000000000002 1.9697268170426068 2015.5000000000002 2013.5000000000002 1.5000000000000002 0.6620149769585254 5.0681666666666683
decision_type=2 2 2 2 2 2 2 2 2
left_child=1 7 3 -2 6 -3 -5 -1 -8
right_child=2 5 -4 4 -6 -7 8 -9 -10
leaf_value=-283.81370990953945 242.15612650169518 3.8982621195778915 -26.616235568576389 9.7785288887593289 174.41563566246813 -110.28861522473788 124.77475731693097 -173.64987912645526 47.879865451388888
leaf_weight=27 25 32 21 32 23 27 32 24 21
leaf_count=27 25 32 21 32 23 27 32 24 21
internal_value=0.553299 -139.277 100.812 121.005 90.0278 -49.7954 64.5648 -238.415 96.4635
internal_weight=264 110 154 133 108 59 85 51 53
internal_count=264 110 154 133 108 59 85 51 53
is_linear=0
shrinkage=0.01


Tree=124
num_leaves=10
num_cat=0
split_feature=8 3 1 8 7 3 3 3 3
split_gain=3.67273e+10 9.53041e+09 3.6659e+09 2.59948e+09 2.30592e+09 9.57815e+08 7.91185e+08 6.62303e+08 3.15139e+08
threshold=0.084000000000000019 5.7696774193548395 -4.3000179622948052 0.10750000000000001 20.500000000000004 13.828532258064518 1.3554141705069125 24.720790322580648 14.43067741935484
decision_type=2 2 2 2 2 2 2 2 2
left_child=1 6 8 5 -5 -4 -1 -3 -2
right_child=2 7 3 4 -6 -7 -8 -9 -10
leaf_value=-273.93746371694715 43.341394326853198 -80.095544640174282 22.729395073784723 95.230475332222738 234.41293296344463 108.29662342699268 -162.58088628724565 -12.914509442862819 -11.146764497978744
leaf_weight=31 20 31 21 24 31 38 20 28 20
leaf_count=31 20 31 21 24 31 38 20 28 20
internal_value=0.548249 -137.96 99.8594 128.45 177.82 79.1593 -236.161 -49.3239 16.6789
internal_weight=264 110 154 114 55 59 51 59 40
internal_count=264 110 154 114 55 59 51 59 40
is_linear=0
shrinkage=0.01


Tree=125
num_leaves=10
num_cat=0
split_feature=8 0 9 4 9 8 2 1 1
split_gain=3.60333e+10 6.28244e+09 5.90847e+09 5.52746e+09 2.74077e+09 2.78651e+09 9.84006e+08 8.20335e+08 2.15843e+09
threshold=0.076600000000000015 1.0000000180025095e-35 2019.5000000000002 1.9697268170426068 2015.5000000000002 0.092500000000000013 2.3898032700462206 -4.3000179622948052 1.0148958367648511
decision_type=2 2 2 2 2 2 2 2 2
left_child=1 -1 3 -2 5 -5 -3 -7 -9
right_child=2 6 -4 4 -6 7 -8 8 -10
leaf_value=-246.01860064496051 238.39613771834462 -26.725292775679609 -59.844012331495094 -27.884775739397323 164.55370297080594 28.840948429551236 -122.02102810329862 184.23035247093023 49.324933849516363
leaf_weight=44 25 23 24 30 27 20 21 20 30
leaf_count=44 25 23 24 30 27 20 21 20 30
internal_value=0.540696 -163.063 83.0291 105.952 77.4023 51.7873 -74.7308 85.8012 107.082
internal_weight=264 88 176 152 127 100 44 70 50
internal_count=264 88 176 152 127 100 44 70 50
is_linear=0
shrinkage=0.01


Tree=126
num_leaves=10
num_cat=0
split_feature=8 3 8 7 2 3 3 2 2
split_gain=3.53815e+10 9.17149e+09 3.37509e+09 2.13099e+09 1.03085e+09 8.81801e+08 7.8045e+08 6.44445e+08 5.96073e+08
threshold=0.084000000000000019 5.7696774193548395 0.10230000000000002 21.500000000000004 -2.0678849015090202 17.528806451612905 0.6620149769585254 -0.6435396315552121 5.1320769245231217
decision_type=2 2 2 2 2 2 2 2 2
left_child=1 6 4 5 -2 -4 -1 -3 -6
right_child=2 7 3 -5 8 -7 -8 -9 -10
leaf_value=-276.19904361122531 92.782120528875623 -7.6886826459099273 58.196441968834918 200.29640965421433 -23.580521889544549 144.43825909423828 -168.4103387331495 -74.932731097495719 49.40239939135175
leaf_weight=27 24 24 33 34 22 21 24 35 20
leaf_count=27 24 24 33 34 22 21 24 35 20
internal_value=0.545618 -135.402 98.0202 138.192 42.5771 94.7324 -231.736 -48.4482 11.6781
internal_weight=264 110 154 88 66 54 51 59 42
internal_count=264 110 154 88 66 54 51 59 42
is_linear=0
shrinkage=0.01


Tree=127
num_leaves=10
num_cat=0
split_feature=8 3 9 4 9 9 0 3 4
split_gain=3.47138e+10 8.99957e+09 3.86452e+09 4.49726e+09 2.10375e+09 1.94838e+09 1.44183e+09 7.65399e+08 6.48997e+08
threshold=0.084000000000000019 5.7696774193548395 2019.5000000000002 1.9697268170426068 2015.5000000000002 2013.5000000000002 1.5000000000000002 0.6620149769585254 5.0681666666666683
decision_type=2 2 2 2 2 2 2 2 2
left_child=1 7 3 -2 6 -3 -5 -1 -8
right_child=2 5 -4 4 -6 -7 8 -9 -10
leaf_value=-273.58242701480265 235.02605058778008 5.3277124023437503 -27.317273111979166 7.9940596942047586 169.37331971460458 -108.12395278930664 120.96476892272038 -166.82530024509805 45.075417317708336
leaf_weight=27 25 32 21 32 23 27 32 24 21
leaf_count=27 25 32 21 32 23 27 32 24 21
internal_value=0.539838 -134.118 97.0903 116.819 86.6118 -47.9842 61.6686 -229.546 92.9638
internal_weight=264 110 154 133 108 59 85 51 53
internal_count=264 110 154 133 108 59 85 51 53
is_linear=0
shrinkage=0.01


Tree=128
num_leaves=11
num_cat=0
split_feature=8 3 9 4 9 8 9 1 9 3
split_gain=3.40651e+10 5.97054e+09 5.703e+09 5.28907e+09 2.64853e+09 2.65035e+09 8.17951e+08 1.03934e+09 6.02883e+08 2.35697e+06
threshold=0.076600000000000015 3.6508571428571428 2019.5000000000002 1.9697268170426068 2015.5000000000002 0.092500000000000013 2011.5000000000002 1.7554440044262545 2010.5000000000002 1.0000000180025095e-35
decision_type=2 2 2 2 2 2 2 2 2 2
left_child=1 9 3 -2 5 -5 7 -7 -3 -1
right_child=2 8 -4 4 -6 6 -8 -9 -10 -11
leaf_value=-273.58756143375319 232.80882461259949 -31.781781358506947 -59.596929093903192 -27.511844327411954 160.99618669476425 145.93629410593135 28.453011040581597 49.372309154753992 -107.37453046649111 -187.58316394894621
leaf_weight=23 25 21 24 30 27 27 21 22 24 20
leaf_count=23 25 21 24 30 27 27 21 22 24 20
internal_value=0.534888 -158.537 80.7387 103.263 75.3417 50.1775 83.3517 105.336 -74.2613 -241.257
internal_weight=264 88 176 152 127 100 70 49 45 43
internal_count=264 88 176 152 127 100 70 49 45 43
is_linear=0
shrinkage=0.01


Tree=129
num_leaves=10
num_cat=0
split_feature=8 3 1 8 7 3 3 3 3
split_gain=3.34523e+10 8.68096e+09 3.55362e+09 2.39466e+09 2.23e+09 8.91932e+08 7.31819e+08 6.42921e+08 3.00731e+08
threshold=0.084000000000000019 5.7696774193548395 -4.3000179622948052 0.10750000000000001 20.500000000000004 13.828532258064518 1.3554141705069125 24.720790322580648 14.43067741935484
decision_type=2 2 2 2 2 2 2 2 2
left_child=1 6 8 5 -5 -4 -1 -3 -2
right_child=2 7 3 4 -6 -7 -8 -9 -10
leaf_value=-261.59996843073918 39.62253934638445 -77.374564147949229 21.700135579427084 90.01609259811103 226.36647228064905 104.24803041868573 -154.91829726108284 -11.288400940975901 -13.501264449718388
leaf_weight=31 20 31 21 24 31 38 20 28 20
leaf_count=31 20 31 21 24 31 38 20 28 20
internal_value=0.525593 -131.663 95.3055 123.449 170.838 76.1332 -225.386 -47.0693 13.5325
internal_weight=264 110 154 114 55 59 51 59 40
internal_count=264 110 154 114 55 59 51 59 40
is_linear=0
shrinkage=0.01


Tree=130
num_leaves=10
num_cat=0
split_feature=8 3 9 8 9 3 7 3 7
split_gain=3.28196e+10 8.51758e+09 3.6924e+09 3.70143e+09 1.90785e+09 7.21697e+08 6.84002e+08 4.85873e+08 5.9174e+08
threshold=0.084000000000000019 5.7696774193548395 2019.5000000000002 0.10750000000000001 2013.5000000000002 0.6620149769585254 20.500000000000004 17.730903225806454 21.500000000000004
decision_type=2 2 2 2 2 2 2 2 2
left_child=1 5 3 7 -3 -1 -5 8 -2
right_child=2 4 -4 6 -6 -7 -8 -9 -10
leaf_value=-266.04109925387201 76.198637340198871 6.0972887272621268 -27.180656250000002 117.49434914725167 -106.13380531177187 -162.29379059436275 205.66368335992516 99.811547637404061 6.9635124860491064
leaf_weight=27 26 32 21 23 27 24 34 27 23
leaf_count=27 26 32 21 23 27 24 34 27 23
internal_value=0.51826 -130.415 94.3977 113.683 -46.6206 -223.251 174.012 65.9447 44.8728
internal_weight=264 110 154 133 59 51 57 76 49
internal_count=264 110 154 133 59 51 57 76 49
is_linear=0
shrinkage=0.01


Tree=131
num_leaves=10
num_cat=0
split_feature=8 3 9 4 9 8 9 1 3
split_gain=3.22059e+10 5.64699e+09 5.49611e+09 5.08759e+09 2.6021e+09 2.51666e+09 8.03362e+08 1.02987e+09 7.07778e+08
threshold=0.076600000000000015 5.7696774193548395 2019.5000000000002 1.9697268170426068 2015.5000000000002 0.092500000000000013 2011.5000000000002 1.7554440044262545 0.6620149769585254
decision_type=2 2 2 2 2 2 2 2 2
left_child=1 8 3 -2 5 -5 7 -7 -1
right_child=2 -3 -4 4 -6 6 -8 -9 -10
leaf_value=-263.52070381030705 227.64604604469153 -56.817013465584097 -59.243331418504908 -27.359368043929813 158.10323747601427 142.77198154382538 26.424497368706596 46.946259817569818 -160.76631969975489
leaf_weight=27 25 37 24 30 27 27 21 22 24
leaf_count=27 25 37 24 30 27 27 21 22 24
internal_value=0.510286 -154.16 78.4949 100.61 73.2368 48.3249 80.6547 102.421 -221.141
internal_weight=264 88 176 152 127 100 70 49 51
internal_count=264 88 176 152 127 100 70 49 51
is_linear=0
shrinkage=0.01


Tree=132
num_leaves=11
num_cat=0
split_feature=10 7 4 7 9 9 3 9 10 3
split_gain=3.14716e+10 7.52178e+09 6.68739e+09 3.33577e+09 2.42073e+09 1.84384e+09 1.41826e+09 1.01865e+09 1.28188e+09 1.8599e+08
threshold=3.5000000000000004 17.500000000000004 2.8237846889952158 21.500000000000004 2018.5000000000002 2015.5000000000002 21.628016666666671 2011.5000000000002 8.5000000000000018 0.6620149769585254
decision_type=2 2 2 2 2 2 2 2 2 2
left_child=3 -2 -3 9 5 6 7 8 -4 -1
right_child=1 2 4 -5 -6 -7 -8 -9 -10 -11
leaf_value=-267.93224276224771 -109.81052007378472 200.15417672072786 0.4506416522331958 -71.151606580157619 -35.746344708136796 153.17351605902778 109.56422163043106 -33.552040348496547 104.52018714735243 -178.83602767619681
leaf_weight=24 21 38 25 20 25 21 27 20 21 22
leaf_count=24 21 38 25 20 25 21 27 20 21 22
internal_value=0.507113 63.6559 84.9865 -186.144 51.701 71.0933 50.4219 24.33 49.7612 -232.314
internal_weight=264 198 177 66 139 114 93 66 46 46
internal_count=264 198 177 66 139 114 93 66 46 46
is_linear=0
shrinkage=0.01


Tree=133
num_leaves=10
num_cat=0
split_feature=8 8 9 4 9 7 8 9 9
split_gain=3.11546e+10 7.82118e+09 3.52051e+09 4.13337e+09 1.97528e+09 1.8487e+09 1.14368e+09 1.60876e+09 1.10206e+09
threshold=0.084000000000000019 0.051900000000000009 2019.5000000000002 1.9697268170426068 2015.5000000000002 21.500000000000004 0.11010000000000002 2010.5000000000002 2011.5000000000002
decision_type=2 2 2 2 2 2 2 2 2
left_child=1 -1 3 -2 6 8 7 -5 -3
right_child=2 5 -4 4 -6 -7 -8 -9 -10
leaf_value=-228.25458500118046 224.07806713176223 -42.633344678691792 -26.741393663194444 69.664928249782989 161.98348054846937 18.088905811715634 112.84981138985113 -36.305663519965279 -145.16490369929824
leaf_weight=44 25 24 21 39 23 22 25 21 20
leaf_count=44 25 24 21 39 23 22 25 21 20
internal_value=0.494745 -127.074 91.9618 110.794 81.8601 -56.046 57.7465 32.5942 -92.488
internal_weight=264 110 154 133 108 66 85 60 44
internal_count=264 110 154 133 108 66 85 60 44
is_linear=0
shrinkage=0.01


Tree=134
num_leaves=10
num_cat=0
split_feature=8 0 9 4 9 7 0 9 1
split_gain=3.05635e+10 7.66882e+09 3.45437e+09 4.05601e+09 1.93878e+09 1.81434e+09 1.3303e+09 1.08177e+09 9.70348e+08
threshold=0.084000000000000019 1.0000000180025095e-35 2019.5000000000002 1.9697268170426068 2015.5000000000002 21.500000000000004 1.5000000000000002 2011.5000000000002 -2.0736827912686047
decision_type=2 2 2 2 2 2 2 2 2
left_child=1 -1 3 -2 6 7 -5 -3 -8
right_child=2 5 -4 4 -6 -7 8 -9 -10
leaf_value=-226.04729062929258 221.96412294783681 -42.232091854319854 -26.491807834201392 5.7363438119461287 160.46281847895409 17.919561131254156 29.244602221111919 -143.81452914925509 119.60487048162929
leaf_weight=44 25 24 21 32 23 22 20 20 33
leaf_count=44 25 24 21 32 23 22 20 20 33
internal_value=0.495873 -125.856 91.091 109.745 81.0837 -55.5233 57.1944 -91.6251 87.2502
internal_weight=264 110 154 133 108 66 85 44 53
internal_count=264 110 154 133 108 66 85 44 53
is_linear=0
shrinkage=0.01


Tree=135
num_leaves=11
num_cat=0
split_feature=10 7 4 7 9 9 3 9 10 3
split_gain=2.98684e+10 7.28493e+09 6.39638e+09 3.14079e+09 2.33131e+09 1.76536e+09 1.43165e+09 9.84103e+08 1.24839e+09 1.90187e+08
threshold=3.5000000000000004 17.500000000000004 2.8237846889952158 21.500000000000004 2018.5000000000002 2015.5000000000002 21.628016666666671 2011.5000000000002 8.5000000000000018 0.6620149769585254
decision_type=2 2 2 2 2 2 2 2 2 2
left_child=3 -2 -3 9 5 6 7 8 -4 -1
right_child=1 2 4 -5 -6 -7 -8 -9 -10 -11
leaf_value=-261.13474343692559 -108.6784035373264 195.64452000098893 -0.50570337835347878 -69.684434489760292 -35.346380177623821 149.8042439236111 108.66767725894326 -33.766121698423873 102.13781898328993 -173.74865400598404
leaf_weight=24 21 38 25 20 25 21 27 20 21 22
leaf_count=24 21 38 25 20 25 21 27 20 21 22
internal_value=0.497488 62.0168 83.0119 -181.337 50.4602 69.4922 49.2672 23.092 48.0987 -226.148
internal_weight=264 198 177 66 139 114 93 66 46 46
internal_count=264 198 177 66 139 114 93 66 46 46
is_linear=0
shrinkage=0.01


Tree=136
num_leaves=11
num_cat=0
split_feature=10 7 3 9 7 2 9 10 9 3
split_gain=2.93082e+10 7.14851e+09 5.93193e+09 3.52566e+09 3.08177e+09 1.16606e+09 1.49804e+09 1.47329e+09 1.39054e+09 1.86411e+08
threshold=3.5000000000000004 17.500000000000004 7.8094989247311846 2019.5000000000002 21.500000000000004 -1.6289557695985388 2008.5000000000002 7.5000000000000009 2010.5000000000002 0.6620149769585254
decision_type=2 2 2 2 2 2 2 2 2 2
left_child=4 -2 -3 5 9 8 -7 -8 -4 -1
right_child=1 2 3 -5 -6 6 7 -9 -10 -11
leaf_value=-258.67699929630055 -107.66406882052952 212.29596870034428 160.84827878717792 -58.00355593417553 -69.036208772881082 -4.1575992713341341 138.61495617924905 22.542903130425348 53.764224415905076 -172.12207550698139
leaf_weight=24 21 28 27 22 20 31 23 21 25 22
leaf_count=24 21 28 27 22 20 31 23 21 25 22
internal_value=0.485359 61.4251 82.2227 55.9071 -179.636 76.0864 49.257 85.7866 112.317 -224.024
internal_weight=264 198 177 149 66 127 75 44 52 46
internal_count=264 198 177 149 66 127 75 44 52 46
is_linear=0
shrinkage=0.01


Tree=137
num_leaves=10
num_cat=0
split_feature=8 3 1 8 9 7 4 3 3
split_gain=2.9083e+10 7.4535e+09 3.39398e+09 2.22594e+09 1.84725e+09 1.54212e+09 2.04206e+09 6.39781e+08 2.75056e+08
threshold=0.084000000000000019 5.7696774193548395 -4.3000179622948052 0.095900000000000027 2013.5000000000002 20.500000000000004 2.8237846889952158 1.3554141705069125 14.43067741935484
decision_type=2 2 2 2 2 2 2 2 2
left_child=1 7 8 -4 -3 -5 -7 -1 -2
right_child=2 4 3 5 -6 6 -8 -9 -10
leaf_value=-243.41448403695915 34.134894962754359 7.4422942659748141 42.959713462715719 83.377312257681311 -102.93359335380688 256.95862883811776 116.86674874441964 -143.93011309956395 -16.558362384175147
leaf_weight=31 20 32 32 32 27 20 30 20 20
leaf_count=31 20 32 32 32 27 20 30 20 20
internal_value=0.475895 -122.778 88.8497 116.348 -44.3683 143.701 178.756 -209.628 9.10567
internal_weight=264 110 154 114 59 82 50 51 40
internal_count=264 110 154 114 59 82 50 51 40
is_linear=0
shrinkage=0.01


Tree=138
num_leaves=10
num_cat=0
split_feature=8 3 9 4 9 9 0 3 4
split_gain=2.85356e+10 7.31294e+09 3.30478e+09 3.84025e+09 1.88087e+09 1.8124e+09 1.29442e+09 6.30841e+08 6.12899e+08
threshold=0.084000000000000019 5.7696774193548395 2019.5000000000002 1.9697268170426068 2015.5000000000002 2013.5000000000002 1.5000000000000002 0.6620149769585254 5.0681666666666683
decision_type=2 2 2 2 2 2 2 2 2
left_child=1 7 3 -2 6 -3 -5 -1 -8
right_child=2 5 -4 4 -6 -7 8 -9 -10
leaf_value=-247.55969876473409 215.43575096274321 7.371203977670242 -26.93948795572917 4.2051590922341413 156.51711007254465 -101.95843290630141 111.60206874562734 -150.81459817325367 38.603723741319449
leaf_weight=27 25 32 21 32 23 27 32 24 21
leaf_count=27 25 32 21 32 23 27 32 24 21
internal_value=0.473109 -121.615 88.0112 106.259 78.382 -43.9483 54.8919 -207.643 84.5369
internal_weight=264 110 154 133 108 59 85 51 53
internal_count=264 110 154 133 108 59 85 51 53
is_linear=0
shrinkage=0.01


Tree=139
num_leaves=11
num_cat=0
split_feature=8 0 1 8 7 7 4 9 4 1
split_gain=2.79986e+10 6.93113e+09 3.32542e+09 2.16083e+09 1.8208e+09 1.50467e+09 1.98315e+09 1.02751e+09 2.29853e+08 2.79689e+07
threshold=0.084000000000000019 1.0000000180025095e-35 -4.3000179622948052 0.095900000000000027 21.500000000000004 20.500000000000004 2.8237846889952158 2011.5000000000002 3.7987620320855622 2.1445501945688066
decision_type=2 2 2 2 2 2 2 2 2 2
left_child=1 9 8 -4 7 -5 -7 -3 -2 -1
right_child=2 4 3 5 -6 6 -8 -9 -10 -11
leaf_value=-170.1430287982048 31.156222292877906 -41.577896178002447 42.105520106073634 81.809300701084425 19.888707106569981 253.0119678869913 114.98482197110616 -140.63139699536703 -15.183538222202035 -247.536137279754
leaf_weight=22 20 24 32 32 22 20 30 20 20 22
leaf_count=22 20 24 32 32 22 20 30 20 20 22
internal_value=0.468743 -120.466 87.1792 114.398 -53.5767 141.346 175.957 -89.7543 8.27476 -215.725
internal_weight=264 110 154 114 66 82 50 44 40 44
internal_count=264 110 154 114 66 82 50 44 40 44
is_linear=0
shrinkage=0.01


Tree=140
num_leaves=10
num_cat=0
split_feature=8 9 7 4 9 8 1 2 2
split_gain=2.75173e+10 4.98707e+09 4.82386e+09 4.40326e+09 2.40892e+09 2.27336e+09 1.4297e+09 7.82365e+08 1.71099e+09
threshold=0.076600000000000015 2019.5000000000002 21.500000000000004 1.9697268170426068 2015.5000000000002 0.092500000000000013 1.0148958367648511 3.1597412862324097 -1.887008912865501
decision_type=2 2 2 2 2 2 2 2 2
left_child=2 3 6 -2 5 -5 -1 8 -7
right_child=1 -3 -4 4 -6 7 -8 -9 -10
leaf_value=-123.89000386222465 211.80354121370135 -58.578380629595586 -19.902367876838234 -27.640612231057791 149.75627839740955 100.2519482850192 -232.01117461740157 123.3864415724734 -17.620586405436196
leaf_weight=29 25 24 24 30 27 27 35 22 21
leaf_count=29 25 24 24 30 27 27 35 22 21
internal_value=0.459982 72.5449 -142.509 93.6187 68.1531 44.2326 -186.978 74.9692 49.7113
internal_weight=264 176 88 152 127 100 64 70 48
internal_count=264 176 88 152 127 100 64 70 48
is_linear=0
shrinkage=0.01


Tree=141
num_leaves=10
num_cat=0
split_feature=8 9 7 4 9 8 1 1 1
split_gain=2.6996e+10 4.89349e+09 4.73184e+09 4.32059e+09 2.36335e+09 2.2306e+09 1.40203e+09 7.46202e+08 2.05612e+09
threshold=0.076600000000000015 2019.5000000000002 21.500000000000004 1.9697268170426068 2015.5000000000002 0.092500000000000013 1.0148958367648511 -4.3000179622948052 1.0148958367648511
decision_type=2 2 2 2 2 2 2 2 2
left_child=2 3 6 -2 5 -5 -1 -7 -9
right_child=1 -3 -4 4 -6 7 -8 8 -10
leaf_value=-122.71203347127947 209.80539785709021 -58.027055759803929 -19.715050635244332 -27.377368202814981 148.33753666392545 20.636505552779795 -229.78641313944777 169.55373376180961 38.751612539140005
leaf_weight=29 25 24 24 30 27 20 35 20 30
leaf_count=29 25 24 24 30 27 20 35 20 30
internal_value=0.461344 71.8601 -141.147 92.7353 67.5099 43.8166 -185.19 74.2627 94.4872
internal_weight=264 176 88 152 127 100 64 70 50
internal_count=264 176 88 152 127 100 64 70 50
is_linear=0
shrinkage=0.01


Tree=142
num_leaves=10
num_cat=0
split_feature=8 3 1 8 9 4 3 3 3
split_gain=2.64887e+10 6.93978e+09 3.22365e+09 2.11121e+09 1.80599e+09 1.61839e+09 8.34374e+08 6.01749e+08 2.59701e+08
threshold=0.084000000000000019 5.7696774193548395 -4.3000179622948052 0.11010000000000002 2013.5000000000002 3.0162740740740746 15.394161290322581 0.6620149769585254 14.43067741935484
decision_type=2 2 2 2 2 2 2 2 2
left_child=1 7 8 5 -3 -4 -7 -1 -2
right_child=2 4 3 -5 -6 6 -8 -9 -10
leaf_value=-239.79321066337718 31.517404217387359 9.587061494286381 138.27398129322489 175.95388615020332 -99.46273928993628 -6.3610437579487646 75.781112690274682 -145.73220042509192 -17.703586993550147
leaf_weight=27 20 32 29 35 27 20 30 24 20
leaf_count=27 20 32 29 35 27 20 30 24 20
internal_value=0.464045 -117.164 84.804 111.602 -41.5456 80.3441 43.6958 -200.958 7.15631
internal_weight=264 110 154 114 59 79 50 51 40
internal_count=264 110 154 114 59 79 50 51 40
is_linear=0
shrinkage=0.01


Tree=143
num_leaves=9
num_cat=0
split_feature=10 7 4 7 9 9 1 9
split_gain=2.59165e+10 6.7962e+09 5.75212e+09 2.78384e+09 2.12973e+09 1.67935e+09 1.14304e+09 1.83342e+09
threshold=3.5000000000000004 17.500000000000004 2.8237846889952158 21.500000000000004 2018.5000000000002 2015.5000000000002 4.3670212045891397 2010.5000000000002
decision_type=2 2 2 2 2 2 2 2
left_child=3 -2 -3 -1 5 6 7 -4
right_child=1 2 4 -5 -6 -7 -8 -9
leaf_value=-211.0863699115954 -107.04887402343749 184.85002818433546 109.44606380509742 -63.987407822719845 -34.784465378095518 143.63993804253474 -18.200993869357639 8.6094029224782762
leaf_weight=46 21 38 39 20 25 21 21 33
leaf_count=46 21 38 39 20 25 21 21 33
internal_value=0.455 57.7602 78.0491 -168.924 47.1899 65.3851 45.715 64.3483
internal_weight=264 198 177 66 139 114 93 72
internal_count=264 198 177 66 139 114 93 72
is_linear=0
shrinkage=0.01


Tree=144
num_leaves=10
num_cat=0
split_feature=8 3 1 9 4 9 3 3 3
split_gain=2.5625e+10 8.62972e+09 3.28775e+09 1.5663e+09 1.51637e+09 1.22832e+09 1.2121e+09 8.91118e+08 6.62883e+08
threshold=0.092500000000000013 6.4904172043010764 -4.3000179622948052 2017.5000000000002 5.3718660714285731 2008.5000000000002 24.595483870967744 1.3554141705069125 13.130466666666669
decision_type=2 2 2 2 2 2 2 2 2
left_child=1 7 -2 6 5 -4 -3 -1 -7
right_child=2 3 4 -5 -6 8 -8 -9 -10
leaf_value=-229.46328523137021 14.49974746495077 -37.389513594033062 217.13418566645407 -99.56000176008358 68.310368360436485 68.936328125000003 54.592990124760846 -130.87054825692806 157.28040561055028
leaf_weight=31 35 33 23 20 33 21 23 25 20
leaf_count=31 35 33 23 20 33 21 23 25 20
internal_value=0.451095 -97.5176 98.4148 -27.0058 128.011 156.525 0.827479 -190.011 116.061
internal_weight=264 132 132 76 97 64 56 56 41
internal_count=264 132 132 76 97 64 56 56 41
is_linear=0
shrinkage=0.01


Tree=145
num_leaves=10
num_cat=0
split_feature=8 3 1 7 4 1 2 3 8
split_gain=2.51432e+10 8.46616e+09 3.22646e+09 2.99356e+09 2.11703e+09 1.0581e+09 2.25942e+09 8.73775e+08 5.30842e+08
threshold=0.092500000000000013 6.4904172043010764 -4.3000179622948052 19.500000000000004 2.8237846889952158 6.1437669032797464 -0.6435396315552121 1.3554141705069125 0.10750000000000001
decision_type=2 2 2 2 2 2 2 2 2
left_child=1 7 -2 -4 -5 6 -3 -1 -6
right_child=2 5 3 4 8 -7 -8 -9 -10
leaf_value=-227.27455618990385 14.360709245237587 10.768370496961806 30.239433778007076 236.11857249540441 79.027143435720674 33.903033759538516 -114.23253435724432 -129.6359189821639 155.20957996457122
leaf_weight=31 35 30 25 24 28 20 26 25 20
leaf_count=31 35 30 25 24 28 20 26 25 20
internal_value=0.451301 -96.5921 97.4897 126.809 159.039 -26.7517 -48.7336 -188.205 114.511
internal_weight=264 132 132 97 72 76 56 56 48
internal_count=264 132 132 97 72 76 56 56 48
is_linear=0
shrinkage=0.01


Tree=146
num_leaves=10
num_cat=0
split_feature=8 3 1 7 4 9 3 3 8
split_gain=2.467e+10 8.30596e+09 3.16626e+09 2.93762e+09 2.07721e+09 1.54243e+09 1.19276e+09 8.56769e+08 5.21322e+08
threshold=0.092500000000000013 6.4904172043010764 -4.3000179622948052 19.500000000000004 2.8237846889952158 2017.5000000000002 24.595483870967744 1.3554141705069125 0.10750000000000001
decision_type=2 2 2 2 2 2 2 2 2
left_child=1 7 -2 -4 -5 6 -3 -1 -6
right_child=2 5 3 4 8 -7 -8 -9 -10
leaf_value=-225.10670770733174 14.223003130351028 -36.803375474128174 29.954157714843749 233.89628398820469 78.277054934744115 -98.4971353788154 54.4423871223294 -128.4129379790684 153.76576927007631
leaf_weight=31 35 33 25 24 28 20 23 25 20
leaf_count=31 35 33 25 24 28 20 23 25 20
internal_value=0.451789 -95.6741 96.5727 125.617 157.544 -26.4976 1.11499 -186.416 113.437
internal_weight=264 132 132 97 72 76 56 56 48
internal_count=264 132 132 97 72 76 56 56 48
is_linear=0
shrinkage=0.01


Tree=147
num_leaves=10
num_cat=0
split_feature=8 3 9 8 9 2 1 7 3
split_gain=2.42143e+10 6.2927e+09 3.02612e+09 2.9545e+09 1.74545e+09 1.12121e+09 1.19719e+09 5.69174e+08 5.65743e+08
threshold=0.084000000000000019 5.7696774193548395 2019.5000000000002 0.10750000000000001 2013.5000000000002 -2.9933725490645098 2.1445501945688066 20.500000000000004 0.6620149769585254
decision_type=2 2 2 2 2 2 2 2 2
left_child=1 8 3 5 -3 -2 -7 -5 -1
right_child=2 4 -4 7 -6 6 -8 -9 -10
leaf_value=-229.21698190789473 109.04376824145048 10.24110260465252 -28.744260199652778 101.74979492187501 -96.934732109203665 -25.046962445317483 69.968214235467428 180.93499944982395 -138.71548665364585
leaf_weight=27 25 32 21 23 27 23 28 34 24
leaf_count=27 25 32 21 23 27 23 28 34 24
internal_value=0.451549 -112.013 81.0894 98.5588 -39.9926 56.0009 27.6267 152.411 -191.808
internal_weight=264 110 154 133 59 76 51 57 51
internal_count=264 110 154 133 59 76 51 57 51
is_linear=0
shrinkage=0.01


Tree=148
num_leaves=10
num_cat=0
split_feature=8 3 1 9 4 9 3 3 3
split_gain=2.37876e+10 7.9925e+09 3.09466e+09 1.49144e+09 1.41616e+09 1.18924e+09 1.17947e+09 8.22257e+08 6.86229e+08
threshold=0.092500000000000013 6.4904172043010764 -4.3000179622948052 2017.5000000000002 5.3718660714285731 2008.5000000000002 24.595483870967744 1.3554141705069125 13.130466666666669
decision_type=2 2 2 2 2 2 2 2 2
left_child=1 7 -2 6 5 -4 -3 -1 -7
right_child=2 3 4 -5 -6 8 -8 -9 -10
leaf_value=-220.88454740084134 13.447210475973886 -36.638277888643572 210.53010672433038 -96.885377225654068 65.861743902676352 64.323607910156255 54.097626255580352 -126.09302071049528 153.09449943365053
leaf_weight=31 35 33 23 20 33 21 23 25 20
leaf_count=31 35 33 23 20 33 21 23 25 20
internal_value=0.444394 -93.9468 94.8307 -26.086 123.544 151.096 1.06715 -182.96 111.502
internal_weight=264 132 132 76 97 64 56 56 41
internal_count=264 132 132 76 97 64 56 56 41
is_linear=0
shrinkage=0.01


Tree=149
num_leaves=11
num_cat=0
split_feature=10 7 4 7 9 9 3 9 10 3
split_gain=2.30768e+10 6.48949e+09 5.33899e+09 2.6472e+09 1.98688e+09 1.6774e+09 1.56942e+09 9.24328e+08 1.16947e+09 1.31142e+08
threshold=3.5000000000000004 17.500000000000004 2.8237846889952158 21.500000000000004 2018.5000000000002 2015.5000000000002 21.628016666666671 2011.5000000000002 8.5000000000000018 0.6620149769585254
decision_type=2 2 2 2 2 2 2 2 2 2
left_child=3 -2 -3 9 5 6 7 8 -4 -1
right_child=1 2 4 -5 -6 -7 -8 -9 -10 -11
leaf_value=-230.9727845435049 -106.47481266276041 177.23761313909219 -6.8746409290241743 -57.585713231286334 -34.506943175117925 140.32960392252605 104.71668349952029 -39.375694551689683 92.120184733072918 -154.49363011136967
leaf_weight=24 21 38 25 20 25 21 27 20 21 22
leaf_count=24 21 38 25 20 25 21 27 20 21 22
internal_value=0.444518 54.519 74.3543 -159.385 44.6359 62.2146 42.6282 15.4656 39.8003 -200.43
internal_weight=264 198 177 66 139 114 93 66 46 46
internal_count=264 198 177 66 139 114 93 66 46 46
is_linear=0
shrinkage=0.01


Tree=150
num_leaves=11
num_cat=0
split_feature=8 0 1 4 9 2 2 9 1 1
split_gain=2.30272e+10 7.27039e+09 3.03155e+09 1.37674e+09 1.15856e+09 1.15181e+09 2.1629e+09 8.4907e+08 2.25284e+08 1.0523e+08
threshold=0.092500000000000013 1.0000000180025095e-35 -4.3000179622948052 5.3718660714285731 2008.5000000000002 6.8229381368835833 2.2235095660821607 2011.5000000000002 2.9456345544187079 2.1445501945688066
decision_type=2 2 2 2 2 2 2 2 2 2
left_child=1 9 -2 4 -4 6 7 -3 -6 -1
right_child=2 5 3 -5 8 -7 -8 -9 -10 -11
leaf_value=-151.55897938829787 12.775187854505566 27.257310763888892 207.52601223692605 64.850453365160078 136.92170303699584 24.672361328125 -139.02295708550349 -56.522716617224354 76.600581163194448 -226.43336830950798
leaf_weight=22 35 21 23 33 20 21 21 25 21 22
leaf_count=22 35 21 23 33 20 21 21 25 21 22
internal_value=0.433525 -92.4366 93.2988 121.717 148.881 -38.6306 -58.5778 -18.6222 109.82 -195.227
internal_weight=264 132 132 97 64 88 67 46 41 44
internal_count=264 132 132 97 64 88 67 46 41 44
is_linear=0
shrinkage=0.01


Tree=151
num_leaves=11
num_cat=0
split_feature=10 7 4 7 9 9 3 9 10 3
split_gain=2.2249e+10 6.3365e+09 5.1849e+09 2.56911e+09 1.93e+09 1.65567e+09 1.55981e+09 9.01989e+08 1.14992e+09 1.28255e+08
threshold=3.5000000000000004 17.500000000000004 2.8237846889952158 21.500000000000004 2018.5000000000002 2015.5000000000002 21.628016666666671 2011.5000000000002 8.5000000000000018 0.6620149769585254
decision_type=2 2 2 2 2 2 2 2 2 2
left_child=3 -2 -3 9 5 6 7 8 -4 -1
right_child=1 2 4 -5 -6 -7 -8 -9 -10 -11
leaf_value=-226.99077148437502 -105.5515394422743 174.51142432876779 -7.5316210016214624 -56.271851693086845 -34.154972729952831 138.75618731011286 103.61380298279879 -39.489726291035495 90.596474229600702 -151.75491564162235
leaf_weight=24 21 38 25 20 25 21 27 20 21 22
leaf_count=24 21 38 25 20 25 21 27 20 21 22
internal_value=0.427895 53.5237 73.1255 -156.509 43.8412 61.1672 41.7226 14.6635 38.7121 -196.937
internal_weight=264 198 177 66 139 114 93 66 46 46
internal_count=264 198 177 66 139 114 93 66 46 46
is_linear=0
shrinkage=0.01


Tree=152
num_leaves=10
num_cat=0
split_feature=8 3 1 7 4 1 2 3 3
split_gain=2.22944e+10 7.38386e+09 2.96971e+09 2.77238e+09 1.91944e+09 1.02218e+09 2.19194e+09 7.68061e+08 5.02055e+08
threshold=0.092500000000000013 6.4904172043010764 -4.3000179622948052 19.500000000000004 2.8237846889952158 6.1437669032797464 -0.6435396315552121 0.6620149769585254 19.786600000000004
decision_type=2 2 2 2 2 2 2 2 2
left_child=1 7 -2 -4 -5 6 -3 -1 -6
right_child=2 5 3 4 8 -7 -8 -9 -10
leaf_value=-219.1465804893092 12.120004815924659 11.243570692274307 27.131666789504717 224.29110887714461 74.336304378186242 33.870709796284515 -111.85085715553979 -128.01332743660348 147.93496073878089
leaf_weight=27 35 30 25 24 28 20 26 29 20
leaf_count=27 35 30 25 24 28 20 26 29 20
internal_value=0.417158 -90.9632 91.7929 119.918 150.925 -25.7224 -47.3342 -176.523 108.556
internal_weight=264 132 132 97 72 76 56 56 48
internal_count=264 132 132 97 72 76 56 56 48
is_linear=0
shrinkage=0.01


Tree=153
num_leaves=10
num_cat=0
split_feature=8 4 1 9 4 9 1 1 8
split_gain=2.18751e+10 6.91213e+09 2.91428e+09 1.77549e+09 1.31816e+09 1.1245e+09 5.74928e+08 2.31747e+08 2.2546e+08
threshold=0.092500000000000013 3.2521636363636368 -4.3000179622948052 2010.5000000000002 5.3718660714285731 2008.5000000000002 5.1126075236352166 2.9456345544187079 0.076600000000000015
decision_type=2 2 2 2 2 2 2 2 2
left_child=1 6 -2 -3 5 -4 -1 -7 -5
right_child=2 3 4 8 -6 7 -8 -9 -10
leaf_value=-133.59614908854167 12.003784714790241 28.996443854944033 203.05309545400192 -91.042453314887155 63.171853951440347 134.08519383630087 -217.64075972576532 73.949324001736116 -41.224582918128192
leaf_weight=33 35 32 23 21 33 20 23 21 23
leaf_count=33 35 32 23 21 33 20 23 21 23
internal_value=0.417051 -90.1001 90.9296 -26.93 118.791 145.367 -172.892 106.981 -67.2191
internal_weight=264 132 132 76 97 64 56 41 44
internal_count=264 132 132 76 97 64 56 41 44
is_linear=0
shrinkage=0.01


Tree=154
num_leaves=10
num_cat=0
split_feature=8 3 9 4 9 9 3 1 3
split_gain=2.14742e+10 5.50283e+09 2.8789e+09 3.15596e+09 1.77803e+09 1.65963e+09 1.01767e+09 1.10693e+09 5.08655e+08
threshold=0.084000000000000019 5.7696774193548395 2019.5000000000002 1.9697268170426068 2015.5000000000002 2013.5000000000002 14.43067741935484 1.0148958367648511 0.6620149769585254
decision_type=2 2 2 2 2 2 2 2 2
left_child=1 8 3 -2 6 -3 -5 -8 -1
right_child=2 5 -4 4 -6 -7 7 -9 -10
leaf_value=-215.45092996162282 192.2790869140625 10.824610613922575 -30.635943359375002 1.8036085753509963 143.91284662986288 -93.652423952336903 113.65269478620108 20.625774715647978 -130.03845741421569
leaf_weight=27 25 32 21 33 23 27 28 24 24
leaf_count=27 25 32 21 33 23 27 28 24 24
internal_value=0.414675 -105.496 76.3532 93.3995 68.1902 -38.1233 45.5602 72.4995 -180.121
internal_weight=264 110 154 133 108 59 85 52 51
internal_count=264 110 154 133 108 59 85 52 51
is_linear=0
shrinkage=0.01


Tree=155
num_leaves=10
num_cat=0
split_feature=10 9 4 9 3 1 0 2 9
split_gain=2.06475e+10 6.12219e+09 4.30618e+09 2.54077e+09 1.88386e+09 1.68052e+09 1.59398e+09 1.23162e+09 1.04975e+08
threshold=3.5000000000000004 2019.5000000000002 7.2779060559006226 2004.5000000000002 1.3554141705069125 -4.3000179622948052 1.5000000000000002 2.2235095660821607 2012.5000000000002
decision_type=2 2 2 2 2 2 2 2 2
left_child=4 2 3 -2 -1 -5 -7 -4 -8
right_child=1 -3 7 5 -6 6 8 -9 -10
leaf_value=-207.57120575420674 204.28372265625001 -85.039682959841016 48.651374942555151 5.2803616397938837 -94.001031903828661 51.833809141394212 172.82409917787064 -46.245454515360173 111.3521943359375
leaf_weight=31 21 27 24 22 35 35 20 28 21
leaf_count=31 21 27 24 22 35 35 20 28 21
internal_value=0.411281 51.5605 73.6809 106.503 -150.772 82.7859 104.685 -2.31067 146.38
internal_weight=264 198 171 119 66 98 76 52 41
internal_count=264 198 171 119 66 98 76 52 41
is_linear=0
shrinkage=0.01


Tree=156
num_leaves=9
num_cat=0
split_feature=8 3 1 7 9 3 8 1
split_gain=2.07799e+10 6.86711e+09 2.83738e+09 2.66634e+09 1.38667e+09 1.13526e+09 9.20725e+08 7.39395e+08
threshold=0.092500000000000013 6.4904172043010764 -4.3000179622948052 19.500000000000004 2017.5000000000002 24.595483870967744 0.10750000000000001 5.6916081707180775
decision_type=2 2 2 2 2 2 2 2
left_child=1 7 -2 -4 5 -3 -5 -1
right_child=2 4 3 6 -6 -7 -8 -9
leaf_value=-132.36303619791667 10.805705800513699 -35.710472580177196 25.230276339548936 99.60362451083418 -93.154855119572133 53.309023063815367 181.06754694432388 -224.63552938771801
leaf_weight=36 35 33 25 33 20 23 39 20
leaf_count=36 35 33 25 33 20 23 39 20
internal_value=0.416286 -87.8057 88.6337 116.124 -24.8873 1.28782 146.525 -170.318
internal_weight=264 132 132 97 76 56 72 56
internal_count=264 132 132 97 76 56 72 56
is_linear=0
shrinkage=0.01


Tree=157
num_leaves=9
num_cat=0
split_feature=8 3 1 7 9 3 8 1
split_gain=2.0386e+10 6.73779e+09 2.78317e+09 2.61513e+09 1.3611e+09 1.11388e+09 9.02872e+08 7.26814e+08
threshold=0.092500000000000013 6.4904172043010764 -4.3000179622948052 19.500000000000004 2017.5000000000002 24.595483870967744 0.10750000000000001 5.6916081707180775
decision_type=2 2 2 2 2 2 2 2
left_child=1 7 -2 -4 5 -3 -5 -1
right_child=2 4 3 6 -6 -7 -8 -9
leaf_value=-131.09235149739584 10.702091482502139 -35.368894980610278 24.992255813310731 98.650891997848746 -92.288299347633554 52.808572126116069 179.32393411518618 -222.54590036791427
leaf_weight=36 35 33 25 33 20 23 39 20
leaf_count=36 35 33 25 33 20 23 39 20
internal_value=0.405578 -86.9763 87.783 115.009 -24.6531 1.27953 145.117 -168.708
internal_weight=264 132 132 97 76 56 72 56
internal_count=264 132 132 97 76 56 72 56
is_linear=0
shrinkage=0.01


Tree=158
num_leaves=10
num_cat=0
split_feature=8 3 9 4 9 9 0 4 3
split_gain=2.00241e+10 5.08913e+09 2.73106e+09 3.03443e+09 1.76635e+09 1.58539e+09 1.0528e+09 5.1732e+08 4.97927e+08
threshold=0.084000000000000019 5.7696774193548395 2019.5000000000002 1.9697268170426068 2015.5000000000002 2013.5000000000002 1.5000000000000002 5.0681666666666683 0.6620149769585254
decision_type=2 2 2 2 2 2 2 2 2
left_child=1 8 3 -2 6 -3 -5 -8 -1
right_child=2 5 -4 4 -6 -7 7 -9 -10
leaf_value=-208.23834429824561 187.24791577609082 10.759882848938899 -30.448835611979167 -2.2833776035593516 141.04588782485652 -91.347257553903674 94.571565415111948 28.442401584201388 -124.76777362898285
leaf_weight=27 25 32 21 32 23 27 32 21 24
leaf_count=27 25 32 21 32 23 27 32 21 24
internal_value=0.395035 -101.877 73.7248 90.3295 65.6369 -37.0732 43.14 69.8736 -173.645
internal_weight=264 110 154 133 108 59 85 53 51
internal_count=264 110 154 133 108 59 85 53 51
is_linear=0
shrinkage=0.01


Tree=159
num_leaves=10
num_cat=0
split_feature=8 3 1 8 2 2 2 3 3
split_gain=1.96473e+10 4.9934e+09 2.64454e+09 1.8238e+09 1.35065e+09 1.71689e+09 5.53287e+08 4.88346e+08 2.56866e+08
threshold=0.084000000000000019 5.7696774193548395 -4.3000179622948052 0.11010000000000002 8.024548497882801 3.4863924236338222 -0.6435396315552121 0.6620149769585254 14.43067741935484
decision_type=2 2 2 2 2 2 2 2 2
left_child=1 7 8 4 5 -4 -3 -1 -2
right_child=2 6 3 -5 -6 -7 -8 -9 -10
leaf_value=-206.26556058114033 27.19078743868096 0.53760895373774509 80.026894631687597 156.8955794410183 134.87268749999998 -31.839433820857558 -61.244633932766845 -123.59348604090074 -21.70233773164971
leaf_weight=27 20 24 38 35 21 20 35 24 20
leaf_count=27 20 24 38 35 21 20 35 24 20
internal_value=0.391367 -100.914 73.028 97.2974 68.4615 41.6219 -36.7225 -172.004 2.84317
internal_weight=264 110 154 114 79 58 59 51 40
internal_count=264 110 154 114 79 58 59 51 40
is_linear=0
shrinkage=0.01


Tree=160
num_leaves=9
num_cat=0
split_feature=8 3 1 7 9 3 8 1
split_gain=1.93283e+10 6.35251e+09 2.67468e+09 2.55386e+09 1.3225e+09 1.1108e+09 8.52681e+08 7.27283e+08
threshold=0.092500000000000013 6.4904172043010764 -4.3000179622948052 19.500000000000004 2017.5000000000002 24.595483870967744 0.10750000000000001 5.6916081707180775
decision_type=2 2 2 2 2 2 2 2
left_child=1 7 -2 -4 5 -3 -5 -1
right_child=2 4 3 6 -6 -7 -8 -9
leaf_value=-126.88826959635416 9.9283888892604875 -35.220378019913383 23.300744122199294 96.660744735054337 -90.848497470589578 52.835075833067606 175.18401756380811 -217.4519151980378
leaf_weight=36 35 33 25 33 20 23 39 20
leaf_count=36 35 33 25 33 20 23 39 20
internal_value=0.384903 -84.6999 85.4654 112.155 -24.1792 1.37994 141.901 -164.062
internal_weight=264 132 132 97 76 56 72 56
internal_count=264 132 132 97 76 56 72 56
is_linear=0
shrinkage=0.01


Tree=161
num_leaves=10
num_cat=0
split_feature=8 3 1 7 4 9 3 1 3
split_gain=1.89619e+10 6.2329e+09 2.62357e+09 2.50482e+09 1.81567e+09 1.29811e+09 1.08988e+09 7.14859e+08 5.07172e+08
threshold=0.092500000000000013 6.4904172043010764 -4.3000179622948052 19.500000000000004 2.8237846889952158 2017.5000000000002 24.595483870967744 5.6916081707180775 19.786600000000004
decision_type=2 2 2 2 2 2 2 2 2
left_child=1 7 -2 -4 -5 6 -3 -1 -6
right_child=2 5 3 4 8 -7 -8 -9 -10
leaf_value=-125.67014124348958 9.8331851656142977 -34.883488406858582 23.080925707547173 211.55733907961377 66.239148929401978 -90.003395847054421 52.339074956154334 -215.42910780795785 138.63960352698038
leaf_weight=36 35 33 25 24 28 20 23 20 20
leaf_count=36 35 33 25 24 28 20 23 20 20
internal_value=0.374697 -83.8998 84.6451 111.078 140.538 -23.9516 1.37073 -162.511 99.6933
internal_weight=264 132 132 97 72 76 56 56 48
internal_count=264 132 132 97 72 76 56 56 48
is_linear=0
shrinkage=0.01


Tree=162
num_leaves=10
num_cat=0
split_feature=8 3 9 4 9 9 3 1 3
split_gain=1.86164e+10 4.71318e+09 2.65681e+09 2.9058e+09 1.7419e+09 1.53606e+09 9.63345e+08 1.13024e+09 4.89309e+08
threshold=0.084000000000000019 5.7696774193548395 2019.5000000000002 1.9697268170426068 2015.5000000000002 2010.5000000000002 14.43067741935484 1.0148958367648511 0.6620149769585254
decision_type=2 2 2 2 2 2 2 2 2
left_child=1 8 3 -2 6 -3 -5 -8 -1
right_child=2 5 -4 4 -6 -7 7 -9 -10
leaf_value=-201.22282333641721 182.27396447523586 22.961658405807785 -31.588867296006942 -1.4061050636180934 138.15241344218353 -78.267850943551935 108.75751626224842 15.237746629901961 -119.55823342715992
leaf_weight=27 25 25 21 33 23 34 28 24 24
leaf_count=27 25 25 21 33 23 34 28 24 24
internal_value=0.372969 -98.2387 71.0782 87.4603 63.3164 -35.868 41.0219 67.2321 -167.307
internal_weight=264 110 154 133 108 59 85 52 51
internal_count=264 110 154 133 108 59 85 52 51
is_linear=0
shrinkage=0.01


Tree=163
num_leaves=10
num_cat=0
split_feature=8 3 1 7 4 9 3 3 3
split_gain=1.82746e+10 6.00139e+09 2.57507e+09 2.45873e+09 1.75771e+09 1.07749e+09 1.34329e+09 5.00955e+08 4.79903e+08
threshold=0.092500000000000013 5.7696774193548395 -4.3000179622948052 19.500000000000004 2.8237846889952158 2017.5000000000002 24.595483870967744 19.786600000000004 0.6620149769585254
decision_type=2 2 2 2 2 2 2 2 2
left_child=1 8 -2 -4 -5 6 -3 -6 -1
right_child=2 5 3 4 7 -7 -8 -9 -10
leaf_value=-199.31650322094299 9.0171609288045804 -42.144316576221321 22.154535395784198 208.35799840889726 65.10248824297372 -88.704536941883177 52.127986960897644 136.92802314226017 -118.43298071767769
leaf_weight=27 35 38 25 24 28 20 23 20 24
leaf_count=27 35 38 25 24 28 20 23 20 24
internal_value=0.371234 -82.3618 83.1001 109.287 138.471 -27.8147 -6.20088 98.2724 -165.725
internal_weight=264 132 132 97 72 81 61 48 51
internal_count=264 132 132 97 72 81 61 48 51
is_linear=0
shrinkage=0.01


Tree=164
num_leaves=10
num_cat=0
split_feature=8 3 9 4 9 9 0 1 3
split_gain=1.79565e+10 4.52551e+09 2.60156e+09 2.80873e+09 1.7135e+09 1.49868e+09 9.80868e+08 7.22697e+08 4.70677e+08
threshold=0.084000000000000019 5.7696774193548395 2019.5000000000002 1.9697268170426068 2015.5000000000002 2010.5000000000002 1.5000000000000002 -2.0736827912686047 0.6620149769585254
decision_type=2 2 2 2 2 2 2 2 2
left_child=1 8 3 -2 6 -3 -5 -8 -1
right_child=2 5 -4 4 -6 -7 7 -9 -10
leaf_value=-197.42824094538105 179.24097683888562 22.751304724351417 -31.757449707031252 -3.5958274454145287 136.49556965730628 -77.236540759449269 16.757699088163154 93.80458261683367 -117.31831576478248
leaf_weight=27 25 25 21 32 23 34 20 33 24
leaf_count=27 25 25 21 32 23 34 20 33 24
internal_value=0.37007 -96.4782 69.8108 86.0233 62.2853 -35.355 40.186 65.9919 -164.159
internal_weight=264 110 154 133 108 59 85 53 51
internal_count=264 110 154 133 108 59 85 53 51
is_linear=0
shrinkage=0.01


Tree=165
num_leaves=10
num_cat=0
split_feature=8 3 9 4 9 9 3 1 3
split_gain=1.76178e+10 4.44079e+09 2.55279e+09 2.75609e+09 1.68171e+09 1.47056e+09 9.2345e+08 1.12758e+09 4.61629e+08
threshold=0.084000000000000019 5.7696774193548395 2019.5000000000002 1.9697268170426068 2015.5000000000002 2011.5000000000002 14.43067741935484 1.0148958367648511 0.6620149769585254
decision_type=2 2 2 2 2 2 2 2 2
left_child=1 8 3 -2 6 -3 -5 -8 -1
right_child=2 5 -4 4 -6 -7 7 -9 -10
leaf_value=-195.55786642509594 177.55002634876178 18.954584832442432 -31.461045789930555 -1.7222109056555706 135.21418415303134 -79.361811960704287 106.92783695544227 13.646159189261642 -116.21414220473345
leaf_weight=27 25 27 21 33 23 32 28 24 24
leaf_count=27 25 27 21 33 23 32 28 24 24
internal_value=0.367596 -95.5631 69.1504 85.2102 61.6958 -35.015 39.8027 65.4646 -162.607
internal_weight=264 110 154 133 108 59 85 52 51
internal_count=264 110 154 133 108 59 85 52 51
is_linear=0
shrinkage=0.01


Tree=166
num_leaves=10
num_cat=0
split_feature=8 3 1 7 4 9 3 1 3
split_gain=1.72966e+10 5.67649e+09 2.50593e+09 2.41264e+09 1.68444e+09 1.2202e+09 1.07055e+09 7.28414e+08 4.927e+08
threshold=0.092500000000000013 6.4904172043010764 -4.3000179622948052 19.500000000000004 2.8237846889952158 2017.5000000000002 24.595483870967744 5.6916081707180775 19.786600000000004
decision_type=2 2 2 2 2 2 2 2 2
left_child=1 7 -2 -4 -5 6 -3 -1 -6
right_child=2 5 3 4 8 -7 -8 -9 -10
leaf_value=-118.79869290364584 7.818777306961687 -34.307689436760505 20.47540361512382 204.00144647336475 63.454555912341107 -86.951372183866283 52.138125049824623 -207.71165947492733 134.49013166560684
leaf_weight=36 35 33 25 24 28 20 23 20 20
leaf_count=36 35 33 25 24 28 20 23 20 20
internal_value=0.3655 -80.1233 80.8502 106.681 135.585 -22.9121 1.63059 -155.144 96.2315
internal_weight=264 132 132 97 72 76 56 56 48
internal_count=264 132 132 97 72 76 56 56 48
is_linear=0
shrinkage=0.01


Tree=167
num_leaves=10
num_cat=0
split_feature=8 3 9 8 9 2 1 3 7
split_gain=1.69902e+10 4.27332e+09 2.49929e+09 2.27475e+09 1.43564e+09 1.12354e+09 1.21057e+09 4.57328e+08 4.4862e+08
threshold=0.084000000000000019 5.7696774193548395 2019.5000000000002 0.10750000000000001 2010.5000000000002 -1.887008912865501 3.4882920908282715 0.6620149769585254 20.500000000000004
decision_type=2 2 2 2 2 2 2 2 2
left_child=1 7 3 5 -3 -2 -7 -1 -5
right_child=2 4 -4 8 -6 6 -8 -9 -10
leaf_value=-192.23657937568532 92.619410865420392 22.419998249557786 -31.616451497395833 86.635190205476718 -75.436862105248679 -37.772031068193151 61.845683719410616 -113.75818263633579 156.11065564652566
leaf_weight=27 30 25 21 23 34 22 24 24 34
leaf_count=27 30 25 21 23 34 22 24 24 34
internal_value=0.363801 -93.8427 67.9104 83.8026 -34.4441 46.5411 14.5139 -159.611 131.017
internal_weight=264 110 154 133 59 76 46 51 57
internal_count=264 110 154 133 59 76 46 51 57
is_linear=0
shrinkage=0.01


Tree=168
num_leaves=10
num_cat=0
split_feature=8 3 1 7 4 1 1 1 3
split_gain=1.6679e+10 5.46172e+09 2.45233e+09 2.36157e+09 1.64082e+09 9.86348e+08 9.84399e+08 7.2198e+08 4.85894e+08
threshold=0.092500000000000013 6.4904172043010764 -4.3000179622948052 19.500000000000004 2.8237846889952158 6.1437669032797464 -1.7829873913155876 5.6916081707180775 19.786600000000004
decision_type=2 2 2 2 2 2 2 2 2
left_child=1 7 -2 -4 -5 6 -3 -1 -6
right_child=2 5 3 4 8 -7 -8 -9 -10
leaf_value=-116.28805869140626 7.1731465378852741 3.1692546340654482 19.697287090949292 201.05029727711397 62.247001001390366 35.872144253752957 -80.112643366887028 -204.4008877066679 132.65600035201672
leaf_weight=36 35 25 25 24 28 20 31 20 20
leaf_count=36 35 25 25 24 28 20 31 20 20
internal_value=0.3584 -78.6805 79.3933 104.946 133.54 -22.5601 -43.8203 -152.268 94.7152
internal_weight=264 132 132 97 72 76 56 56 48
internal_count=264 132 132 97 72 76 56 56 48
is_linear=0
shrinkage=0.01


Tree=169
num_leaves=10
num_cat=0
split_feature=8 3 9 1 1 3 9 9 1
split_gain=1.63656e+10 5.35935e+09 2.46563e+09 3.94428e+09 2.01629e+09 1.36311e+09 1.186e+09 1.07614e+09 7.09536e+08
threshold=0.092500000000000013 6.4904172043010764 2004.5000000000002 -4.3000179622948052 4.3670212045891397 18.339725806451618 2017.5000000000002 2008.5000000000002 5.6916081707180775
decision_type=2 2 2 2 2 2 2 2 2
left_child=1 8 -2 -4 5 -5 7 -3 -1
right_child=2 6 3 4 -6 -7 -8 -9 -10
leaf_value=-115.17169073079427 167.96525974647673 -43.908873890269888 -43.675783381058004 79.79587916324013 30.1964794921875 194.8234450513263 -85.4783300213481 41.706089242602147 -202.49947986691495
leaf_weight=36 24 26 28 27 33 20 20 30 20
leaf_count=36 24 26 28 27 33 20 20 30 20
internal_value=0.358268 -77.9343 78.6469 56.7693 92.082 133.256 -22.3424 1.84761 -150.829
internal_weight=264 132 132 108 80 47 76 56 56
internal_count=264 132 132 108 80 47 76 56 56
is_linear=0
shrinkage=0.01


Tree=170
num_leaves=10
num_cat=0
split_feature=8 3 9 4 9 9 0 1 3
split_gain=1.60641e+10 4.0474e+09 2.42372e+09 2.60638e+09 1.66391e+09 1.40677e+09 9.06697e+08 6.73718e+08 4.5718e+08
threshold=0.084000000000000019 5.7696774193548395 2019.5000000000002 1.9697268170426068 2015.5000000000002 2010.5000000000002 1.5000000000000002 -2.0736827912686047 0.6620149769585254
decision_type=2 2 2 2 2 2 2 2 2
left_child=1 8 3 -2 6 -3 -5 -8 -1
right_child=2 5 -4 4 -6 -7 7 -9 -10
leaf_value=-187.54547413608486 171.4502238723467 22.818803710937502 -31.934471354166668 -4.900073551918144 131.91192932868492 -74.027194256849697 14.556940747638082 88.78200653518455 -110.02747012867647
leaf_weight=27 25 25 21 32 23 34 20 33 24
leaf_count=27 25 25 21 32 23 34 20 33 24
internal_value=0.356026 -91.2468 66.0357 81.6884 58.8461 -33.4423 37.1306 61.9443 -155.253
internal_weight=264 110 154 133 108 59 85 53 51
internal_count=264 110 154 133 108 59 85 53 51
is_linear=0
shrinkage=0.01


Tree=171
num_leaves=11
num_cat=0
split_feature=10 7 4 7 9 9 3 9 10 3
split_gain=1.51619e+10 5.66308e+09 4.15757e+09 2.31684e+09 1.58094e+09 1.5807e+09 1.68902e+09 8.57201e+08 1.03434e+09 5.11672e+07
threshold=3.5000000000000004 17.500000000000004 2.8237846889952158 21.500000000000004 2018.5000000000002 2015.5000000000002 21.628016666666671 2011.5000000000002 8.5000000000000018 0.6620149769585254
decision_type=2 2 2 2 2 2 2 2 2 2
left_child=3 -2 -3 9 5 6 7 8 -4 -1
right_child=1 2 4 -5 -6 -7 -8 -9 -10 -11
leaf_value=-191.62894384645949 -106.03315505642361 153.50267454509495 -14.361875921285378 -35.822264830123544 -33.917314084610851 127.87599063449436 97.77150797526042 -47.006520059275076 78.382496934678827 -130.39243564037565
leaf_weight=24 21 38 25 20 25 21 27 20 21 22
leaf_count=24 21 38 25 20 25 21 27 20 21 22
internal_value=0.353657 44.1848 62.7486 -129.199 36.5641 52.2604 33.427 5.51639 29.1159 -167.385
internal_weight=264 198 177 66 139 114 93 66 46 46
internal_count=264 198 177 66 139 114 93 66 46 46
is_linear=0
shrinkage=0.01


Tree=172
num_leaves=10
num_cat=0
split_feature=8 4 9 1 1 9 8 1 0
split_gain=1.55609e+10 5.05248e+09 2.40613e+09 3.83716e+09 1.96237e+09 1.57721e+09 8.88199e+08 6.32947e+08 1.84165e+08
threshold=0.092500000000000013 3.2521636363636368 2004.5000000000002 -4.3000179622948052 4.3670212045891397 2010.5000000000002 0.11010000000000002 5.1126075236352166 1.5000000000000002
decision_type=2 2 2 2 2 2 2 2 2
left_child=1 7 -2 -4 6 -3 -5 -1 -7
right_child=2 5 3 4 -6 8 -8 -9 -10
leaf_value=-109.268232741425 164.88799086626838 30.593878210267025 -43.947923025357525 85.219904099849231 28.926943217844205 -33.677877239848293 181.50605332485466 -190.61090601084183 -78.704480794270836
leaf_weight=33 24 32 28 27 33 20 20 23 24
leaf_count=33 24 32 28 27 33 20 20 23 24
internal_value=0.344377 -75.9991 76.6841 55.0929 89.9282 -22.0148 130.539 -146.778 -60.023
internal_weight=264 132 132 108 80 76 47 56 44
internal_count=264 132 132 108 80 76 47 56 44
is_linear=0
shrinkage=0.01


Tree=173
num_leaves=10
num_cat=0
split_feature=8 3 1 7 4 1 2 1 3
split_gain=1.52693e+10 4.98265e+09 2.28188e+09 2.27444e+09 1.57138e+09 9.64339e+08 2.13502e+09 6.99877e+08 4.62543e+08
threshold=0.092500000000000013 6.4904172043010764 -4.3000179622948052 19.500000000000004 2.8237846889952158 6.1437669032797464 -0.6435396315552121 5.6916081707180775 19.786600000000004
decision_type=2 2 2 2 2 2 2 2 2
left_child=1 7 -2 -4 -5 6 -3 -1 -6
right_child=2 5 3 4 8 -7 -8 -9 -10
leaf_value=-110.54464696044923 6.3261406216556075 14.936274472191222 17.107524506191037 194.62711928423712 59.262936742750263 36.076298451978104 -106.40245183771307 -196.50198049146076 127.70516561818677
leaf_weight=36 35 30 25 24 28 20 26 20 20
leaf_count=36 35 30 25 24 28 20 26 20 20
internal_value=0.342906 -75.282 75.9641 100.612 128.666 -21.6763 -42.7055 -145.569 90.7864
internal_weight=264 132 132 97 72 76 56 56 48
internal_count=264 132 132 97 72 76 56 56 48
is_linear=0
shrinkage=0.01


Tree=174
num_leaves=10
num_cat=0
split_feature=8 3 9 4 9 9 0 1 3
split_gain=1.49859e+10 3.76491e+09 2.33528e+09 2.4824e+09 1.62639e+09 1.36594e+09 8.53926e+08 6.33686e+08 4.39793e+08
threshold=0.084000000000000019 5.7696774193548395 2019.5000000000002 1.9697268170426068 2015.5000000000002 2013.5000000000002 1.5000000000000002 -2.0736827912686047 0.6620149769585254
decision_type=2 2 2 2 2 2 2 2 2
left_child=1 8 3 -2 6 -3 -5 -8 -1
right_child=2 5 -4 4 -6 -7 7 -9 -10
leaf_value=-181.36060777630723 166.73096817880307 11.940236925722948 -32.337340494791668 -5.3354482895580695 129.07310412348534 -82.768956705729167 13.59989252134811 85.534286118659423 -105.85057688993565
leaf_weight=27 25 32 21 32 23 27 20 33 24
leaf_count=27 25 32 21 32 23 27 20 33 24
internal_value=0.341884 -88.1336 63.7793 79.147 56.8666 -32.3786 35.4288 59.5108 -149.866
internal_weight=264 110 154 133 108 59 85 53 51
internal_count=264 110 154 133 108 59 85 53 51
is_linear=0
shrinkage=0.01


Tree=175
num_leaves=11
num_cat=0
split_feature=8 3 9 3 2 7 9 3 3 9
split_gain=1.47143e+10 4.79933e+09 2.35835e+09 1.38235e+09 1.8241e+09 1.38388e+09 9.69414e+08 1.29882e+09 4.31354e+08 2.98236e+08
threshold=0.092500000000000013 5.7696774193548395 2004.5000000000002 21.103550000000002 4.8041487482719871 20.500000000000004 2017.5000000000002 24.595483870967744 0.6620149769585254 2014.5000000000002
decision_type=2 2 2 2 2 2 2 2 2 2
left_child=1 8 -2 4 5 -4 7 -3 -1 -7
right_child=2 6 3 -5 -6 9 -8 -9 -10 -11
leaf_value=-179.64244876259249 161.85718434053311 -40.020436671776103 -52.272322126116073 123.54733930121527 114.6120822356468 15.617727720971203 -82.864176649936425 52.670284672951212 -104.85433531518076 68.209220950104481
leaf_weight=27 24 38 23 21 20 24 20 23 24 20
leaf_count=27 24 38 23 21 20 24 20 23 24 20
internal_value=0.338422 -73.8995 74.5726 53.2244 34.4435 8.52669 -25.1147 -4.646 -148.45 40.9837
internal_weight=264 132 132 108 87 67 81 61 51 44
internal_count=264 132 132 108 87 67 81 61 51 44
is_linear=0
shrinkage=0.01


Tree=176
num_leaves=11
num_cat=0
split_feature=8 0 9 4 7 9 4 4 9 1
split_gain=1.44572e+10 3.50235e+09 2.28852e+09 2.43159e+09 2.09834e+09 1.60327e+09 8.41056e+08 1.26543e+09 7.67279e+08 1.76029e+08
threshold=0.084000000000000019 1.0000000180025095e-35 2019.5000000000002 1.9697268170426068 21.500000000000004 2015.5000000000002 5.2541481481481496 3.273636666666667 2011.5000000000002 2.1445501945688066
decision_type=2 2 2 2 2 2 2 2 2 2
left_child=1 9 3 -2 8 6 7 -5 -3 -1
right_child=2 4 -4 5 -6 -7 -8 -9 -10 -11
leaf_value=-116.04483320520279 164.53179521668633 -36.313971019071694 -32.478645724826386 -0.1062351697556516 39.001541540267624 127.49757577078682 -5.8795451332206152 98.097868502103381 -121.95741032090298 -182.67998709171377
leaf_weight=22 25 24 21 22 22 23 32 31 20 22
leaf_count=22 25 24 21 22 22 23 32 31 20 22
internal_value=0.33938 -86.5615 62.6477 77.8625 -38.986 55.821 34.5514 58.4527 -77.9802 -154.287
internal_weight=264 110 154 133 66 108 85 53 44 44
internal_count=264 110 154 133 66 108 85 53 44 44
is_linear=0
shrinkage=0.01


Tree=177
num_leaves=11
num_cat=0
split_feature=8 0 9 1 1 2 2 8 9 1
split_gain=1.42e+10 4.43053e+09 2.30788e+09 3.67282e+09 1.91951e+09 1.07791e+09 1.91336e+09 8.65545e+08 6.3421e+08 1.72748e+08
threshold=0.092500000000000013 1.0000000180025095e-35 2004.5000000000002 -4.3000179622948052 4.3670212045891397 6.8229381368835833 2.2235095660821607 0.11010000000000002 2011.5000000000002 2.1445501945688066
decision_type=2 2 2 2 2 2 2 2 2 2
left_child=1 9 -2 -4 7 6 8 -5 -3 -1
right_child=2 5 3 4 -6 -7 -8 -9 -10 -11
leaf_value=-114.958458563622 159.58836344401041 26.961419487847223 -44.688052026780987 81.890823439213264 26.059224658910779 30.354018975151913 -125.54796278211805 176.54495486237283 -45.362249133991746 -180.9697930908203
leaf_weight=22 24 21 28 27 33 21 21 20 25 22
leaf_count=22 24 21 28 27 33 21 21 20 25 22
internal_value=0.332236 -72.5967 73.2575 52.1494 86.2413 -30.5846 -49.9313 126.384 -12.536 -152.842
internal_weight=264 132 132 108 80 88 67 47 46 44
internal_count=264 132 132 108 80 88 67 47 46 44
is_linear=0
shrinkage=0.01


Tree=178
num_leaves=11
num_cat=0
split_feature=8 9 3 8 9 2 9 1 1 1
split_gain=1.39444e+10 3.60666e+09 2.42349e+09 2.41902e+09 1.36091e+09 1.20472e+09 1.12619e+09 6.48763e+08 3.85001e+08 8.20849e+07
threshold=0.076600000000000015 2019.5000000000002 2.9767908787541719 0.10750000000000001 2013.5000000000002 -4.8111248483998938 2008.5000000000002 1.5101972821885525 3.884174011343378 2.1445501945688066
decision_type=2 2 2 2 2 2 2 2 2 2
left_child=2 3 9 5 -4 -2 -7 -8 -5 -1
right_child=1 -3 4 8 -6 6 7 -9 -10 -11
leaf_value=-120.27156193223111 101.92612052408855 -59.524672755821079 -4.8510629427635061 141.8455264811198 -110.90971588844478 -26.181915556494868 8.5752904705668609 86.778589152883981 76.683654947916665 -184.46142988338028
leaf_weight=20 21 24 28 36 20 32 20 22 21 20
leaf_count=20 21 24 28 36 20 32 20 22 21 20
internal_value=0.328342 51.643 -101.446 69.606 -51.0641 37.7194 17.8354 51.119 120.421 -157.874
internal_weight=264 176 88 152 48 95 74 42 57 40
internal_count=264 176 88 152 48 95 74 42 57 40
is_linear=0
shrinkage=0.01


Tree=179
num_leaves=10
num_cat=0
split_feature=8 4 9 1 1 7 8 3 1
split_gain=1.37068e+10 4.52296e+09 2.26741e+09 3.59585e+09 1.86123e+09 1.66305e+09 1.63571e+09 1.34949e+09 6.27569e+08
threshold=0.092500000000000013 3.2521636363636368 2004.5000000000002 -4.3000179622948052 4.3670212045891397 21.500000000000004 0.076600000000000015 18.339725806451618 5.1126075236352166
decision_type=2 2 2 2 2 2 2 2 2
left_child=1 8 -2 -4 7 6 -3 -5 -1
right_child=2 5 3 4 -6 -7 -8 -9 -10
leaf_value=-101.73542077105978 157.51997683057598 -110.38213245469697 -44.74081927800583 71.854163925438598 25.540236993319745 52.955832166883681 -1.7268064584305038 185.19886230468751 -181.31140993702166
leaf_weight=33 24 23 28 27 33 21 32 20 23
leaf_count=33 24 23 28 27 33 21 32 20 23
internal_value=0.319951 -71.3313 71.9677 51.0586 84.7948 -20.2671 -48.8889 124.322 -138.296
internal_weight=264 132 132 108 80 76 55 47 56
internal_count=264 132 132 108 80 76 55 47 56
is_linear=0
shrinkage=0.01


Tree=180
num_leaves=10
num_cat=0
split_feature=8 4 9 1 1 9 8 1 0
split_gain=1.34498e+10 4.43768e+09 2.22482e+09 3.5284e+09 1.82677e+09 1.50376e+09 8.38627e+08 6.16292e+08 1.70561e+08
threshold=0.092500000000000013 3.2521636363636368 2004.5000000000002 -4.3000179622948052 4.3670212045891397 2010.5000000000002 0.11010000000000002 5.1126075236352166 1.5000000000000002
decision_type=2 2 2 2 2 2 2 2 2
left_child=1 7 -2 -4 6 -3 -5 -1 -7
right_child=2 5 3 4 -6 8 -8 -9 -10
leaf_value=-100.7622985751387 156.03743561389399 31.251554027955923 -44.316161866268871 79.48469345360472 25.295939906023552 -31.919331753752953 172.45884248955306 -179.60930295360333 -75.158656747855389
leaf_weight=33 24 32 28 27 33 20 20 23 24
leaf_count=33 24 32 28 27 33 20 20 23 24
internal_value=0.319756 -70.6564 71.2924 50.5806 83.9989 -20.0759 123.159 -136.987 -57.2049
internal_weight=264 132 132 108 80 76 47 56 44
internal_count=264 132 132 108 80 76 47 56 44
is_linear=0
shrinkage=0.01


Tree=181
num_leaves=10
num_cat=0
split_feature=8 3 9 4 9 9 8 3 10
split_gain=1.32075e+10 3.36121e+09 2.12209e+09 2.36685e+09 1.68177e+09 1.28372e+09 1.27286e+09 4.01048e+08 2.23667e+08
threshold=0.084000000000000019 5.7696774193548395 2019.5000000000002 2.8237846889952158 2008.5000000000002 2013.5000000000002 0.10750000000000001 0.6620149769585254 8.5000000000000018
decision_type=2 2 2 2 2 2 2 2 2
left_child=1 7 3 -2 -5 -3 8 -1 -6
right_child=2 5 -4 4 6 -7 -8 -9 -10
leaf_value=-170.99128657826208 142.48132421874999 12.836028232859142 -31.708081054687501 -7.81857528895548 67.479680374500361 -78.936510695072641 141.52285731825717 -99.322294209798187 20.10241927775931
leaf_weight=27 36 32 21 35 20 27 20 24 22
leaf_count=27 36 32 21 35 20 27 20 24 22
internal_value=0.318409 -82.7414 59.8727 74.5253 47.5187 -30.0772 78.2044 -141.066 44.2122
internal_weight=264 110 154 133 97 59 62 51 42
internal_count=264 110 154 133 97 59 62 51 42
is_linear=0
shrinkage=0.01


Tree=182
num_leaves=10
num_cat=0
split_feature=8 3 1 7 4 1 1 1 3
split_gain=1.29771e+10 4.28951e+09 2.0552e+09 2.1825e+09 1.50598e+09 9.3342e+08 9.27613e+08 6.70131e+08 4.42893e+08
threshold=0.092500000000000013 6.4904172043010764 -4.3000179622948052 19.500000000000004 2.8237846889952158 6.1437669032797464 -1.7829873913155876 5.6916081707180775 19.786600000000004
decision_type=2 2 2 2 2 2 2 2 2
left_child=1 7 -2 -4 -5 6 -3 -1 -6
right_child=2 5 3 4 8 -7 -8 -9 -10
leaf_value=-101.04966911621094 4.0303242910724801 5.1134752727004722 11.949090829525353 185.20593759574143 53.685873278601697 37.082514875545058 -75.619999737079326 -183.77016387939454 119.93693734102472
leaf_weight=36 35 25 25 24 28 20 31 20 20
leaf_count=36 35 25 25 24 28 20 31 20 20
internal_value=0.314978 -69.4029 70.0294 93.4194 120.886 -19.6755 -40.3849 -134.616 84.0886
internal_weight=264 132 132 97 72 76 56 56 48
internal_count=264 132 132 97 72 76 56 56 48
is_linear=0
shrinkage=0.01


Tree=183
num_leaves=11
num_cat=0
split_feature=10 7 3 9 7 2 9 10 9 3
split_gain=1.21883e+10 5.2307e+09 3.12653e+09 2.38102e+09 2.08763e+09 1.17667e+09 1.58594e+09 1.44738e+09 1.28797e+09 3.74337e+07
threshold=3.5000000000000004 17.500000000000004 7.8094989247311846 2019.5000000000002 21.500000000000004 -1.6289557695985388 2008.5000000000002 7.5000000000000009 2010.5000000000002 0.6620149769585254
decision_type=2 2 2 2 2 2 2 2 2 2
left_child=4 -2 -3 5 9 8 -7 -8 -4 -1
right_child=1 2 3 -5 -6 6 7 -9 -10 -11
leaf_value=-173.88727127374386 -104.68676486545139 151.86320956472625 137.36160004197507 -54.958629124418223 -27.795632863599199 -25.360585486778845 118.67637720224809 5.1541253255208339 36.06849526459316 -118.61850231414147
leaf_weight=24 21 28 27 22 20 31 23 21 25 22
leaf_count=24 21 28 27 22 20 31 23 21 25 22
internal_value=0.315025 39.6137 57.47 38.3948 -115.841 55.0191 28.7493 66.4516 91.0398 -152.035
internal_weight=264 198 177 149 66 127 75 44 52 46
internal_count=264 198 177 149 66 127 75 44 52 46
is_linear=0
shrinkage=0.01


Tree=184
num_leaves=10
num_cat=0
split_feature=8 3 9 1 1 3 9 3 1
split_gain=1.25557e+10 4.11984e+09 2.17441e+09 3.40005e+09 1.74894e+09 1.34096e+09 1.0419e+09 1.06875e+09 6.62497e+08
threshold=0.092500000000000013 6.4904172043010764 2004.5000000000002 -4.3000179622948052 4.3670212045891397 18.339725806451618 2017.5000000000002 24.595483870967744 5.6916081707180775
decision_type=2 2 2 2 2 2 2 2 2
left_child=1 8 -2 -4 5 -5 7 -3 -1
right_child=2 6 3 4 -6 -7 -8 -9 -10
leaf_value=-98.952493741861986 152.61686600030637 -32.838479331196218 -44.67638023247153 67.630058979235201 23.863352227694744 180.05546738735467 -78.707259195017258 53.538993592554206 -180.91139844317769
leaf_weight=36 24 33 28 27 33 20 20 23 20
leaf_count=36 24 33 28 27 33 20 20 23 20
internal_value=0.3087 -68.2679 68.8819 48.4383 81.251 119.56 -19.5281 3.10901 -132.18
internal_weight=264 132 132 108 80 47 76 56 56
internal_count=264 132 132 108 80 47 76 56 56
is_linear=0
shrinkage=0.01


Tree=185
num_leaves=10
num_cat=0
split_feature=8 4 9 1 7 7 8 4 1
split_gain=1.23205e+10 4.0743e+09 2.13355e+09 3.33628e+09 1.71925e+09 1.63466e+09 1.57402e+09 6.82545e+08 6.07442e+08
threshold=0.092500000000000013 3.2521636363636368 2004.5000000000002 -4.3000179622948052 19.500000000000004 21.500000000000004 0.076600000000000015 3.7053308333333335 5.1126075236352166
decision_type=2 2 2 2 2 2 2 2 2
left_child=1 8 -2 -4 -5 6 -3 -6 -1
right_child=2 5 3 4 7 -7 -8 -9 -10
leaf_value=-95.688956027929322 151.18047200520834 -107.87096946249203 -44.252334826194641 2.3597991536458331 139.13600709829757 53.405923943413626 -1.3034342569379664 64.759193222313598 -173.12379524075254
leaf_weight=33 24 23 28 21 32 21 32 27 23
leaf_count=33 24 23 28 21 32 21 32 27 23
internal_value=0.307964 -67.6232 68.2357 47.985 80.4885 -19.1596 -47.5489 107.549 -131.179
internal_weight=264 132 132 108 80 76 55 59 56
internal_count=264 132 132 108 80 76 55 59 56
is_linear=0
shrinkage=0.01


Tree=186
num_leaves=10
num_cat=0
split_feature=8 4 7 8 4 2 8 2 3
split_gain=1.20882e+10 3.99749e+09 1.6042e+09 1.54461e+09 1.51347e+09 8.15789e+08 6.67288e+08 8.58195e+08 5.27647e+08
threshold=0.092500000000000013 3.2521636363636368 21.500000000000004 0.076600000000000015 7.1778717741935489 6.3445150228457434 0.11010000000000002 -1.887008912865501 0.6620149769585254
decision_type=2 2 2 2 2 2 2 2 2
left_child=1 8 3 -3 5 6 7 -2 -1
right_child=4 2 -4 -5 -6 -7 -8 -9 -10
leaf_value=-164.11486246744792 89.246489880131747 -106.85830344686703 52.907468410915797 -1.2909849798857278 -4.0819570025275738 139.2805564236111 105.53566938248892 11.396189530966938 -91.61090115531546
leaf_weight=27 24 23 21 32 24 21 30 33 29
leaf_count=27 24 23 21 32 24 21 30 33 29
internal_value=0.30424 -66.9834 -18.9788 -47.1024 67.5885 83.3532 67.7214 45.6233 -129.938
internal_weight=264 132 76 55 132 108 87 57 56
internal_count=264 132 76 55 132 108 87 57 56
is_linear=0
shrinkage=0.01


Tree=187
num_leaves=11
num_cat=0
split_feature=8 3 9 3 2 9 3 6 3 2
split_gain=1.18606e+10 3.92697e+09 2.0992e+09 1.29826e+09 1.78601e+09 8.85471e+08 1.2528e+09 5.00623e+08 3.76275e+08 2.48984e+08
threshold=0.092500000000000013 5.7696774193548395 2004.5000000000002 21.103550000000002 4.8041487482719871 2017.5000000000002 24.595483870967744 1.0000000180025095e-35 0.6620149769585254 -0.9282148834029279
decision_type=2 2 2 2 2 2 2 2 2 2
left_child=1 8 -2 4 7 6 -3 9 -1 -4
right_child=2 5 3 -5 -6 -7 -8 -9 -10 -11
leaf_value=-162.56009157415022 149.20545754825366 -37.495331784018987 46.83128442382813 114.91614735243057 108.09273062772529 -77.417157826978112 53.531161162707271 -32.139072837081606 -93.745990157781875 -0.44908005734707446
leaf_weight=27 24 38 21 21 20 20 23 24 24 22
leaf_count=27 24 38 21 21 20 20 23 24 24 22
internal_value=0.302915 -66.3485 66.951 46.8786 28.7863 -22.2306 -2.71267 3.264 -133.781 23.4414
internal_weight=264 132 132 108 87 81 61 67 51 43
internal_count=264 132 132 108 87 81 61 67 51 43
is_linear=0
shrinkage=0.01


Tree=188
num_leaves=10
num_cat=0
split_feature=8 3 1 7 4 3 7 3 3
split_gain=1.1656e+10 2.96624e+09 1.92926e+09 1.41399e+09 2.38448e+09 1.02512e+09 5.62468e+08 3.69061e+08 2.42094e+08
threshold=0.084000000000000019 5.7696774193548395 -4.3000179622948052 19.500000000000004 2.8237846889952158 17.528806451612905 19.500000000000004 0.6620149769585254 14.43067741935484
decision_type=2 2 2 2 2 2 2 2 2
left_child=1 7 8 -4 -5 -6 -3 -1 -2
right_child=2 6 3 4 5 -7 -8 -9 -10
leaf_value=-161.02004959909542 20.382214602093363 -61.653385298295454 9.785917047464622 171.92707014117326 22.577344270833333 104.92109699041194 -0.3993063221807065 -92.863674651501228 -27.090517606513444
leaf_weight=27 20 26 25 27 36 26 33 24 20
leaf_count=27 20 26 25 27 36 26 33 24 20
internal_value=0.303771 -77.7253 56.251 76.9806 95.3804 58.7715 -28.2521 -132.516 -3.47514
internal_weight=264 110 154 114 89 62 59 51 40
internal_count=264 110 154 114 89 62 59 51 40
is_linear=0
shrinkage=0.01


Tree=189
num_leaves=10
num_cat=0
split_feature=8 4 9 1 1 7 8 8 1
split_gain=1.14463e+10 3.80574e+09 2.05694e+09 3.20747e+09 1.72237e+09 1.57484e+09 1.50988e+09 7.94589e+08 6.13189e+08
threshold=0.092500000000000013 3.2521636363636368 2004.5000000000002 -4.3000179622948052 4.3670212045891397 21.500000000000004 0.076600000000000015 0.11010000000000002 5.1126075236352166
decision_type=2 2 2 2 2 2 2 2 2
left_child=1 8 -2 -4 7 6 -3 -5 -1
right_child=2 5 3 4 -6 -7 -8 -9 -10
leaf_value=-91.444006838591193 147.18237991632202 -105.29373470384247 -44.487839841681016 73.672093655770283 20.994203358525816 52.869056220160594 -0.93618597685401117 163.5371625181686 -168.35865035076532
leaf_weight=33 24 23 28 27 33 21 32 20 23
leaf_count=33 24 23 28 27 33 21 32 20 23
internal_value=0.299973 -65.177 65.7737 45.9144 77.7917 -18.342 -46.2136 115.788 -126.602
internal_weight=264 132 132 108 80 76 55 47 56
internal_count=264 132 132 108 80 76 55 47 56
is_linear=0
shrinkage=0.01


Tree=190
num_leaves=10
num_cat=0
split_feature=8 3 9 1 1 3 9 9 1
split_gain=1.12317e+10 3.72578e+09 2.0183e+09 3.14728e+09 1.69041e+09 1.31472e+09 1.00443e+09 1.03942e+09 6.41921e+08
threshold=0.092500000000000013 6.4904172043010764 2004.5000000000002 -4.3000179622948052 4.3670212045891397 18.339725806451618 2017.5000000000002 2008.5000000000002 5.6916081707180775
decision_type=2 2 2 2 2 2 2 2 2
left_child=1 8 -2 -4 5 -5 7 -3 -1
right_child=2 6 3 4 -6 -7 -8 -9 -10
leaf_value=-93.04753675130209 145.79713682885264 -41.043986727627846 -44.065581524735791 63.591680244311959 20.793387999603716 174.45310910247093 -76.326371644485832 43.104804842509921 -172.91109130859374
leaf_weight=36 24 26 28 27 33 20 20 30 20
leaf_count=36 24 26 28 27 33 20 20 30 20
internal_value=0.299671 -64.5604 65.1565 45.4845 77.0613 114.703 -18.2184 3.98403 -125.337
internal_weight=264 132 132 108 80 47 76 56 56
internal_count=264 132 132 108 80 47 76 56 56
is_linear=0
shrinkage=0.01


Tree=191
num_leaves=9
num_cat=0
split_feature=8 3 9 4 9 9 8 3
split_gain=1.10236e+10 2.82498e+09 1.96446e+09 2.21151e+09 1.71443e+09 1.24983e+09 8.60843e+08 3.61525e+08
threshold=0.084000000000000019 5.7696774193548395 2019.5000000000002 2.8237846889952158 2015.5000000000002 2010.5000000000002 0.10230000000000002 0.6620149769585254
decision_type=2 2 2 2 2 2 2 2
left_child=1 7 3 -2 6 -3 -5 -1
right_child=2 5 -4 4 -6 -7 -8 -9
leaf_value=-157.1146845017818 134.43977356770833 25.540750018425708 -33.27482839626736 -14.254020447549941 117.43303063656423 -65.612508871588915 52.398497219333407 -90.098736195283777
leaf_weight=27 36 25 21 38 22 34 37 24
leaf_count=27 36 25 21 38 22 34 37 24
internal_value=0.297823 -75.5848 54.7061 68.814 42.7816 -27.3125 19.0104 -129.053
internal_weight=264 110 154 133 97 59 75 51
internal_count=264 110 154 133 97 59 75 51
is_linear=0
shrinkage=0.01


Tree=192
num_leaves=9
num_cat=0
split_feature=10 7 4 7 9 9 9 2
split_gain=1.03086e+10 4.90345e+09 3.49717e+09 1.92603e+09 1.23824e+09 1.57524e+09 9.78631e+08 2.91675e+09
threshold=3.5000000000000004 17.500000000000004 2.8237846889952158 21.500000000000004 2018.5000000000002 2015.5000000000002 2010.5000000000002 2.2235095660821607
decision_type=2 2 2 2 2 2 2 2
left_child=3 -2 -3 -1 5 6 7 -4
right_child=1 2 4 -5 -6 -7 -8 -9
leaf_value=-141.26535216000207 -103.23435628255208 136.9257415076147 109.54117114965466 -22.360388398724933 -32.518340903228186 118.98570412868924 -16.29616896537885 -30.825697136645051
leaf_weight=46 21 38 33 20 25 21 35 25
leaf_count=46 21 38 33 20 25 21 35 25
internal_value=0.293118 36.4346 53.7338 -106.531 29.7715 43.6766 25.0525 49.7862
internal_weight=264 198 177 66 139 114 93 58
internal_count=264 198 177 66 139 114 93 58
is_linear=0
shrinkage=0.01


Tree=193
num_leaves=10
num_cat=0
split_feature=8 3 9 1 8 9 9 3 3
split_gain=1.06717e+10 3.51285e+09 1.96212e+09 3.08326e+09 1.80884e+09 9.85293e+08 8.45048e+08 1.22966e+09 3.54191e+08
threshold=0.092500000000000013 5.7696774193548395 2004.5000000000002 -5.9092557247283564 0.11010000000000002 2010.5000000000002 2017.5000000000002 24.595483870967744 0.6620149769585254
decision_type=2 2 2 2 2 2 2 2 2
left_child=1 8 -2 -4 5 -5 7 -3 -1
right_child=2 6 3 4 -6 -7 -8 -9 -10
leaf_value=-154.41308807908442 143.00168547985601 -36.618342686906644 -58.639449222645865 90.411982535428777 133.48215163934427 5.0671673029119324 -75.111661887945132 53.562218490911995 -88.294228012608542
leaf_weight=27 24 38 22 20 29 37 20 23 24
leaf_count=27 24 38 22 20 29 37 20 23 24
internal_value=0.291256 -62.9314 63.5107 44.1291 70.9734 36.5633 -21.2006 -2.14624 -126.71
internal_weight=264 132 132 108 86 57 81 61 51
internal_count=264 132 132 108 86 57 81 61 51
is_linear=0
shrinkage=0.01


Tree=194
num_leaves=10
num_cat=0
split_feature=8 3 9 1 1 3 9 9 1
split_gain=1.04709e+10 3.44777e+09 1.92547e+09 3.02737e+09 1.64076e+09 1.30378e+09 9.55051e+08 1.0344e+09 6.42724e+08
threshold=0.092500000000000013 6.4904172043010764 2004.5000000000002 -4.3000179622948052 4.3670212045891397 18.339725806451618 2017.5000000000002 2008.5000000000002 5.6916081707180775
decision_type=2 2 2 2 2 2 2 2 2
left_child=1 8 -2 -4 5 -5 7 -3 -1
right_child=2 6 3 4 -6 -7 -8 -9 -10
leaf_value=-88.888127089436864 141.65578667135802 -41.018764448686078 -44.087687512413929 61.067530496162284 19.316482641247735 171.16741472111192 -74.412949161973117 42.926426033141126 -168.03766380132632
leaf_weight=36 24 26 28 27 33 20 20 30 20
leaf_count=36 24 26 28 27 33 20 20 30 20
internal_value=0.289047 -62.3359 62.9108 43.7111 74.6867 111.764 -17.7511 3.89837 -120.802
internal_weight=264 132 132 108 80 47 76 56 56
internal_count=264 132 132 108 80 47 76 56 56
is_linear=0
shrinkage=0.01


Tree=195
num_leaves=10
num_cat=0
split_feature=8 3 9 1 8 7 7 8 3
split_gain=1.02752e+10 3.38725e+09 1.88928e+09 2.97701e+09 1.76266e+09 1.19682e+09 8.93765e+08 1.39903e+09 3.49891e+08
threshold=0.092500000000000013 5.7696774193548395 2004.5000000000002 -5.9092557247283564 0.11010000000000002 20.500000000000004 21.500000000000004 0.076600000000000015 0.6620149769585254
decision_type=2 2 2 2 2 2 2 2 2
left_child=1 8 -2 -4 5 -5 7 -3 -1
right_child=2 6 3 4 -6 -7 -8 -9 -10
leaf_value=-151.80264151589913 140.32255631989125 -97.399144023820469 -57.677746877467378 -14.096677201704544 131.37924308401639 76.23517052283654 30.611802555006381 0.56149410623899654 -86.409355019962092
leaf_weight=27 24 24 22 26 29 31 23 34 24
leaf_count=27 24 24 22 26 29 31 23 34 24
internal_value=0.287268 -61.7496 62.321 43.3024 69.6806 35.7261 -20.7726 -41.4073 -124.378
internal_weight=264 132 132 108 86 57 81 58 51
internal_count=264 132 132 108 86 57 81 58 51
is_linear=0
shrinkage=0.01


Tree=196
num_leaves=11
num_cat=0
split_feature=8 4 9 9 2 3 2 0 2 3
split_gain=1.00814e+10 3.39422e+09 1.85417e+09 1.44468e+09 1.25157e+09 1.47712e+09 6.58234e+08 6.29987e+08 5.33812e+08 1.65423e+08
threshold=0.092500000000000013 3.2521636363636368 2004.5000000000002 2010.5000000000002 6.3445150228457434 20.946033333333336 -4.8111248483998938 2.5000000000000004 6.8229381368835833 24.595483870967744
decision_type=2 2 2 2 2 2 2 2 2 2
left_child=1 8 -2 -3 5 6 -4 -8 -1 -5
right_child=2 3 4 9 -6 -7 7 -9 -10 -11
leaf_value=-89.301336523437499 139.00187344719382 33.287216887972249 48.097154904742574 -32.405891077378222 111.56011372410974 95.778017035590281 -57.223524956597224 14.403940074573864 -162.96163619640262 -74.51055788971658
leaf_weight=36 24 32 20 24 20 21 21 26 20 20
leaf_count=36 24 32 20 24 20 21 21 26 20 20
internal_value=0.282797 -61.1663 61.7288 -16.9446 42.888 25.6724 2.08274 -18.3796 -119.174 -53.37
internal_weight=264 132 132 76 108 88 67 47 56 44
internal_count=264 132 132 76 108 88 67 47 56 44
is_linear=0
shrinkage=0.01


Tree=197
num_leaves=11
num_cat=0
split_feature=10 7 4 7 6 3 4 7 2 3
split_gain=9.37255e+09 4.71113e+09 3.37781e+09 1.84192e+09 1.20349e+09 1.17674e+09 1.31279e+09 1.09144e+09 8.46249e+08 2.5123e+07
threshold=3.5000000000000004 17.500000000000004 2.8237846889952158 21.500000000000004 1.5000000000000002 16.568774193548389 5.3718660714285731 21.500000000000004 2.2235095660821607 0.6620149769585254
decision_type=2 2 2 2 2 2 2 2 2 2
left_child=3 -2 -3 9 5 7 -7 -4 -6 -1
right_child=1 2 4 -5 8 6 -8 -9 -10 -11
leaf_value=-154.8252383003983 -102.13769482421874 133.45338255290744 54.331315340909086 -19.47898206134175 23.057414054224047 131.08174786261793 21.810684899618458 -40.881807307753455 -59.53711675599564 -105.94149614050033
leaf_weight=24 21 38 26 20 28 25 20 20 20 22
leaf_count=24 21 38 26 20 28 25 20 20 20 22
internal_value=0.281423 34.7429 51.7049 -101.578 28.1701 49.2731 84.7872 12.9504 -12.1181 -135.53
internal_weight=264 198 177 66 139 91 45 46 48 46
internal_count=264 198 177 66 139 91 45 46 48 46
is_linear=0
shrinkage=0.01


Tree=198
num_leaves=10
num_cat=0
split_feature=8 4 9 1 8 7 8 7 1
split_gain=9.7255e+09 3.28091e+09 1.81673e+09 2.92712e+09 1.70436e+09 1.5278e+09 1.42028e+09 1.15462e+09 6.12443e+08
threshold=0.092500000000000013 3.2521636363636368 2004.5000000000002 -5.9092557247283564 0.11010000000000002 21.500000000000004 0.076600000000000015 20.500000000000004 5.1126075236352166
decision_type=2 2 2 2 2 2 2 2 2
left_child=1 8 -2 -4 7 6 -3 -5 -1
right_child=2 5 3 4 -6 -7 -8 -9 -10
leaf_value=-82.854634142889495 137.10007241641773 -101.37978680046237 -58.113878336155665 -14.150069957386364 128.81013543801231 53.488044745551214 -0.19983565145464088 74.562867337740386 -158.18503946109692
leaf_weight=33 24 23 22 26 29 21 32 31 23
leaf_count=33 24 23 22 26 29 21 32 31 23
internal_value=0.271881 -60.0828 60.6236 41.9835 68.1471 -16.6067 -44.0798 34.7719 -117.114
internal_weight=264 132 132 108 86 76 55 57 56
internal_count=264 132 132 108 86 76 55 57 56
is_linear=0
shrinkage=0.01


Tree=199
num_leaves=12
num_cat=0
split_feature=3 9 4 7 0 1 1 1 5 2 1
split_gain=8.17754e+09 4.47844e+09 2.81079e+09 1.9366e+09 2.19578e+09 1.79096e+09 1.54649e+09 1.4425e+09 1.18288e+09 4.19914e+08 3.99785e+08
threshold=0.96330817972350247 2020.5000000000002 12.120633333333336 22.500000000000004 1.5000000000000002 6.7007187827710881 3.884174011343378 -5.9092557247283564 3.5000000000000004 -0.6435396315552121 -1.9070333728571196
decision_type=2 2 2 2 2 2 2 2 2 2 2
left_child=8 2 3 4 5 10 7 -6 -1 -9 -2
right_child=1 -3 -4 -5 6 -7 -8 9 -10 -11 -12
leaf_value=-64.560941133720931 -5.0315524221021075 -113.24036513217659 -70.283810864825583 130.54914555387677 23.977862270779077 69.965472043059592 3.3100792014382101 86.507806371572059 -178.06146468098959 161.0231083984375 -63.763178014922559
leaf_weight=20 20 20 20 25 21 20 26 23 21 21 27
leaf_count=20 20 20 20 25 21 20 26 23 21 21 27
internal_value=0.267979 24.3457 38.6322 51.0103 37.3156 -6.14849 68.8975 94.4659 -126.928 126.208 -39.6998
internal_weight=264 223 203 183 158 67 91 65 41 44 47
internal_count=264 223 203 183 158 67 91 65 41 44 47
is_linear=0
shrinkage=0.01


Tree=200
num_leaves=10
num_cat=0
split_feature=10 7 4 7 6 3 7 2 3
split_gain=8.94819e+09 4.51529e+09 3.30231e+09 1.75603e+09 1.15131e+09 1.15195e+09 8.36757e+08 8.35996e+08 1.83332e+07
threshold=3.5000000000000004 17.500000000000004 2.8237846889952158 21.500000000000004 1.5000000000000002 20.056716666666674 21.500000000000004 2.2235095660821607 0.6620149769585254
decision_type=2 2 2 2 2 2 2 2 2
left_child=3 -2 -3 8 5 6 -4 -6 -1
right_child=1 2 4 -5 7 -7 -8 -9 -10
leaf_value=-151.03252283432906 -100.06710432942708 131.36659587618672 56.073498740125061 -19.093769588026891 22.846211061639302 97.18742164248512 -16.627188560610911 -59.247706554324132 -103.75859317860704
leaf_weight=24 21 38 32 20 28 30 29 20 22
leaf_count=24 21 38 32 20 28 30 29 20 22
internal_value=0.264191 33.9366 50.5427 -99.2621 27.2802 47.9215 21.9412 -12.1182 -132.414
internal_weight=264 198 177 66 139 91 61 48 46
internal_count=264 198 177 66 139 91 61 48 46
is_linear=0
shrinkage=0.01


Tree=201
num_leaves=10
num_cat=0
split_feature=8 3 9 1 8 7 9 3 1
split_gain=9.30784e+09 3.08263e+09 1.77304e+09 2.86921e+09 1.63013e+09 1.09614e+09 9.19251e+08 1.01511e+09 6.31009e+08
threshold=0.092500000000000013 6.4904172043010764 2004.5000000000002 -5.9092557247283564 0.11010000000000002 20.500000000000004 2017.5000000000002 24.595483870967744 5.6916081707180775
decision_type=2 2 2 2 2 2 2 2 2
left_child=1 8 -2 -4 5 -5 7 -3 -1
right_child=2 6 3 4 -6 -7 -8 -9 -10
leaf_value=-82.923508422851555 134.83115588019876 -30.492089693373529 -58.187005797041223 -13.524113813920456 126.13126576908299 72.923551175631005 -72.229242766624282 53.69683175223215 -160.44674464026161
leaf_weight=36 24 33 22 26 29 31 20 23 20
leaf_count=36 24 33 22 26 29 31 20 23 20
internal_value=0.253506 -58.7909 59.2952 40.8922 66.8012 34.1554 -16.6366 4.58409 -114.074
internal_weight=264 132 132 108 86 57 76 56 56
internal_count=264 132 132 108 86 57 76 56 56
is_linear=0
shrinkage=0.01


Tree=202
num_leaves=11
num_cat=0
split_feature=8 4 9 7 8 2 3 7 2 9
split_gain=9.13234e+09 3.08616e+09 1.74009e+09 1.47614e+09 1.38635e+09 1.23582e+09 1.40678e+09 1.46499e+09 5.25402e+08 2.84727e+08
threshold=0.092500000000000013 3.2521636363636368 2004.5000000000002 21.500000000000004 0.076600000000000015 6.3445150228457434 20.946033333333336 20.500000000000004 6.8229381368835833 2014.5000000000002
decision_type=2 2 2 2 2 2 2 2 2 2
left_child=1 8 -2 4 -3 6 7 -4 -1 -9
right_child=2 3 5 -5 -6 -7 -8 9 -10 -11
leaf_value=-84.321979329427094 133.56215783511891 -99.690452855947058 -63.907156670752997 52.821197848849827 0.25195452789762124 108.69700541651525 91.8539607204861 9.398028449292454 -156.60080657249273 59.71558028819949
leaf_weight=36 24 23 22 21 32 20 21 25 20 20
leaf_count=36 24 23 22 21 32 20 21 25 20 20
internal_value=0.249262 -58.2359 58.7317 -16.0707 -43.079 40.5008 23.4395 0.454227 -113.548 32.9665
internal_weight=264 132 132 76 55 108 88 67 56 45
internal_count=264 132 132 76 55 108 88 67 56 45
is_linear=0
shrinkage=0.01


Tree=203
num_leaves=10
num_cat=0
split_feature=8 4 9 1 8 9 9 1 3
split_gain=8.9615e+09 3.02812e+09 1.70731e+09 2.81438e+09 1.58865e+09 1.41617e+09 9.52716e+08 6.0154e+08 1.62072e+08
threshold=0.092500000000000013 3.2521636363636368 2004.5000000000002 -5.9092557247283564 0.11010000000000002 2010.5000000000002 2010.5000000000002 5.1126075236352166 24.595483870967744
decision_type=2 2 2 2 2 2 2 2 2
left_child=1 7 -2 -4 6 -3 -5 -1 -7
right_child=2 5 3 4 -6 8 -8 -9 -10
leaf_value=-78.847733985790313 132.30510247174433 33.791232636864507 -57.99114761677194 86.508325308866276 124.35450571529202 -31.32984894397212 2.6912457830255683 -152.94158093510842 -72.875261230468752
leaf_weight=33 24 32 22 20 29 24 37 23 20
leaf_count=33 24 32 22 20 29 24 37 23 20
internal_value=0.249695 -57.6858 58.1825 40.1239 65.7871 -15.919 33.565 -112.475 -51.9943
internal_weight=264 132 132 108 86 76 57 56 44
internal_count=264 132 132 108 86 76 57 56 44
is_linear=0
shrinkage=0.01


Tree=204
num_leaves=10
num_cat=0
split_feature=8 3 1 7 7 8 3 3 3
split_gain=8.79332e+09 2.94819e+09 1.58939e+09 1.81581e+09 8.40728e+08 1.29353e+09 5.8473e+08 3.48957e+08 3.02871e+08
threshold=0.092500000000000013 5.7696774193548395 -4.3000179622948052 19.500000000000004 21.500000000000004 0.076600000000000015 14.851661290322584 19.786600000000004 0.6620149769585254
decision_type=2 2 2 2 2 2 2 2 2
left_child=1 8 -2 -4 5 -3 -5 -8 -1
right_child=2 4 3 6 -6 -7 7 -9 -10
leaf_value=-141.07388093647202 -0.2404360104913581 -92.790350940180758 4.3163060746102966 136.17382520988807 30.870081214126277 1.368762782996809 38.91088640079942 101.85924977857015 -80.263910438687191
leaf_weight=27 35 24 25 32 23 34 20 20 24
leaf_count=27 35 24 25 32 23 34 20 20 24
internal_value=0.246388 -57.1429 57.633 78.2009 -18.924 -38.9505 103.244 72.9293 -115.568
internal_weight=264 132 132 97 81 58 72 40 51
internal_count=264 132 132 97 81 58 72 40 51
is_linear=0
shrinkage=0.01


Tree=205
num_leaves=11
num_cat=0
split_feature=8 4 7 2 2 4 8 0 2 4
split_gain=8.62793e+09 2.92831e+09 1.43624e+09 1.41869e+09 1.76229e+09 1.5237e+09 1.33408e+09 6.73505e+08 5.1416e+08 4.26116e+07
threshold=0.092500000000000013 3.2521636363636368 21.500000000000004 7.1928976200398749 3.7679676422644697 2.4221006441223838 0.076600000000000015 2.5000000000000004 6.8229381368835833 4.2114285714285726
decision_type=2 2 2 2 2 2 2 2 2 2
left_child=1 8 6 4 5 -2 -3 -7 -1 -9
right_child=3 2 -4 -5 -6 7 -8 9 -10 -11
leaf_value=-81.729233463541675 135.28754735192587 -97.712782854352682 52.411801893446182 132.19535704146983 -38.403843929714625 71.568264094426084 0.32393178455865207 -0.61683877279592114 -152.92239144258721 19.617216938817222
leaf_weight=36 20 23 21 20 21 31 32 20 20 20
leaf_count=36 20 23 21 20 21 31 32 20 20 20
internal_value=0.243876 -56.6032 -15.5332 57.0883 42.1064 61.0072 -42.1788 37.7169 -110.482 9.84333
internal_weight=264 132 76 132 112 91 55 71 56 40
internal_count=264 132 76 132 112 91 55 71 56 40
is_linear=0
shrinkage=0.01


Tree=206
num_leaves=9
num_cat=0
split_feature=8 4 1 7 7 4 8 1
split_gain=8.46636e+09 2.87324e+09 1.54951e+09 1.77881e+09 1.40949e+09 1.35632e+09 1.30915e+09 5.89759e+08
threshold=0.092500000000000013 3.2521636363636368 -4.3000179622948052 19.500000000000004 21.500000000000004 3.7053308333333335 0.076600000000000015 5.1126075236352166
decision_type=2 2 2 2 2 2 2 2
left_child=1 7 -2 -4 6 -5 -3 -1
right_child=2 4 3 5 -6 -7 -8 -9
leaf_value=-76.313774909420289 -0.57499955686804372 -96.795479362643491 3.7653436394457551 141.00303692853009 51.922624782986112 51.027173665364579 0.32083641849347017 -149.38144391741071
leaf_weight=33 35 23 25 39 21 33 32 23
leaf_count=33 35 23 25 39 21 33 32 23
internal_value=0.243698 -56.0686 56.5533 76.8615 -15.3866 101.647 -41.7829 -109.438
internal_weight=264 132 132 97 76 72 55 56
internal_count=264 132 132 97 76 72 55 56
is_linear=0
shrinkage=0.01


Tree=207
num_leaves=10
num_cat=0
split_feature=8 3 9 1 8 7 7 8 3
split_gain=8.30566e+09 2.81957e+09 1.67196e+09 2.69016e+09 1.54579e+09 1.03459e+09 8.0089e+08 1.22174e+09 2.91036e+08
threshold=0.092500000000000013 5.7696774193548395 2004.5000000000002 -5.9092557247283564 0.11010000000000002 20.500000000000004 21.500000000000004 0.076600000000000015 0.6620149769585254
decision_type=2 2 2 2 2 2 2 2 2
left_child=1 8 -2 -4 5 -5 7 -3 -1
right_child=2 6 3 4 -6 -7 -8 -9 -10
leaf_value=-137.63272792883086 129.32155194450826 -90.044035405177695 -57.71998903315118 -14.706071466619319 121.01194568071209 69.217449951171872 30.420018983179212 1.459462744484485 -78.149048964556528
leaf_weight=27 24 24 22 26 29 31 23 34 24
leaf_count=27 24 24 22 26 29 31 23 34 24
internal_value=0.237022 -55.5382 56.0097 38.1697 63.2687 31.5409 -18.1697 -37.7194 -112.673
internal_weight=264 132 132 108 86 57 81 58 51
internal_count=264 132 132 108 86 57 81 58 51
is_linear=0
shrinkage=0.01


Tree=208
num_leaves=10
num_cat=0
split_feature=8 4 9 1 8 9 7 1 3
split_gain=8.14901e+09 2.77867e+09 1.64088e+09 2.63958e+09 1.51659e+09 1.40066e+09 1.01498e+09 5.82377e+08 1.47588e+08
threshold=0.092500000000000013 3.2521636363636368 2004.5000000000002 -5.9092557247283564 0.11010000000000002 2010.5000000000002 20.500000000000004 5.1126075236352166 22.278413978494626
decision_type=2 2 2 2 2 2 2 2 2
left_child=1 7 -2 -4 6 -3 -5 -1 -7
right_child=2 5 3 4 -6 8 -8 -9 -10
leaf_value=-74.69171374334806 128.10440730562397 34.405495231970029 -57.179631724256154 -14.567031693892046 119.86134193295338 -27.653688865484192 68.557222543569722 -147.10982112962373 -67.501007199754909
leaf_weight=33 24 32 22 26 29 20 31 23 24
leaf_count=33 24 32 22 26 29 20 31 23 24
internal_value=0.233136 -55.0136 55.4774 37.8042 62.6661 -15.0096 31.2394 -107.497 -50.8976
internal_weight=264 132 132 108 86 76 57 56 44
internal_count=264 132 132 108 86 76 57 56 44
is_linear=0
shrinkage=0.01


Tree=209
num_leaves=10
num_cat=0
split_feature=8 3 9 1 1 3 7 8 3
split_gain=7.9955e+09 2.73222e+09 1.61038e+09 2.59083e+09 1.51158e+09 1.25055e+09 7.91485e+08 1.19433e+09 2.82734e+08
threshold=0.092500000000000013 5.7696774193548395 2004.5000000000002 -4.3000179622948052 4.3670212045891397 18.339725806451618 21.500000000000004 0.076600000000000015 0.6620149769585254
decision_type=2 2 2 2 2 2 2 2 2
left_child=1 8 -2 -4 5 -5 7 -3 -1
right_child=2 6 3 4 -6 -7 -8 -9 -10
leaf_value=-135.31631364788925 126.89872000002393 -88.886923875995706 -43.686435864981959 52.649017526726979 13.25839862325917 159.56923260356106 30.577917879065691 1.5785559597821301 -76.75223945168888
leaf_weight=27 24 24 28 27 33 20 23 34 24
leaf_count=27 24 24 28 27 33 20 23 34 24
internal_value=0.22867 -54.4953 54.9501 37.4421 66.1187 101.675 -17.7139 -37.1524 -110.737
internal_weight=264 132 132 108 80 47 81 58 51
internal_count=264 132 132 108 80 47 81 58 51
is_linear=0
shrinkage=0.01


Tree=210
num_leaves=9
num_cat=0
split_feature=10 9 4 7 9 3 2 3
split_gain=7.4535e+09 4.18601e+09 2.50328e+09 1.57977e+09 1.56732e+09 1.02705e+09 8.91457e+08 2.00913e+07
threshold=3.5000000000000004 2019.5000000000002 2.8237846889952158 21.500000000000004 2015.5000000000002 21.628016666666671 -1.6289557695985388 0.6620149769585254
decision_type=2 2 2 2 2 2 2 2
left_child=3 2 -2 7 5 6 -4 -1
right_child=1 -3 4 -5 -6 -7 -8 -9
leaf_value=-139.39388521082262 121.77151373697916 -81.734446379009057 28.199437596055329 -14.852388717296513 90.758351783146935 51.470197278307637 -43.481142954885229 -95.403991179770614
leaf_weight=24 36 27 29 20 30 37 39 22
leaf_count=24 36 27 29 20 30 37 39 22
internal_value=0.228637 30.9604 49.3104 -90.6057 28.8615 10.1474 -12.9625 -122.033
internal_weight=264 198 171 66 135 105 68 46
internal_count=264 198 171 66 135 105 68 46
is_linear=0
shrinkage=0.01


Tree=211
num_leaves=9
num_cat=0
split_feature=8 4 1 7 7 4 8 1
split_gain=7.75991e+09 2.62667e+09 1.43084e+09 1.70426e+09 1.35872e+09 1.31468e+09 1.23343e+09 5.77807e+08
threshold=0.092500000000000013 3.2521636363636368 -4.3000179622948052 19.500000000000004 21.500000000000004 3.7053308333333335 0.076600000000000015 5.1126075236352166
decision_type=2 2 2 2 2 2 2 2
left_child=1 7 -2 -4 6 -5 -3 -1
right_child=2 4 3 5 -6 -7 -8 -9
leaf_value=-72.24907791801121 -0.75762930465071165 -94.110110411352039 2.1906857587706368 136.60814510392555 51.285679416232647 48.215510855412141 0.16290548296117069 -144.02870157047192
leaf_weight=33 35 23 25 39 21 33 32 23
leaf_count=33 35 23 25 39 21 33 32 23
internal_value=0.221679 -53.69 54.1309 73.6461 -14.7909 97.9058 -40.712 -104.718
internal_weight=264 132 132 97 76 72 55 56
internal_count=264 132 132 97 76 72 55 56
is_linear=0
shrinkage=0.01


Tree=212
num_leaves=10
num_cat=0
split_feature=8 3 9 1 8 7 9 3 3
split_gain=7.61262e+09 2.58443e+09 1.57644e+09 2.52369e+09 1.46817e+09 9.82445e+08 7.70296e+08 1.15094e+09 2.69316e+08
threshold=0.092500000000000013 5.7696774193548395 2004.5000000000002 -5.9092557247283564 0.11010000000000002 20.500000000000004 2017.5000000000002 24.595483870967744 0.6620149769585254
decision_type=2 2 2 2 2 2 2 2 2
left_child=1 8 -2 -4 5 -5 7 -3 -1
right_child=2 6 3 4 -6 -7 -8 -9 -10
leaf_value=-131.85819727312054 124.77844280766506 -32.697164808828617 -56.550730152535948 -15.288380593039772 116.87528512423157 66.456310678335342 -68.874995514625724 54.546786312181119 -74.740555982402725
leaf_weight=27 24 38 22 26 29 31 20 23 24
leaf_count=27 24 38 22 26 29 31 20 23 24
internal_value=0.215356 -53.1821 53.6105 36.3027 60.6182 29.7332 -17.4055 0.717572 -107.883
internal_weight=264 132 132 108 86 57 81 61 51
internal_count=264 132 132 108 86 57 81 61 51
is_linear=0
shrinkage=0.01


Tree=213
num_leaves=11
num_cat=0
split_feature=8 7 2 9 1 9 3 10 1 9
split_gain=7.48014e+09 2.29539e+09 1.68999e+09 2.49285e+09 1.76539e+09 1.40113e+09 2.22028e+09 1.23451e+09 1.48302e+09 3.0396e+08
threshold=0.084000000000000019 21.500000000000004 8.6695680917824554 2018.5000000000002 4.4382992178442668 2016.5000000000002 23.414645161290327 5.5000000000000009 -0.29282627925480414 2010.5000000000002
decision_type=2 2 2 2 2 2 2 2 2 2
left_child=1 5 3 4 7 6 -1 -2 9 -9
right_child=2 -3 -4 -5 -6 -7 -8 8 -10 -11
leaf_value=-107.57152745693546 5.7438967334980866 17.101883887575383 123.49345674555353 -63.492121841755313 -30.612909505208332 -156.94947786458334 13.609982239966298 76.111717472519985 148.22826540305397 19.89113365040269
leaf_weight=38 23 27 22 22 21 21 24 20 26 20
leaf_count=38 23 27 22 22 21 21 24 20 26 20
internal_value=0.212221 -62.2957 45.031 30.7132 50.1551 -87.969 -61.449 69.4044 90.9683 49.7367
internal_weight=264 110 154 132 110 83 62 89 66 40
internal_count=264 110 154 132 110 83 62 89 66 40
is_linear=0
shrinkage=0.01


Tree=214
num_leaves=10
num_cat=0
split_feature=8 4 9 1 8 9 7 1 0
split_gain=7.34097e+09 2.49973e+09 1.54269e+09 2.45357e+09 1.43545e+09 1.36035e+09 9.57571e+08 5.76695e+08 1.44135e+08
threshold=0.092500000000000013 3.2521636363636368 2004.5000000000002 -5.9092557247283564 0.11010000000000002 2010.5000000000002 20.500000000000004 5.1126075236352166 1.5000000000000002
decision_type=2 2 2 2 2 2 2 2 2
left_child=1 7 -2 -4 6 -3 -5 -1 -7
right_child=2 5 3 4 -6 8 -8 -9 -10
leaf_value=-69.791387607740319 123.03917766496247 34.405809471927476 -56.013348955194999 -15.445923872514204 115.12939220991291 -26.759562165016352 65.244230060283954 -141.11649847536671 -66.036018975949759
leaf_weight=33 24 32 22 26 29 20 31 23 24
leaf_count=33 24 32 22 26 29 20 31 23 24
internal_value=0.212674 -52.2235 52.6465 35.5324 59.51 -14.2794 28.9857 -102.003 -49.654
internal_weight=264 132 132 108 86 76 57 56 44
internal_count=264 132 132 108 86 76 57 56 44
is_linear=0
shrinkage=0.01


Tree=215
num_leaves=10
num_cat=0
split_feature=10 7 4 7 6 3 2 7 3
split_gain=6.80272e+09 4.08575e+09 2.94221e+09 1.47709e+09 9.81563e+08 1.06572e+09 8.91792e+08 8.54096e+08 2.20264e+07
threshold=3.5000000000000004 17.500000000000004 2.8237846889952158 21.500000000000004 1.5000000000000002 20.056716666666674 2.2235095660821607 21.500000000000004 0.6620149769585254
decision_type=2 2 2 2 2 2 2 2 2
left_child=3 -2 -3 8 5 7 -6 -4 -1
right_child=1 2 4 -5 6 -7 -8 -9 -10
leaf_value=-133.75813764085956 -97.843558322482636 121.64775888177414 52.174851527427563 -13.402096259538519 23.2421851206634 89.85912750244141 -61.553467818859012 -21.162567558913935 -91.253867031665564
leaf_weight=24 21 38 32 20 28 30 20 29 22
leaf_count=24 21 38 32 20 28 30 20 29 22
internal_value=0.208435 29.568 45.3798 -86.5698 23.4534 42.5185 -12.8837 17.6382 -116.954
internal_weight=264 198 177 66 139 91 48 61 46
internal_count=264 198 177 66 139 91 48 61 46
is_linear=0
shrinkage=0.01


Tree=216
num_leaves=10
num_cat=0
split_feature=10 7 4 7 6 3 2 7 3
split_gain=6.67442e+09 4.00911e+09 2.88588e+09 1.44943e+09 9.63128e+08 1.04555e+09 8.75185e+08 8.37878e+08 2.15589e+07
threshold=3.5000000000000004 17.500000000000004 2.8237846889952158 21.500000000000004 1.5000000000000002 20.056716666666674 2.2235095660821607 21.500000000000004 0.6620149769585254
decision_type=2 2 2 2 2 2 2 2 2
left_child=3 -2 -3 8 5 7 -6 -4 -1
right_child=1 2 4 -5 6 -7 -8 -9 -10
leaf_value=-132.49923767688227 -96.93035096571181 120.47747620401503 51.676463771079909 -13.277426246820495 23.021581493313029 89.003326488979269 -60.980875158975287 -20.961349097079921 -90.399575481008981
leaf_weight=24 21 38 32 20 28 30 20 29 22
leaf_count=24 21 38 32 20 28 30 20 29 22
internal_value=0.19889 29.2803 44.9432 -85.7571 23.2277 42.1129 -12.7665 17.4693 -115.855
internal_weight=264 198 177 66 139 91 48 61 46
internal_count=264 198 177 66 139 91 48 61 46
is_linear=0
shrinkage=0.01


Tree=217
num_leaves=10
num_cat=0
split_feature=8 3 9 1 8 9 7 8 3
split_gain=6.981e+09 2.3706e+09 1.51467e+09 2.41794e+09 1.38196e+09 9.26152e+08 7.45844e+08 1.11543e+09 2.49809e+08
threshold=0.092500000000000013 5.7696774193548395 2004.5000000000002 -5.9092557247283564 0.11010000000000002 2010.5000000000002 21.500000000000004 0.076600000000000015 0.6620149769585254
decision_type=2 2 2 2 2 2 2 2 2
left_child=1 8 -2 -4 5 -5 7 -3 -1
right_child=2 6 3 4 -6 -7 -8 -9 -10
leaf_value=-126.38544758043791 121.05233654545802 -85.5523410692402 -56.46946805913398 80.445716297238377 112.76021244236681 -2.0031649780273439 30.181703055245535 1.859781064315581 -71.491365105124075
leaf_weight=27 24 24 22 20 29 37 23 34 24
leaf_count=27 24 24 22 20 29 37 23 34 24
internal_value=0.189506 -50.9448 51.3217 34.38 58.1903 28.247 -16.6799 -35.5555 -103.334
internal_weight=264 132 132 108 86 57 81 58 51
internal_count=264 132 132 108 86 57 81 58 51
is_linear=0
shrinkage=0.01


Tree=218
num_leaves=10
num_cat=0
split_feature=8 3 9 1 8 7 1 1 1
split_gain=6.84979e+09 2.32808e+09 1.48636e+09 2.3727e+09 1.35559e+09 9.17296e+08 8.86207e+08 8.74734e+08 5.91848e+08
threshold=0.092500000000000013 6.4904172043010764 2004.5000000000002 -5.9092557247283564 0.11010000000000002 20.500000000000004 6.1437669032797464 -1.7829873913155876 5.6916081707180775
decision_type=2 2 2 2 2 2 2 2 2
left_child=1 8 -2 -4 5 -5 7 -3 -1
right_child=2 6 3 4 -6 -7 -8 -9 -10
leaf_value=-69.297476171875005 119.91302124023437 9.8257815724498823 -55.940817099632106 -15.485609286221591 111.68806784707991 63.475918083777799 41.279028149981833 -68.332647958608774 -142.57215161700583
leaf_weight=36 24 25 22 26 29 31 20 31 20
leaf_count=36 24 25 22 26 29 31 20 31 20
internal_value=0.187859 -50.4636 50.8372 34.0546 57.6411 27.9847 -13.844 -34.0942 -98.5038
internal_weight=264 132 132 108 86 57 76 56 56
internal_count=264 132 132 108 86 57 76 56 56
is_linear=0
shrinkage=0.01


Tree=219
num_leaves=11
num_cat=0
split_feature=8 4 2 2 4 7 8 1 1 1
split_gain=6.72029e+09 2.30909e+09 1.35537e+09 1.69544e+09 1.38262e+09 1.29347e+09 1.16586e+09 1.12706e+09 1.14304e+09 5.72915e+08
threshold=0.092500000000000013 3.2521636363636368 7.1928976200398749 3.7679676422644697 2.4221006441223838 21.500000000000004 0.076600000000000015 -4.3000179622948052 1.0148958367648511 5.1126075236352166
decision_type=2 2 2 2 2 2 2 2 2 2
left_child=1 9 3 4 -2 6 -3 -6 -9 -1
right_child=2 5 -4 -5 7 -7 -8 8 -10 -11
leaf_value=-66.048484735903529 125.05186111805051 -90.740603475765312 123.59955043349156 -42.940320041232638 -17.990738031487716 50.92290494791667 0.88027929505305513 111.28155263048536 10.21363416306516 -136.58735814931441
leaf_weight=33 20 23 20 21 27 21 32 22 22 23
leaf_count=33 20 23 20 21 27 21 32 22 22 23
internal_value=0.185672 -49.9847 50.354 35.8137 54.3895 -13.5209 -38.8256 32.309 62.7505 -97.8274
internal_weight=264 132 132 112 91 76 55 71 44 56
internal_count=264 132 132 112 91 76 55 71 44 56
is_linear=0
shrinkage=0.01


Tree=220
num_leaves=10
num_cat=0
split_feature=8 4 9 1 9 8 9 1 3
split_gain=6.59476e+09 2.2656e+09 1.45245e+09 2.30598e+09 1.34752e+09 1.33308e+09 9.0911e+08 5.62463e+08 1.36528e+08
threshold=0.092500000000000013 3.2521636363636368 2004.5000000000002 -5.9092557247283564 2010.5000000000002 0.11010000000000002 2010.5000000000002 5.1126075236352166 22.278413978494626
decision_type=2 2 2 2 2 2 2 2 2
left_child=1 7 -2 -4 -3 6 -5 -1 -6
right_child=2 4 3 5 8 -7 -8 -9 -10
leaf_value=-65.41671570708786 118.15989498362822 35.040395380276358 -55.41006482063456 78.886201171875001 -26.296081628134086 110.14351022188781 -2.7713382156173907 -135.30510669941805 -64.567166006050854
leaf_weight=33 24 32 22 20 20 29 37 23 24
leaf_count=33 24 32 22 20 20 29 37 23 24
internal_value=0.187637 -49.512 49.8852 33.3022 -13.3932 56.557 27.1683 -96.9019 -48.6118
internal_weight=264 132 132 108 76 86 57 56 44
internal_count=264 132 132 108 76 86 57 56 44
is_linear=0
shrinkage=0.01


Tree=221
num_leaves=10
num_cat=0
split_feature=8 4 9 1 9 8 7 1 0
split_gain=6.47099e+09 2.22274e+09 1.4253e+09 2.26283e+09 1.32216e+09 1.30764e+09 8.99842e+08 5.52202e+08 1.33943e+08
threshold=0.092500000000000013 3.2521636363636368 2004.5000000000002 -5.9092557247283564 2010.5000000000002 0.11010000000000002 20.500000000000004 5.1126075236352166 1.5000000000000002
decision_type=2 2 2 2 2 2 2 2 2
left_child=1 7 -2 -4 -3 6 -5 -1 -6
right_child=2 4 3 5 8 -7 -8 -9 -10
leaf_value=-64.790991706295287 117.04780173731785 34.705682919630362 -54.89133293638838 -16.10366073330966 -26.051466319949128 109.09624621782146 62.075558959960937 -134.03489686304209 -63.95947586358762
leaf_weight=33 24 32 22 26 20 29 31 23 24
leaf_count=33 24 32 22 26 20 29 31 23 24
internal_value=0.185334 -49.0457 49.4143 32.9871 -13.2701 56.0233 26.9162 -95.9853 -48.1557
internal_weight=264 132 132 108 76 86 57 56 44
internal_count=264 132 132 108 76 86 57 56 44
is_linear=0
shrinkage=0.01


Tree=222
num_leaves=11
num_cat=0
split_feature=5 8 1 4 3 6 1 1 3 4
split_gain=6.35193e+09 5.38448e+09 1.64726e+09 1.30382e+09 9.75675e+08 1.72053e+09 8.64065e+08 7.66895e+08 5.7801e+08 1.66493e+08
threshold=3.5000000000000004 0.095900000000000027 -5.2742034053747266 2.8237846889952158 6.4904172043010764 1.5000000000000002 2.1445501945688066 2.3771503766775619 24.720790322580648 1.9697268170426068
decision_type=2 2 2 2 2 2 2 2 2 2
left_child=1 4 -3 -4 9 6 -6 -5 -7 -1
right_child=-2 2 3 7 5 8 -8 -9 -10 -11
leaf_value=-39.107102334665697 -160.60453106011283 1.9666967452199837 150.91066876105543 97.366397929798481 -3.0474934162077361 -79.074144683302492 79.383777709960938 19.37929800357459 -9.1942306857638894 -84.103370309383322
leaf_weight=20 21 27 25 26 29 27 21 25 21 22
leaf_count=20 21 27 25 26 29 27 21 25 21 22
internal_value=0.181394 14.9766 69.343 92.7778 -25.3326 -7.71163 32.8772 60.7836 -49.7069 -64.7642
internal_weight=264 243 103 76 140 98 50 51 48 42
internal_count=264 243 103 76 140 98 50 51 48 42
is_linear=0
shrinkage=0.01


Tree=223
num_leaves=9
num_cat=0
split_feature=8 7 4 4 1 7 7 1
split_gain=6.25308e+09 2.16134e+09 1.53088e+09 1.23703e+09 1.13215e+09 5.87335e+08 5.51567e+08 8.31217e+08
threshold=0.092500000000000013 18.500000000000004 3.2521636363636368 7.1778717741935489 -5.2742034053747266 21.500000000000004 21.500000000000004 3.884174011343378
decision_type=2 2 2 2 2 2 2 2
left_child=1 -1 -3 4 -2 -4 7 -6
right_child=3 2 5 -5 6 -7 -8 -9
leaf_value=-112.71187067057292 6.2733003101014253 -69.703787314332558 -14.055414461263021 -15.577199407839307 96.01354444854114 50.659358317057297 111.49842318600172 11.454398554587852
leaf_weight=36 27 39 36 24 23 21 35 23
leaf_count=36 27 39 36 24 23 21 35 23
internal_value=0.178104 -48.2169 -22.6692 48.5711 62.8445 10.4743 81.2446 55.431
internal_weight=264 132 96 132 108 57 81 46
internal_count=264 132 96 132 108 57 81 46
is_linear=0
shrinkage=0.01


Tree=224
num_leaves=10
num_cat=0
split_feature=8 3 9 1 8 9 9 3 9
split_gain=6.13376e+09 2.13843e+09 1.39717e+09 2.17789e+09 1.26379e+09 8.91713e+08 7.34609e+08 1.12418e+09 2.63339e+08
threshold=0.092500000000000013 5.7696774193548395 2004.5000000000002 -5.9092557247283564 0.11010000000000002 2010.5000000000002 2017.5000000000002 24.595483870967744 2008.5000000000002
decision_type=2 2 2 2 2 2 2 2 2
left_child=1 8 -2 -4 5 -5 7 -3 -1
right_child=2 6 3 4 -6 -7 -8 -9 -10
leaf_value=-128.34260611600655 115.05312504787071 -30.630091653171977 -54.337005946382561 77.09358773164972 106.6297774918353 -3.7429922842050529 -65.486972542696222 55.596868697185911 -72.604541635366587
leaf_weight=20 24 38 22 20 29 37 20 23 31
leaf_count=20 24 38 22 20 29 37 20 23 31
internal_value=0.17993 -47.7511 48.109 31.8601 54.4642 25.87 -15.221 2.43559 -97.5052
internal_weight=264 132 132 108 86 57 81 61 51
internal_count=264 132 132 108 86 57 81 61 51
is_linear=0
shrinkage=0.01


Tree=225
num_leaves=11
num_cat=0
split_feature=5 8 9 3 4 9 4 3 9 3
split_gain=6.14653e+09 5.10295e+09 2.70087e+09 1.87478e+09 2.20369e+09 2.14862e+09 1.29963e+09 7.84364e+08 5.30297e+08 3.12062e+08
threshold=3.5000000000000004 0.095900000000000027 2019.5000000000002 13.021569892473119 11.618397619047622 2008.5000000000002 1.9697268170426068 17.528806451612905 2012.5000000000002 13.651600000000002
decision_type=2 2 2 2 2 2 2 2 2 2
left_child=1 2 3 5 8 -1 -3 9 -5 -8
right_child=-2 6 -4 4 -6 -7 7 -9 -10 -11
leaf_value=-108.90685921652276 -157.9868146701389 130.51356502757352 -127.73610374273257 110.26158844703852 -46.446945904670876 10.908829833984376 45.784773457845048 82.654518697987427 34.804511321311779 -5.2691410395784208
leaf_weight=27 21 24 20 20 22 31 21 33 20 25
leaf_count=27 21 24 20 20 22 31 21 33 20 25
internal_value=0.178086 14.7321 -24.5103 -5.94132 31.9278 -46.2067 67.6575 46.4858 75.155 18.7477
internal_weight=264 243 140 120 62 58 103 79 40 46
internal_count=264 243 140 120 62 58 103 79 40 46
is_linear=0
shrinkage=0.01


Tree=226
num_leaves=10
num_cat=0
split_feature=5 8 9 3 9 1 6 3 1
split_gain=6.03218e+09 5.00687e+09 2.65104e+09 1.83976e+09 2.10807e+09 1.55284e+09 1.16363e+09 6.14027e+08 1.32248e+09
threshold=3.5000000000000004 0.095900000000000027 2019.5000000000002 13.021569892473119 2008.5000000000002 -5.2742034053747266 1.5000000000000002 14.851661290322584 2.3771503766775619
decision_type=2 2 2 2 2 2 2 2 2
left_child=1 2 3 4 -1 -3 -5 -7 -9
right_child=-2 5 -4 6 -6 7 -8 8 -10
leaf_value=-107.87510796262507 -156.51226974826389 1.6170630311129386 -126.54786393986193 85.643140246332919 10.804776930588941 120.92664940820981 -2.2129368760850698 114.97801676905432 3.1710627170138892
leaf_weight=27 21 27 20 23 31 35 39 20 21
leaf_count=27 21 27 20 23 31 35 39 20 21
internal_value=0.17453 14.5925 -24.2787 -5.88183 -45.7693 67.0174 31.6319 89.7706 59.8444
internal_weight=264 243 140 120 58 103 62 76 41
internal_count=264 243 140 120 58 103 62 76 41
is_linear=0
shrinkage=0.01


Tree=227
num_leaves=9
num_cat=0
split_feature=5 10 2 3 6 1 3 4
split_gain=5.91986e+09 2.98186e+09 2.34991e+09 2.20789e+09 2.28277e+09 1.37485e+09 1.13293e+09 8.772e+08
threshold=3.5000000000000004 10.500000000000002 9.878218009690487 12.39062043010753 1.5000000000000002 2.6988814855650416 18.339725806451618 2.2550735930735937
decision_type=2 2 2 2 2 2 2 2
left_child=1 2 3 7 6 -6 -5 -1
right_child=-2 -3 -4 4 5 -7 -8 -9
leaf_value=-14.766413833942821 -155.05149034288195 95.233532459209499 98.38717422130496 8.7269724151234573 -0.13303668058371243 -100.20197393373003 86.620465071168653 -97.211449375437269
leaf_weight=22 21 37 20 39 38 20 35 32
leaf_count=22 21 37 20 39 38 20 35 32
internal_value=0.169621 14.4528 -0.639894 -11.9899 10.1534 -36.2959 46.5576 -64.9298
internal_weight=264 243 206 186 132 58 74 54
internal_count=264 243 206 186 132 58 74 54
is_linear=0
shrinkage=0.01


Tree=228
num_leaves=11
num_cat=0
split_feature=5 8 9 1 9 2 9 9 8 2
split_gain=5.80953e+09 4.84737e+09 2.60311e+09 1.51726e+09 1.48427e+09 2.35697e+09 1.78117e+09 2.18524e+09 5.50095e+08 2.19752e+08
threshold=3.5000000000000004 0.095900000000000027 2019.5000000000002 -5.2742034053747266 2008.5000000000002 0.95722278016724405 2012.5000000000002 2015.5000000000002 0.10750000000000001 2.7082831557539326
decision_type=2 2 2 2 2 2 2 2 2 2
left_child=1 2 4 -3 5 -1 -6 -8 -5 -10
right_child=-2 3 -4 8 6 -7 7 -9 9 -11
leaf_value=35.171069769965278 -153.60434136284724 1.268074049029434 -125.27365867437318 48.085915463096221 91.397179218367043 -98.814385391235362 -87.148738076853206 49.801483130361525 78.467079312306538 133.33934855143229
leaf_weight=21 21 27 20 27 24 31 20 24 25 24
leaf_count=21 21 27 20 27 24 31 20 24 25 24
internal_value=0.163495 14.3129 -23.9337 65.8962 -5.7056 -45.2357 24.847 -13.2692 88.3871 108.506
internal_weight=264 243 140 103 120 52 68 44 76 49
internal_count=264 243 140 103 120 52 68 44 76 49
is_linear=0
shrinkage=0.01


Tree=229
num_leaves=10
num_cat=0
split_feature=7 8 3 9 1 4 9 3 2
split_gain=5.6606e+09 4.26465e+09 1.56497e+09 1.73385e+09 1.49631e+09 1.20722e+09 9.40905e+08 5.21339e+08 3.19375e+08
threshold=17.500000000000004 0.095900000000000027 6.4904172043010764 2010.5000000000002 -5.2742034053747266 2.8237846889952158 2011.5000000000002 20.388666666666669 5.1320769245231217
decision_type=2 2 2 2 2 2 2 2 2
left_child=-1 2 8 -4 -3 -6 -7 -5 -2
right_child=1 4 3 7 5 6 -8 -9 -10
leaf_value=-113.74774407552084 -98.212980105377909 1.2560624560975193 56.638707347504081 0.58191894531249999 142.11588029341266 14.55976642006322 100.22344606885723 -64.449270146207994 -38.605601996527774
leaf_weight=36 20 27 35 23 26 27 24 25 21
leaf_count=36 20 27 35 23 26 27 24 25 21
internal_value=0.160318 18.7717 -20.7693 4.42206 65.5419 87.6288 56.584 -34.2149 -70.1227
internal_weight=264 228 124 83 104 77 51 48 41
internal_count=264 228 124 83 104 77 51 48 41
is_linear=0
shrinkage=0.01


Tree=230
num_leaves=10
num_cat=0
split_feature=5 9 10 4 4 9 3 2 2
split_gain=5.63113e+09 3.30713e+09 3.61106e+09 3.52359e+09 1.81146e+09 2.23242e+09 1.81239e+09 1.03928e+09 7.31075e+08
threshold=3.5000000000000004 2020.5000000000002 3.5000000000000004 2.8237846889952158 12.120633333333336 2015.5000000000002 21.628016666666671 5.3205930857602954 -1.887008912865501
decision_type=2 2 2 2 2 2 2 2 2
left_child=1 2 7 -4 5 6 8 -1 -5
right_child=-2 -3 3 4 -6 -7 -8 -9 -10
leaf_value=-92.90927755103921 -151.22967692057293 -98.867756240520066 135.98017713090064 25.022339410614549 -61.022675071538877 111.2910672529917 84.86065400965073 0.068509515194182705 -41.21878044976129
leaf_weight=25 21 22 34 27 20 30 24 22 39
leaf_count=25 21 22 34 27 20 30 24 22 39
internal_value=0.158735 14.0893 25.9246 46.8872 24.0382 38.7934 13.1992 -50.7315 -14.1661
internal_weight=264 243 221 174 140 120 90 47 66
internal_count=264 243 221 174 140 120 90 47 66
is_linear=0
shrinkage=0.01


Tree=231
num_leaves=10
num_cat=0
split_feature=5 8 1 4 2 3 2 4 3
split_gain=5.52613e+09 4.59692e+09 1.45496e+09 1.17915e+09 1.00806e+09 8.30073e+08 9.66084e+08 1.92752e+09 7.27176e+08
threshold=3.5000000000000004 0.095900000000000027 -5.2742034053747266 2.8237846889952158 8.024548497882801 24.720790322580648 -2.0678849015090202 2.7644000000000006 17.528806451612905
decision_type=2 2 2 2 2 2 2 2 2
left_child=1 4 -3 -4 5 6 -1 -8 -5
right_child=-2 2 3 8 -6 -7 7 -9 -10
leaf_value=-8.2415047744965886 -149.81820030381945 0.91627017640230946 141.41703363382592 14.335432006237554 30.38062801227235 13.858034714033019 -3.3781205846908247 -124.09384420736514 90.108782166598147
leaf_weight=34 21 27 25 24 27 25 22 32 27
leaf_count=34 21 27 25 24 27 25 22 32 27
internal_value=0.152174 13.9522 64.1852 86.2094 -23.2934 -36.3483 -50.6047 -76.334 55.8793
internal_weight=264 243 103 76 140 113 88 54 51
internal_count=264 243 103 76 140 113 88 54 51
is_linear=0
shrinkage=0.01


Tree=232
num_leaves=10
num_cat=0
split_feature=8 7 2 9 1 9 4 8 2
split_gain=5.39273e+09 1.98218e+09 1.6174e+09 2.21015e+09 1.56378e+09 1.34037e+09 1.82153e+09 8.81316e+08 1.08264e+09
threshold=0.084000000000000019 21.500000000000004 8.6695680917824554 2018.5000000000002 4.4382992178442668 2016.5000000000002 4.8691562500000005 0.10750000000000001 -1.887008912865501
decision_type=2 2 2 2 2 2 2 2 2
left_child=1 5 3 4 7 6 -1 8 -2
right_child=2 -3 -4 -5 -6 -7 -8 -9 -10
leaf_value=-98.788917532907405 73.868585033751373 20.646426852042215 114.85294147734948 -64.294331885804525 -33.184904785156249 -143.89686946614583 8.6548135634600101 96.546907040559802 -16.442656758626303
leaf_weight=34 27 27 22 22 21 21 28 38 24
leaf_count=34 27 27 22 22 21 21 28 38 24
internal_value=0.150963 -52.9232 38.206 24.2844 42.6269 -76.7973 -51.2076 60.7687 32.1135
internal_weight=264 110 154 132 110 83 62 89 51
internal_count=264 110 154 132 110 83 62 89 51
is_linear=0
shrinkage=0.01


Tree=233
num_leaves=11
num_cat=0
split_feature=5 8 9 3 4 9 4 3 9 3
split_gain=5.37782e+09 4.44324e+09 2.49565e+09 1.72531e+09 2.0591e+09 2.03618e+09 1.17572e+09 7.41223e+08 5.18223e+08 2.84082e+08
threshold=3.5000000000000004 0.095900000000000027 2019.5000000000002 13.021569892473119 11.618397619047622 2008.5000000000002 1.9697268170426068 17.528806451612905 2012.5000000000002 13.651600000000002
decision_type=2 2 2 2 2 2 2 2 2 2
left_child=1 2 3 5 8 -1 -3 9 -5 -8
right_child=-2 6 -4 4 -6 -7 7 -9 -10 -11
leaf_value=-104.69522650467721 -147.79719997829861 122.89249529221479 -122.08172329924828 107.7469008050963 -44.475569912524932 11.894703106219952 41.976504631890194 78.17832644697549 33.315455066769623 -6.6629324283239981
leaf_weight=27 21 24 20 20 22 31 21 33 20 25
leaf_count=27 21 24 20 20 22 31 21 33 20 25
internal_value=0.147078 13.7607 -22.8574 -5.01688 31.3018 -43.6509 63.1466 43.0442 73.0807 16.1662
internal_weight=264 243 140 120 62 58 103 79 40 46
internal_count=264 243 140 120 62 58 103 79 40 46
is_linear=0
shrinkage=0.01


Tree=234
num_leaves=10
num_cat=0
split_feature=5 8 9 4 1 2 2 4 9
split_gain=5.27778e+09 4.35957e+09 2.4496e+09 1.44987e+09 1.41407e+09 1.273e+09 1.85022e+09 1.13589e+09 9.12877e+08
threshold=3.5000000000000004 0.095900000000000027 2019.5000000000002 3.2521636363636368 -5.2742034053747266 6.8229381368835833 -0.6435396315552121 2.8237846889952158 2011.5000000000002
decision_type=2 2 2 2 2 2 2 2 2
left_child=1 2 3 -1 -3 6 -5 -6 -9
right_child=-2 4 -4 5 7 -7 -8 8 -10
leaf_value=-54.830051485858384 -146.41775618489584 0.21409455684193393 -120.94607970348625 46.081258509539175 138.43427969158822 85.023417855196229 -60.833730468749998 13.190979614257813 97.482315673828126
leaf_weight=38 21 27 20 33 25 20 29 27 24
leaf_count=38 21 27 20 33 25 20 29 27 24
internal_value=0.143928 13.6304 -22.6413 -4.96625 62.5491 18.7111 -4.18292 84.2616 54.5096
internal_weight=264 243 140 120 103 82 62 76 51
internal_count=264 243 140 120 103 82 62 76 51
is_linear=0
shrinkage=0.01


Tree=235
num_leaves=11
num_cat=0
split_feature=5 8 9 9 2 9 9 1 4 9
split_gain=5.1797e+09 4.27758e+09 2.40447e+09 1.42504e+09 2.24146e+09 1.72185e+09 2.10868e+09 1.38753e+09 1.11454e+09 8.95793e+08
threshold=3.5000000000000004 0.095900000000000027 2019.5000000000002 2008.5000000000002 0.95722278016724405 2012.5000000000002 2015.5000000000002 -5.2742034053747266 2.8237846889952158 2011.5000000000002
decision_type=2 2 2 2 2 2 2 2 2 2
left_child=1 2 3 4 -1 -5 -7 -3 -9 -10
right_child=-2 7 -4 5 -6 6 -8 8 9 -11
leaf_value=34.734536770290795 -145.05119194878472 0.21206829137969435 -119.82099758769191 90.441174077052693 -95.909653756948615 -85.068251498909888 49.45493819891238 137.12829570266436 13.066012937311541 96.564833673215389
leaf_weight=21 21 27 20 24 31 20 24 25 27 24
leaf_count=21 21 27 20 24 31 20 24 25 27 24
internal_value=0.142342 13.5029 -22.4261 -4.91468 -43.6547 25.0127 -12.4804 61.9594 83.4672 53.9961
internal_weight=264 243 140 120 52 68 44 103 76 51
internal_count=264 243 140 120 52 68 44 103 76 51
is_linear=0
shrinkage=0.01


Tree=236
num_leaves=10
num_cat=0
split_feature=5 8 1 4 2 1 2 4 10
split_gain=5.08336e+09 4.19736e+09 1.3615e+09 1.09359e+09 9.60764e+08 7.09542e+08 5.42534e+08 8.36321e+08 7.97242e+08
threshold=3.5000000000000004 0.095900000000000027 -5.2742034053747266 2.8237846889952158 8.024548497882801 2.3771503766775619 -0.6435396315552121 2.9303069230769236 7.5000000000000009
decision_type=2 2 2 2 2 2 2 2 2
left_child=1 4 -3 -4 6 -5 8 -8 -1
right_child=-2 2 3 5 -6 -7 7 -9 -10
leaf_value=-42.979721304086546 -143.6973798828125 0.21005821629574425 135.83463257987543 88.616492631392049 30.16949541058457 14.00481938200177 -5.4107820161860039 -82.735067432258717 33.563605281748671
leaf_weight=31 21 27 25 26 27 25 22 38 22
leaf_count=31 21 27 25 26 27 25 22 38 22
internal_value=0.13955 13.3753 61.3753 82.6802 -22.2152 53.4875 -34.9633 -55.2065 -11.1575
internal_weight=264 243 103 76 140 51 113 60 53
internal_count=264 243 103 76 140 51 113 60 53
is_linear=0
shrinkage=0.01


Tree=237
num_leaves=11
num_cat=0
split_feature=3 8 9 3 3 4 7 5 3 1
split_gain=5.02762e+09 4.10942e+09 2.97944e+09 1.42172e+09 1.02284e+09 1.50623e+09 1.82464e+09 8.37299e+08 6.35093e+08 5.26975e+08
threshold=0.96330817972350247 0.10230000000000002 2019.5000000000002 7.3632333333333344 12.288696774193548 11.618397619047622 21.500000000000004 3.5000000000000004 20.056716666666674 -1.3210722473926515
decision_type=2 2 2 2 2 2 2 2 2 2
left_child=7 2 4 -3 -2 6 8 -1 -6 -5
right_child=1 3 -4 9 5 -7 -8 -9 -10 -11
leaf_value=-47.894176990597742 -34.803584444022469 148.00316543933957 -117.94322554524739 9.1200744832356779 129.27453739609831 -43.583823164270278 -16.70975627395342 -142.35620496961806 45.533803242528165 72.726030741652394
leaf_weight=20 39 20 21 21 20 22 25 21 20 35
leaf_count=20 39 20 21 21 20 22 25 21 20 35
internal_value=0.139712 19.0194 -11.9322 77.9586 6.91597 25.8909 49.8582 -99.5941 90.5636 49.7341
internal_weight=264 223 147 76 126 87 65 41 40 56
internal_count=264 223 147 76 126 87 65 41 40 56
is_linear=0
shrinkage=0.01


Tree=238
num_leaves=11
num_cat=0
split_feature=3 8 9 3 3 4 7 5 3 1
split_gain=4.93428e+09 4.03202e+09 2.92431e+09 1.39582e+09 1.00356e+09 1.47828e+09 1.79078e+09 8.2171e+08 6.23332e+08 5.16874e+08
threshold=0.96330817972350247 0.10230000000000002 2019.5000000000002 7.3632333333333344 12.288696774193548 11.618397619047622 21.500000000000004 3.5000000000000004 20.056716666666674 -1.3210722473926515
decision_type=2 2 2 2 2 2 2 2 2 2
left_child=7 2 4 -3 -2 6 8 -1 -6 -5
right_child=1 3 -4 9 5 -7 -8 -9 -10 -11
leaf_value=-47.448649135855739 -34.468437771267361 146.62639296420784 -116.84242405870225 9.0349554477267802 128.07198283350743 -43.175802910987372 -16.552118035082547 -141.02754720052084 45.110234190475111 72.028657761665244
leaf_weight=20 39 20 21 21 20 22 25 21 20 35
leaf_count=20 39 20 21 21 20 22 25 21 20 35
internal_value=0.138392 18.842 -11.8167 77.2235 6.85618 25.6514 49.3953 -98.6653 89.7211 49.2581
internal_weight=264 223 147 76 126 87 65 41 40 56
internal_count=264 223 147 76 126 87 65 41 40 56
is_linear=0
shrinkage=0.01


Tree=239
num_leaves=10
num_cat=0
split_feature=3 10 2 3 6 3 1 5 3
split_gain=4.84268e+09 2.94384e+09 1.78657e+09 1.61079e+09 1.70204e+09 1.1529e+09 8.30401e+08 8.06411e+08 2.41176e+07
threshold=0.96330817972350247 10.500000000000002 8.8656642370993151 12.39062043010753 1.5000000000000002 18.339725806451618 1.7554440044262545 3.5000000000000004 6.3330295698924743
decision_type=2 2 2 2 2 2 2 2 2
left_child=7 2 3 8 5 -5 -6 -1 -2
right_child=1 -3 -4 4 6 -7 -8 -9 -10
leaf_value=-47.007264688181323 -45.842906130526927 105.13454641769182 85.190772977788399 1.9442100748697917 1.9503839730525363 81.784191493204204 -74.812354823521204 -139.71129047309029 -72.024765454669335
leaf_weight=20 22 32 22 36 33 35 23 21 20
leaf_count=20 22 32 22 36 33 35 23 21 20
internal_value=0.137084 18.6663 3.47303 -7.82061 10.0578 42.1799 -30.7062 -97.7452 -60.3644
internal_weight=264 223 191 169 127 71 56 41 42
internal_count=264 223 191 169 127 71 56 41 42
is_linear=0
shrinkage=0.01


Tree=240
num_leaves=11
num_cat=0
split_feature=3 9 10 3 4 3 2 2 5 1
split_gain=4.7522e+09 3.56465e+09 3.33435e+09 1.67074e+09 1.78168e+09 1.3683e+09 1.64118e+09 2.53635e+09 7.91396e+08 2.15368e+08
threshold=0.96330817972350247 2020.5000000000002 10.500000000000002 6.4904172043010764 12.120633333333336 21.584500000000002 6.8229381368835833 -2.0678849015090202 3.5000000000000004 2.1445501945688066
decision_type=2 2 2 2 2 2 2 2 2 2
left_child=8 2 3 -2 5 6 7 -5 -1 -9
right_child=1 -3 -4 4 -6 -7 -8 9 -10 -11
leaf_value=-46.569990326637445 -57.606185213955968 -104.20953133516534 127.73921950043224 63.816155582257174 -57.553426116233652 94.070016745983722 97.605168485419696 -72.966850605416809 -138.40731917317709 -25.355773528343025
leaf_weight=20 26 20 29 32 20 34 20 22 21 20
leaf_count=20 26 20 29 32 20 34 20 22 21 20
internal_value=0.129871 18.4852 31.2491 14.213 27.2813 41.0499 20.696 -1.61628 -96.8336 -51.9513
internal_weight=264 223 203 174 148 128 94 74 41 42
internal_count=264 223 203 174 148 128 94 74 41 42
is_linear=0
shrinkage=0.01


Tree=241
num_leaves=10
num_cat=0
split_feature=7 8 3 9 3 3 3 3 2
split_gain=4.66374e+09 3.48894e+09 1.36233e+09 1.60911e+09 8.27647e+08 5.4406e+08 5.52623e+08 5.27099e+08 2.97358e+08
threshold=17.500000000000004 0.095900000000000027 6.4904172043010764 2010.5000000000002 7.3632333333333344 20.676266666666667 14.851661290322584 20.388666666666669 5.1320769245231217
decision_type=2 2 2 2 2 2 2 2 2
left_child=-1 2 8 -4 -3 6 -6 -5 -2
right_child=1 4 3 7 5 -7 -8 -9 -10
leaf_value=-103.27091824544272 -91.777678818813584 107.23877118474788 55.039589281474072 2.3873544622927296 57.047833607066764 83.610149197048614 -4.3392375910832337 -62.889945344744994 -34.697901312934029
leaf_weight=36 20 26 35 23 26 21 31 25 21
leaf_count=36 20 26 35 23 26 21 31 25 21
internal_value=0.121823 17.0153 -18.7496 4.74381 59.3184 41.6229 24.4065 -32.4865 -64.7984
internal_weight=264 228 124 83 104 78 57 48 41
internal_count=264 228 124 83 104 78 57 48 41
is_linear=0
shrinkage=0.01


Tree=242
num_leaves=9
num_cat=0
split_feature=7 8 1 9 4 4 9 1
split_gain=4.57467e+09 3.42398e+09 1.29632e+09 1.23333e+09 2.20027e+09 1.04065e+09 8.83943e+08 8.42465e+08
threshold=17.500000000000004 0.095900000000000027 -5.2742034053747266 2018.5000000000002 3.2521636363636368 2.8237846889952158 2012.5000000000002 1.5101972821885525
decision_type=2 2 2 2 2 2 2 2
left_child=-1 3 -3 4 -2 -4 -7 -6
right_child=1 2 5 -5 7 6 -8 -9
leaf_value=-102.27951909179689 -65.85757016464018 -0.95691601669579229 129.83410081898083 -79.171497249963153 -3.0222360057562168 12.928821100954149 96.240959018139137 68.054407404972949
leaf_weight=36 34 27 26 25 34 29 22 31
leaf_count=36 34 27 26 25 34 29 22 31
internal_value=0.121076 16.8525 58.7599 -18.5778 -2.32303 79.3178 50.5905 31.6461
internal_weight=264 228 104 124 99 77 51 65
internal_count=264 228 104 124 99 77 51 65
is_linear=0
shrinkage=0.01


Tree=243
num_leaves=10
num_cat=0
split_feature=3 8 3 2 2 10 5 2 1
split_gain=4.55406e+09 3.72554e+09 1.30088e+09 1.02558e+09 1.24516e+09 8.44604e+08 7.55147e+08 5.38096e+08 4.85528e+08
threshold=0.96330817972350247 0.10230000000000002 7.3632333333333344 8.024548497882801 -0.6435396315552121 7.5000000000000009 3.5000000000000004 3.1597412862324097 1.1885499062299301
decision_type=2 2 2 2 2 2 2 2 2
left_child=6 3 -3 4 5 -2 -1 -4 -6
right_child=1 2 7 -5 8 -7 -8 -9 -10
leaf_value=-45.676738721270894 -32.424394445904234 141.1995421511628 22.47578615315755 45.235956524543042 -93.231726888020845 39.562933165667808 -135.41506331380208 87.10052121184593 -32.362033073328718
leaf_weight=20 28 20 36 25 21 35 21 20 38
leaf_count=20 28 20 36 25 21 35 21 20 38
internal_value=0.123016 18.0916 74.2105 -11.3787 -23.3886 7.55841 -94.7976 47.2263 -55.8021
internal_weight=264 223 76 147 122 63 41 56 59
internal_count=264 223 76 147 122 63 41 56 59
is_linear=0
shrinkage=0.01


Tree=244
num_leaves=11
num_cat=0
split_feature=3 8 9 3 3 4 7 3 2 7
split_gain=4.46949e+09 3.65623e+09 2.79155e+09 1.27692e+09 9.24617e+08 1.3722e+09 1.75944e+09 6.12012e+08 5.28255e+08 3.93087e+08
threshold=0.96330817972350247 0.10230000000000002 2019.5000000000002 7.3632333333333344 12.288696774193548 11.618397619047622 21.500000000000004 20.056716666666674 3.1597412862324097 17.500000000000004
decision_type=2 2 2 2 2 2 2 2 2 2
left_child=9 2 4 -3 -2 6 7 -6 -5 -1
right_child=1 3 -4 8 5 -7 -8 -9 -10 -11
leaf_value=-124.34548562282986 -32.7033932080681 139.88605928642804 -113.88737049696181 22.260017154947917 125.81843711320744 -41.315867945894283 -17.437487654775943 43.765038253429324 86.290281471429864 -55.513621670035427
leaf_weight=21 39 20 21 36 20 22 25 20 20 20
leaf_count=21 39 20 21 36 20 22 25 20 20 20
internal_value=0.121585 17.9226 -11.2723 73.5169 6.96879 25.0059 47.879 87.8567 46.7826 -93.9136
internal_weight=264 223 147 76 126 87 65 40 56 41
internal_count=264 223 147 76 126 87 65 40 56 41
is_linear=0
shrinkage=0.01


Tree=245
num_leaves=10
num_cat=0
split_feature=3 8 3 2 2 10 2 1 7
split_gain=4.3867e+09 3.58788e+09 1.25341e+09 1.00559e+09 1.2163e+09 8.19814e+08 5.18593e+08 4.7175e+08 3.85756e+08
threshold=0.96330817972350247 0.10230000000000002 7.3632333333333344 8.024548497882801 -0.6435396315552121 7.5000000000000009 3.1597412862324097 1.1885499062299301 17.500000000000004
decision_type=2 2 2 2 2 2 2 2 2
left_child=8 3 -3 4 5 -2 -4 -6 -1
right_child=1 2 6 -5 7 -7 -8 -9 -10
leaf_value=-123.18492702907987 -31.865170431622005 138.58479372956032 22.046321964518228 44.895056566922165 -91.990076171875003 39.058575991277827 85.487583887854285 -31.982020568847656 -54.997215079374094
leaf_weight=21 28 20 36 25 21 35 20 38 20
leaf_count=21 28 20 36 25 21 35 20 38 20
internal_value=0.122223 17.7576 72.8298 -11.1632 -23.0564 7.52877 46.3431 -55.0922 -93.0379
internal_weight=264 223 76 147 122 63 56 59 41
internal_count=264 223 76 147 122 63 56 59 41
is_linear=0
shrinkage=0.01


Tree=246
num_leaves=11
num_cat=0
split_feature=3 9 2 4 3 4 3 2 5 9
split_gain=4.30525e+09 3.42433e+09 2.37375e+09 2.26798e+09 1.87703e+09 1.76153e+09 2.31014e+09 1.45424e+09 7.25711e+08 5.29763e+08
threshold=0.96330817972350247 2020.5000000000002 9.878218009690487 2.2550735930735937 7.5765483870967758 11.618397619047622 21.584500000000002 -1.887008912865501 3.5000000000000004 2008.5000000000002
decision_type=2 2 2 2 2 2 2 2 2 2
left_child=8 2 3 -2 -5 6 7 -6 -1 -9
right_child=1 -3 -4 4 5 -7 -8 9 -10 -11
leaf_value=-44.096371523834939 97.049419105404709 -102.65543309411338 129.60834926871365 -79.804308926196811 53.505927960382749 -58.018570568608304 110.03008168365996 -67.238889940838476 -131.96269780815973 0.43325388782429242
leaf_weight=20 29 20 20 22 35 24 28 20 21 25
leaf_count=20 29 20 20 22 35 24 28 20 21 25
internal_value=0.120777 17.5916 30.1047 18.2647 2.63546 17.1178 34.3809 6.36578 -92.1704 -30.8418
internal_weight=264 223 203 183 154 132 108 80 41 45
internal_count=264 223 203 183 154 132 108 80 41 45
is_linear=0
shrinkage=0.01


Tree=247
num_leaves=11
num_cat=0
split_feature=3 9 10 3 4 3 2 2 7 9
split_gain=4.22483e+09 3.36054e+09 3.00164e+09 1.54226e+09 1.61958e+09 1.32732e+09 1.56627e+09 2.44813e+09 3.71067e+08 2.05476e+08
threshold=0.96330817972350247 2020.5000000000002 10.500000000000002 6.4904172043010764 12.120633333333336 21.584500000000002 6.8229381368835833 -2.0678849015090202 17.500000000000004 2009.5000000000002
decision_type=2 2 2 2 2 2 2 2 2 2
left_child=8 2 3 -2 5 6 7 -5 -1 -9
right_child=1 -3 -4 4 -6 -7 -8 9 -10 -11
leaf_value=-120.88165250651042 -55.350551624644886 -101.70049674100653 121.3679079749936 61.831633193741986 -54.681478058571038 91.541075353488125 94.443820474314151 -74.547478926459021 -53.993679106956307 -27.8773666576629
leaf_weight=21 26 20 29 32 20 34 20 20 20 22
leaf_count=21 26 20 29 32 20 34 20 20 20 22
internal_value=0.114307 17.4212 29.8173 13.6519 26.2078 39.3338 19.3089 -2.47059 -91.3109 -51.9057
internal_weight=264 223 203 174 148 128 94 74 41 42
internal_count=264 223 203 174 148 128 94 74 41 42
is_linear=0
shrinkage=0.01


Tree=248
num_leaves=11
num_cat=0
split_feature=8 7 9 4 9 3 2 9 2 9
split_gain=4.17338e+09 2.37265e+09 2.13806e+09 1.70335e+09 2.362e+09 1.19423e+09 8.11997e+08 1.34208e+09 7.62596e+08 1.18429e+09
threshold=0.076600000000000015 21.500000000000004 2019.5000000000002 2.8237846889952158 2015.5000000000002 21.628016666666671 -1.887008912865501 2008.5000000000002 6.109084109600583 2012.5000000000002
decision_type=2 2 2 2 2 2 2 2 2 2
left_child=1 8 3 -2 5 6 -5 -8 9 -1
right_child=2 -3 -4 4 -6 -7 7 -9 -10 -11
leaf_value=-8.986018415178572 100.79271301269532 27.962958122702208 -57.084802030675554 19.203349922581722 103.90115263227983 59.697172124335104 -103.115459499783 8.8572107785247098 -137.39188749091571 -111.67035411241319
leaf_weight=23 36 24 24 27 26 22 21 20 20 21
leaf_count=23 36 24 24 27 26 22 21 20 20 21
internal_value=0.10639 -55.5712 28.1796 42.0687 22.7899 -1.9613 -22.7677 -50.1096 -86.8196 -60.0604
internal_weight=264 88 176 152 116 90 68 41 64 44
internal_count=264 88 176 152 116 90 68 41 64 44
is_linear=0
shrinkage=0.01


Tree=249
num_leaves=11
num_cat=0
split_feature=3 8 3 2 2 5 3 2 1 4
split_gain=4.12332e+09 3.44556e+09 1.18382e+09 9.63155e+08 1.15525e+09 6.98581e+08 5.77785e+08 5.13685e+08 4.5995e+08 2.93898e+08
threshold=0.96330817972350247 0.10230000000000002 7.3632333333333344 8.024548497882801 -0.6435396315552121 3.5000000000000004 13.365177419354842 3.1597412862324097 1.1885499062299301 6.4716137681159429
decision_type=2 2 2 2 2 2 2 2 2 2
left_child=5 3 -3 4 6 -1 -2 -4 -6 -8
right_child=1 2 7 -5 8 -7 9 -9 -10 -11
leaf_value=-43.075480062795243 -34.291203837076822 135.08418848791788 21.267629669698081 43.724959854989685 -90.419641167534721 -129.25464035373264 54.464390045875724 84.352724978424774 -31.204101570225973 2.3097596903050199
leaf_weight=20 21 20 36 25 21 21 20 20 38 22
leaf_count=20 21 20 36 25 21 21 20 20 38 22
internal_value=0.0997991 17.1976 71.1671 -11.1419 -22.7797 -90.2203 7.03429 45.411 -54.0002 28.1672
internal_weight=264 223 76 147 122 41 63 56 59 42
internal_count=264 223 76 147 122 41 63 56 59 42
is_linear=0
shrinkage=0.01


Tree=250
num_leaves=11
num_cat=0
split_feature=3 9 10 3 4 3 2 2 5 1
split_gain=4.04684e+09 3.25815e+09 2.86181e+09 1.48329e+09 1.57094e+09 1.29445e+09 1.5311e+09 2.36783e+09 6.85574e+08 1.97007e+08
threshold=0.96330817972350247 2020.5000000000002 10.500000000000002 6.4904172043010764 12.120633333333336 21.584500000000002 6.8229381368835833 -2.0678849015090202 3.5000000000000004 2.1445501945688066
decision_type=2 2 2 2 2 2 2 2 2 2
left_child=8 2 3 -2 5 6 7 -5 -1 -9
right_child=1 -3 -4 4 -6 -7 -8 9 -10 -11
leaf_value=-42.674776909406795 -54.212891623757109 -100.25309033770895 118.63804125176101 60.639079901851829 -53.892232225994732 90.254542219135132 93.213769431890455 -71.370923538208004 -128.04826112196181 -25.616114416787791
leaf_weight=20 26 20 29 32 20 34 20 22 21 20
leaf_count=20 26 20 29 32 20 34 20 22 21 20
internal_value=0.0995331 17.038 29.2445 13.4588 25.7718 38.6994 18.927 -2.60336 -89.3789 -51.2178
internal_weight=264 223 203 174 148 128 94 74 41 42
internal_count=264 223 203 174 148 128 94 74 41 42
is_linear=0
shrinkage=0.01


Tree=251
num_leaves=10
num_cat=0
split_feature=8 3 2 9 1 1 9 3 9
split_gain=3.98681e+09 1.42877e+09 1.28579e+09 1.80697e+09 1.28688e+09 2.5423e+09 6.09316e+08 4.51115e+08 3.16962e+08
threshold=0.092500000000000013 5.7696774193548395 7.1928976200398749 2004.5000000000002 4.1776358656738024 -3.1557925320627951 2010.5000000000002 13.651600000000002 2008.5000000000002
decision_type=2 2 2 2 2 2 2 2 2
left_child=1 8 3 -2 5 -5 -3 -8 -1
right_child=2 6 -4 4 -6 -7 7 -9 -10
leaf_value=-110.83161814135174 107.3030939652199 19.020648816252407 109.82232587237692 -39.294939574056599 -60.786423177083336 78.68622390935451 -0.73485156250000006 -62.840689478460348 -54.645646841195912
leaf_weight=20 20 35 20 32 21 39 21 25 31
leaf_count=20 20 35 20 32 21 39 21 25 31
internal_value=0.0921338 -38.5501 38.7334 24.7553 5.37644 25.7986 -11.9704 -35.4068 -79.2166
internal_weight=264 132 132 112 92 71 81 46 51
internal_count=264 132 132 112 92 71 81 46 51
is_linear=0
shrinkage=0.01


Tree=252
num_leaves=10
num_cat=0
split_feature=7 8 1 3 4 6 1 3 4
split_gain=3.94669e+09 2.97541e+09 1.18758e+09 1.16795e+09 9.58688e+08 9.2024e+08 7.66842e+08 6.96583e+08 1.15672e+08
threshold=17.500000000000004 0.095900000000000027 -5.2742034053747266 6.4904172043010764 2.8237846889952158 1.5000000000000002 2.1445501945688066 17.528806451612905 1.9697268170426068
decision_type=2 2 2 2 2 2 2 2 2
left_child=-1 3 -3 8 -4 6 -5 -6 -2
right_child=1 2 4 5 7 -7 -8 -9 -10
leaf_value=-95.022386352539073 -38.003099634924602 -2.3802994283040366 122.80102051890981 -2.7883278418368982 6.746983714384192 -35.691079433275306 74.870970431857643 80.327531435782447 -77.081981879340276
leaf_weight=36 20 27 26 29 24 33 21 27 21
leaf_count=36 20 27 26 29 24 33 21 27 21
internal_value=0.0904035 15.6312 54.6975 -17.3962 74.3749 4.35729 31.0591 46.8837 -60.0334
internal_weight=264 228 104 124 77 83 50 51 41
internal_count=264 228 104 124 77 83 50 51 41
is_linear=0
shrinkage=0.01


Tree=253
num_leaves=10
num_cat=0
split_feature=3 8 3 2 2 10 2 1 7
split_gain=3.88923e+09 3.23702e+09 1.12643e+09 9.15845e+08 1.11401e+09 7.69067e+08 4.98403e+08 4.4649e+08 3.35642e+08
threshold=0.96330817972350247 0.10230000000000002 7.3632333333333344 8.024548497882801 -0.6435396315552121 7.5000000000000009 3.1597412862324097 1.1885499062299301 17.500000000000004
decision_type=2 2 2 2 2 2 2 2 2
left_child=8 3 -3 4 5 -2 -4 -6 -1
right_child=1 2 6 -5 7 -7 -8 -9 -10
leaf_value=-115.7936670735677 -31.00039486383988 131.34161393986193 20.162404725138348 42.728626363502364 -88.64779730902778 37.691843178108947 82.238572912881537 -30.344502957500993 -52.036936723576041
leaf_weight=21 28 20 36 25 21 35 20 38 20
leaf_count=21 28 20 36 25 21 35 20 38 20
internal_value=0.0914067 16.6968 69.0075 -10.7719 -22.1211 7.15086 43.8996 -52.7801 -87.6273
internal_weight=264 223 76 147 122 63 56 59 41
internal_count=264 223 76 147 122 63 56 59 41
is_linear=0
shrinkage=0.01


Tree=254
num_leaves=10
num_cat=0
split_feature=5 9 10 4 9 2 10 2 2
split_gain=3.82777e+09 2.65231e+09 2.5419e+09 2.80397e+09 1.33771e+09 3.3648e+09 2.22932e+09 9.06506e+08 2.85472e+08
threshold=3.5000000000000004 2020.5000000000002 3.5000000000000004 2.8237846889952158 2008.5000000000002 2.2235095660821607 6.5000000000000009 5.3205930857602954 1.6598995946839337
decision_type=2 2 2 2 2 2 2 2 2
left_child=1 2 7 -4 5 -5 -6 -1 -8
right_child=-2 -3 3 4 6 -7 8 -9 -10
leaf_value=-81.540470258604813 -124.72480219184028 -89.568611541098747 119.22469277610242 54.288641598350125 105.78623174663903 -103.98170529234643 -15.132658065574756 4.9790739116262879 29.520319923867984
leaf_weight=25 21 22 34 27 33 24 33 22 23
leaf_count=25 21 22 34 27 33 24 33 22 23
internal_value=0.0902858 11.5758 22.1805 39.7662 19.4098 -21.0342 42.5502 -42.1403 3.49845
internal_weight=264 243 221 174 140 51 89 47 56
internal_count=264 243 221 174 140 51 89 47 56
is_linear=0
shrinkage=0.01


Tree=255
num_leaves=11
num_cat=0
split_feature=3 9 7 9 2 2 9 3 5 4
split_gain=3.75818e+09 3.12537e+09 2.28513e+09 1.27846e+09 3.39333e+09 2.29082e+09 8.9704e+08 7.79983e+08 6.42277e+08 1.55362e+08
threshold=0.96330817972350247 2020.5000000000002 22.500000000000004 2008.5000000000002 0.95722278016724405 2.0761927358724401 2014.5000000000002 21.103550000000002 3.5000000000000004 4.1434594155844158
decision_type=2 2 2 2 2 2 2 2 2 2
left_child=8 2 3 4 -2 7 -7 9 -1 -5
right_child=1 -3 -4 5 -6 6 -8 -9 -10 -11
leaf_value=-40.977445870332943 62.394851099233158 -98.464897148664605 115.06647445966614 -9.5275684409917787 -76.636773130118129 135.96996820494186 46.696759943727585 43.831883665572768 -123.5607040201823 -49.147290720385172
leaf_weight=20 29 20 25 20 40 20 29 20 21 20
leaf_count=20 29 20 25 20 40 20 29 20 21 20
internal_value=0.0836676 16.407 28.3637 15.3265 -18.1188 36.4568 86.0914 -5.18901 -86.1445 -30.3981
internal_weight=264 223 203 178 69 109 49 60 41 40
internal_count=264 223 203 178 69 109 49 60 41 40
is_linear=0
shrinkage=0.01


Tree=256
num_leaves=9
num_cat=0
split_feature=8 7 9 2 2 9 1 1
split_gain=3.71399e+09 1.43199e+09 1.27878e+09 2.46067e+09 1.26091e+09 1.76216e+09 1.24013e+09 2.45164e+09
threshold=0.092500000000000013 18.500000000000004 2008.5000000000002 5.5241386594999673 7.1928976200398749 2004.5000000000002 4.1776358656738024 -3.1557925320627951
decision_type=2 2 2 2 2 2 2 2
left_child=1 -1 -3 -4 5 -2 7 -7
right_child=4 2 3 -5 -6 6 -8 -9
leaf_value=-89.691273311360675 105.0680149805823 -62.305605554199218 -36.607992430095436 92.676768591048884 107.75723375897074 -39.405856409784576 -60.502133884006078 76.438075644410688
leaf_weight=36 20 36 38 22 20 32 21 39
leaf_count=36 20 36 38 22 20 32 21 39
internal_value=0.0831492 -37.2135 -16.4571 11.9005 37.379 23.5533 4.43131 24.4915
internal_weight=264 132 96 60 132 112 92 71
internal_count=264 132 96 60 132 112 92 71
is_linear=0
shrinkage=0.01


Tree=257
num_leaves=11
num_cat=0
split_feature=3 8 9 3 3 4 9 4 9 5
split_gain=3.66345e+09 3.10786e+09 2.52525e+09 1.08188e+09 8.01181e+08 1.17812e+09 7.72538e+08 1.1268e+09 7.04146e+08 6.24548e+08
threshold=0.96330817972350247 0.10230000000000002 2019.5000000000002 7.3632333333333344 12.288696774193548 11.618397619047622 2007.5000000000002 6.4716137681159429 2008.5000000000002 3.5000000000000004
decision_type=2 2 2 2 2 2 2 2 2 2
left_child=9 2 4 -3 -2 6 -6 -8 -5 -1
right_child=1 3 -4 8 5 -7 7 -9 -10 -11
leaf_value=-40.497152461340264 -30.292562399028263 128.54376907703488 -108.30797930230035 -4.7151614166969482 92.463617947048604 -38.033802891995045 -26.203198361864281 72.320968216297246 68.423614866129554 -121.94637019856771
leaf_weight=20 39 20 21 20 21 22 24 20 36 21
leaf_count=20 39 20 21 20 21 22 24 20 36 21
internal_value=0.0875951 16.2038 -10.71 67.4607 6.63912 23.4276 44.6188 19.4881 42.8609 -85.0469
internal_weight=264 223 147 76 126 87 65 44 56 41
internal_count=264 223 147 76 126 87 65 44 56 41
is_linear=0
shrinkage=0.01


Tree=258
num_leaves=11
num_cat=0
split_feature=8 7 9 4 9 3 2 9 2 9
split_gain=3.59738e+09 2.19758e+09 1.94353e+09 1.58646e+09 2.28729e+09 1.19877e+09 7.7609e+08 1.2566e+09 7.52345e+08 1.15871e+09
threshold=0.076600000000000015 21.500000000000004 2019.5000000000002 2.8237846889952158 2015.5000000000002 21.628016666666671 -1.887008912865501 2008.5000000000002 6.109084109600583 2012.5000000000002
decision_type=2 2 2 2 2 2 2 2 2 2
left_child=1 8 3 -2 5 6 -5 -8 9 -1
right_child=2 -3 -4 4 -6 -7 7 -9 -10 -11
leaf_value=-5.1185689373405614 96.056201139322908 28.704176698572496 -55.124853491689649 16.771439527545059 100.63123279918324 58.283795902982675 -102.33152058919272 6.1714302666242737 -131.68372456395349 -106.40515547688801
leaf_weight=23 36 24 24 27 26 22 21 20 20 21
leaf_count=23 36 24 24 27 26 22 21 20 20 21
internal_value=0.0862521 -51.6064 26.1503 39.3966 20.8107 -3.52009 -24.342 -51.0533 -81.6907 -55.3743
internal_weight=264 88 176 152 116 90 68 41 64 44
internal_count=264 88 176 152 116 90 68 41 64 44
is_linear=0
shrinkage=0.01


Tree=259
num_leaves=10
num_cat=0
split_feature=3 8 3 2 2 10 5 2 1
split_gain=3.57614e+09 3.029e+09 1.04478e+09 8.70431e+08 1.0791e+09 7.29542e+08 6.07208e+08 5.14186e+08 4.34642e+08
threshold=0.96330817972350247 0.10230000000000002 7.3632333333333344 8.024548497882801 -0.6435396315552121 7.5000000000000009 3.5000000000000004 3.1597412862324097 1.1885499062299301
decision_type=2 2 2 2 2 2 2 2 2
left_child=6 3 -3 4 5 -2 -1 -4 -6
right_child=1 2 7 -5 8 -7 -8 -9 -10
leaf_value=-40.088456722525663 -29.98792208008847 126.64314702943315 18.422367993164062 41.591429915518127 -87.185171766493056 36.917872849555863 -120.42324281141494 81.313377905557317 -29.685423800311511
leaf_weight=20 28 20 36 25 21 35 21 20 38
leaf_count=20 28 20 36 25 21 35 21 20 38
internal_value=0.0800763 16.0031 66.6055 -10.5671 -21.6307 7.17595 -84.0338 42.4189 -51.8058
internal_weight=264 223 76 147 122 63 41 56 59
internal_count=264 223 76 147 122 63 41 56 59
is_linear=0
shrinkage=0.01


Tree=260
num_leaves=12
num_cat=0
split_feature=3 9 8 4 7 3 2 9 2 5 9
split_gain=3.50973e+09 2.9955e+09 3.03269e+09 1.29222e+09 1.06265e+09 1.10476e+09 7.22406e+08 7.10674e+08 7.42569e+08 5.95903e+08 3.40861e+08
threshold=0.96330817972350247 2020.5000000000002 0.10230000000000002 3.0162740740740746 18.500000000000004 6.4904172043010764 -5.1771449822631253 2008.5000000000002 3.4085333564522262 3.5000000000000004 2010.5000000000002
decision_type=2 2 2 2 2 2 2 2 2 2 2
left_child=9 2 4 -4 -2 -6 -7 -8 -9 -1 -5
right_child=1 -3 3 10 5 6 7 8 -10 -11 -12
leaf_value=-39.715542485436728 -63.190737365298801 -96.603052070085397 134.81948335404829 14.042101128472224 -44.941711091815307 76.313708236369692 -30.819892326803771 -8.4304404751090107 73.902676105905087 -119.29929450141059 70.743182080857295
leaf_weight=20 21 20 26 21 25 22 24 20 22 21 22
leaf_count=20 21 20 26 21 25 22 24 20 22 21 22
internal_value=0.0791349 15.8537 27.5605 80.652 -0.367776 11.9821 28.6359 11.4005 35.7574 -83.2501 44.4589
internal_weight=264 223 203 69 134 113 88 66 42 41 43
internal_count=264 223 203 69 134 113 88 66 42 41 43
is_linear=0
shrinkage=0.01


Tree=261
num_leaves=9
num_cat=0
split_feature=7 9 8 4 9 2 9 2
split_gain=3.43628e+09 2.63602e+09 3.3552e+09 2.12192e+09 1.60477e+09 1.2049e+09 8.49105e+08 2.75731e+09
threshold=17.500000000000004 2020.5000000000002 0.072200000000000014 2.8237846889952158 2015.5000000000002 5.3205930857602954 2010.5000000000002 2.2235095660821607
decision_type=2 2 2 2 2 2 2 2
left_child=-1 2 5 -4 6 -2 7 -5
right_child=1 -3 3 4 -6 -7 -8 -9
leaf_value=-88.673090204874683 -95.107376843620756 -85.956490946018945 114.69396177527022 87.533780499886788 86.819104076784043 5.5396118196528006 -32.089305524434131 -48.408587957418185
leaf_weight=36 24 22 35 33 32 22 35 25
leaf_count=36 24 22 35 33 32 22 35 25
internal_value=0.0764675 14.5776 25.858 47.434 27.4645 -48.3168 5.98739 29.1946
internal_weight=264 228 206 160 125 46 93 58
internal_count=264 228 206 160 125 46 93 58
is_linear=0
shrinkage=0.01


Tree=262
num_leaves=11
num_cat=0
split_feature=5 8 9 9 9 9 0 1 4 9
split_gain=3.39331e+09 2.81144e+09 1.9267e+09 1.29656e+09 1.67396e+09 1.85686e+09 1.59848e+09 1.09608e+09 8.3617e+08 8.24156e+08
threshold=3.5000000000000004 0.095900000000000027 2019.5000000000002 2008.5000000000002 2012.5000000000002 2015.5000000000002 1.5000000000000002 -5.2742034053747266 2.8237846889952158 2012.5000000000002
decision_type=2 2 2 2 2 2 2 2 2 2
left_child=1 2 3 6 -5 -6 -1 -3 -9 -10
right_child=-2 7 -4 4 5 -7 -8 8 9 -11
leaf_value=-88.963743749068968 -117.44574449327258 -4.4582545283802766 -105.41978140897528 90.433155320111439 -79.20783208802689 47.020740636189778 19.912496649050244 115.66172056953863 7.8113383909131668 87.942699164126793
leaf_weight=28 21 27 20 24 20 24 24 25 29 22
leaf_count=28 21 27 20 24 20 24 24 25 29 22
internal_value=0.0725583 10.8867 -18.2408 -2.58877 25.9296 -11.0754 -39.5636 50.1711 69.2897 43.903
internal_weight=264 243 140 120 68 44 52 103 76 51
internal_count=264 243 140 120 68 44 52 103 76 51
is_linear=0
shrinkage=0.01


Tree=263
num_leaves=12
num_cat=0
split_feature=3 9 8 4 4 3 9 1 4 9 1
split_gain=3.34615e+09 2.86631e+09 2.9096e+09 1.23432e+09 8.55976e+08 1.36443e+09 7.31832e+08 7.94008e+08 5.00876e+08 3.2865e+08 2.25437e+08
threshold=0.96330817972350247 2020.5000000000002 0.10230000000000002 3.0162740740740746 11.618397619047622 6.4904172043010764 2011.5000000000002 0.36460598817535944 6.3674672413793116 2010.5000000000002 4.3670212045891397
decision_type=2 2 2 2 2 2 2 2 2 2 2
left_child=10 2 4 -4 5 -2 7 -7 -8 -5 -1
right_child=1 -3 3 9 -6 6 8 -9 -10 -11 -12
leaf_value=-52.110726626926002 -49.939635855934839 -94.531606729196952 131.87048783735796 13.691212348090279 -52.693827170577705 15.31511091516373 -32.406801974826394 101.04667419433594 35.089995926258176 69.356979470760265 -106.16198469295057
leaf_weight=21 26 20 26 21 24 22 21 21 20 22 20
leaf_count=21 26 20 26 21 24 22 21 21 20 22 20
internal_value=0.0703228 15.4729 26.9247 78.9277 -0.430151 11.5282 31.0965 59.179 0.594632 43.5495 -81.2937
internal_weight=264 223 203 69 134 110 84 43 41 43 41
internal_count=264 223 203 69 134 110 84 43 41 43 41
is_linear=0
shrinkage=0.01


Tree=264
num_leaves=11
num_cat=0
split_feature=5 8 1 4 3 3 6 1 3 4
split_gain=3.28726e+09 2.70821e+09 1.06758e+09 8.11941e+08 6.65582e+08 5.13853e+08 1.30252e+09 7.13614e+08 5.92722e+08 1.89429e+08
threshold=3.5000000000000004 0.095900000000000027 -5.2742034053747266 2.8237846889952158 17.528806451612905 6.4904172043010764 1.5000000000000002 2.1445501945688066 24.720790322580648 1.9697268170426068
decision_type=2 2 2 2 2 2 2 2 2 2
left_child=1 5 -3 -4 -5 9 7 -7 -8 -1
right_child=-2 2 3 4 -6 6 8 -9 -10 -11
leaf_value=-21.782586112798644 -115.59896483357747 -4.633756810238487 113.82765631909641 4.0648957615272669 75.80828669497842 -2.4710822483750641 -71.360283018413355 72.454850206163186 -1.2530247938368055 -66.126069283992678
leaf_weight=20 21 27 25 24 27 29 27 21 21 22
leaf_count=20 21 27 25 24 27 29 27 21 21 22
internal_value=0.0684064 10.7123 49.2686 68.1373 43.1276 -17.8757 -5.09653 30.1914 -41.656 -46.4896
internal_weight=264 243 103 76 51 140 98 50 48 42
internal_count=264 243 103 76 51 140 98 50 48 42
is_linear=0
shrinkage=0.01


Tree=265
num_leaves=11
num_cat=0
split_feature=3 9 8 7 4 7 4 9 9 7
split_gain=3.23648e+09 2.81088e+09 2.81265e+09 1.51028e+09 1.3977e+09 1.47971e+09 1.13609e+09 7.52131e+08 1.60387e+09 2.57414e+08
threshold=0.96330817972350247 2020.5000000000002 0.10750000000000001 22.500000000000004 3.273636666666667 18.500000000000004 3.4293060200668903 2010.5000000000002 2015.5000000000002 17.500000000000004
decision_type=2 2 2 2 2 2 2 2 2 2
left_child=9 2 3 4 -2 -6 -4 -7 -9 -1
right_child=1 -3 6 -5 5 7 -8 8 -10 -11
leaf_value=-104.7988116929796 -64.873414405235877 -93.71913900685864 135.10712227006391 79.149781624002671 -61.566263549804688 64.676088540520468 36.587329687001755 -49.527000997291424 65.285758212619356 -48.372787816247275
leaf_weight=21 31 20 26 22 21 34 23 25 21 20
leaf_count=21 31 20 26 22 21 34 23 25 21 20
internal_value=0.0667567 15.2148 26.556 5.2659 -7.79896 10.4118 91.3237 30.0916 3.29377 -79.9529
internal_weight=264 223 203 154 132 101 49 80 46 41
internal_count=264 223 203 154 132 101 49 80 46 41
is_linear=0
shrinkage=0.01


Tree=266
num_leaves=11
num_cat=0
split_feature=3 9 8 7 8 7 3 5 3 9
split_gain=3.17622e+09 2.75867e+09 2.75977e+09 1.48214e+09 1.33034e+09 1.54046e+09 1.49133e+09 5.42366e+08 4.06203e+08 3.67453e+08
threshold=0.96330817972350247 2020.5000000000002 0.10750000000000001 22.500000000000004 0.076600000000000015 21.500000000000004 20.388666666666669 3.5000000000000004 9.3333500000000011 2012.5000000000002
decision_type=2 2 2 2 2 2 2 2 2 2
left_child=7 2 3 4 9 6 -6 -1 -4 -2
right_child=1 -3 8 -5 5 -7 -8 -9 -10 -11
leaf_value=-37.696939569517625 -23.036644478592219 -92.847334779251455 116.71645104123834 78.408806541929849 82.016549951171882 -48.079353759765631 -15.757520840731534 -113.59207385253907 52.845686814328459 -82.050803123296703
leaf_weight=20 24 20 27 22 36 26 26 21 22 20
leaf_count=20 24 20 27 22 36 26 26 21 22 20
internal_value=0.0637128 15.0701 26.3055 5.21644 -7.72614 14.7496 41.6107 -79.2074 90.4614 -51.6821
internal_weight=264 223 203 154 132 88 62 41 49 44
internal_count=264 223 203 154 132 88 62 41 49 44
is_linear=0
shrinkage=0.01


Tree=267
num_leaves=10
num_cat=0
split_feature=3 8 3 2 2 10 5 2 1
split_gain=3.11688e+09 2.64743e+09 9.27099e+08 8.16677e+08 1.04116e+09 6.72976e+08 5.32269e+08 5.10173e+08 4.10583e+08
threshold=0.96330817972350247 0.10230000000000002 7.3632333333333344 8.024548497882801 -0.6435396315552121 7.5000000000000009 3.5000000000000004 3.1597412862324097 1.1885499062299301
decision_type=2 2 2 2 2 2 2 2 2
left_child=6 3 -3 4 5 -2 -1 -4 -6
right_child=1 2 7 -5 8 -7 -8 -9 -10
leaf_value=-37.346267927302868 -28.067234378103482 118.7694276889535 15.707221562194825 40.60012396470556 -84.660786566840272 36.200109813115368 -112.53188427734375 78.157662296738735 -28.78195582522622
leaf_weight=20 28 20 36 25 21 35 21 20 38
leaf_count=20 28 20 36 25 21 35 21 20 38
internal_value=0.0583805 14.924 62.2319 -9.91603 -20.6352 7.64823 -78.4688 39.4682 -50.2771
internal_weight=264 223 76 147 122 63 41 56 59
internal_count=264 223 76 147 122 63 41 56 59
is_linear=0
shrinkage=0.01


Tree=268
num_leaves=11
num_cat=0
split_feature=5 8 9 9 2 9 9 1 4 9
split_gain=3.05681e+09 2.51762e+09 1.82788e+09 1.2804e+09 1.88831e+09 1.6329e+09 1.77748e+09 1.02168e+09 7.77582e+08 8.19023e+08
threshold=3.5000000000000004 0.095900000000000027 2019.5000000000002 2008.5000000000002 1.3014050119551037 2012.5000000000002 2015.5000000000002 -5.2742034053747266 2.8237846889952158 2012.5000000000002
decision_type=2 2 2 2 2 2 2 2 2 2
left_child=1 2 3 4 -1 -5 -7 -3 -9 -10
right_child=-2 7 -4 5 -6 6 -8 8 9 -11
leaf_value=30.534356001184342 -111.4815855984158 -5.1999840522230718 -102.15494503997094 90.032483556410838 -88.598919643825965 -76.915691542514537 46.578797188553153 110.64460580501917 5.6555610831839136 85.404842204641795
leaf_weight=22 21 27 20 24 30 20 24 25 29 22
leaf_count=22 21 27 20 24 30 20 24 25 29 22
internal_value=0.0576859 10.3217 -17.2419 -2.0032 -38.7532 26.3295 -10.24 47.4967 65.9563 41.5146
internal_weight=264 243 140 120 52 68 44 103 76 51
internal_count=264 243 140 120 52 68 44 103 76 51
is_linear=0
shrinkage=0.01


Tree=269
num_leaves=10
num_cat=0
split_feature=7 9 8 2 3 3 9 7 10
split_gain=3.01193e+09 2.37456e+09 2.99837e+09 1.13872e+09 1.13551e+09 1.28895e+09 1.0033e+09 9.7501e+08 5.40886e+08
threshold=17.500000000000004 2020.5000000000002 0.072200000000000014 5.3205930857602954 10.622416666666668 21.584500000000002 2015.5000000000002 20.500000000000004 8.5000000000000018
decision_type=2 2 2 2 2 2 2 2 2
left_child=-1 2 3 -2 -4 6 7 -6 -9
right_child=1 -3 4 -5 5 -7 -8 8 -10
leaf_value=-83.032851932779948 -91.269700805065682 -81.782445431973073 91.602684012545822 6.506998466329371 -66.536819051106775 75.464185052565597 65.578502083711854 -19.088646512944646 50.518169342750724
leaf_weight=36 24 22 38 22 21 39 20 22 20
leaf_count=36 24 22 38 22 21 39 20 22 20
internal_value=0.0562335 13.6326 24.3401 -45.778 44.737 29.2042 6.51369 -13.3259 14.6563
internal_weight=264 228 206 46 160 122 83 63 42
internal_count=264 228 206 46 160 122 83 63 42
is_linear=0
shrinkage=0.01


Tree=270
num_leaves=11
num_cat=0
split_feature=3 9 8 2 3 4 4 2 8 5
split_gain=2.9756e+09 2.63486e+09 2.59102e+09 1.46625e+09 1.24933e+09 1.46817e+09 1.07487e+09 7.49661e+08 9.51744e+08 5.01014e+08
threshold=0.96330817972350247 2020.5000000000002 0.10750000000000001 8.8656642370993151 12.39062043010753 12.012629800307222 3.4293060200668903 -5.1771449822631253 0.095900000000000027 3.5000000000000004
decision_type=2 2 2 2 2 2 2 2 2 2
left_child=9 2 3 4 -2 7 -4 -6 -9 -1
right_child=1 -3 6 -5 5 -7 -8 8 -10 -11
leaf_value=-36.720181723306347 -53.901023996612174 -90.888196936319034 130.28777114035867 79.802729003906251 83.007032612645347 -60.752753877861551 34.573763636374963 49.192247672913567 -33.09065973020067 -109.7400725640191
leaf_weight=20 39 20 26 21 20 20 23 30 24 21
leaf_count=20 39 20 26 21 20 20 23 30 24 21
internal_value=0.0527309 14.5775 25.5587 5.12393 -7.42588 12.4 87.7224 32.9854 12.7159 -76.674
internal_weight=264 223 203 154 133 94 49 74 54 41
internal_count=264 223 203 154 133 94 49 74 54 41
is_linear=0
shrinkage=0.01


Tree=271
num_leaves=12
num_cat=0
split_feature=3 9 8 7 3 7 2 9 2 3 5
split_gain=2.92032e+09 2.58603e+09 2.55194e+09 9.62297e+08 9.47094e+08 8.03102e+08 6.96255e+08 6.92336e+08 7.00483e+08 5.24448e+08 4.91686e+08
threshold=0.96330817972350247 2020.5000000000002 0.10230000000000002 18.500000000000004 6.4904172043010764 21.500000000000004 -5.1771449822631253 2008.5000000000002 3.4085333564522262 17.528806451612905 3.5000000000000004
decision_type=2 2 2 2 2 2 2 2 2 2 2
left_child=10 2 3 -2 -5 9 -6 -8 -9 -4 -1
right_child=1 -3 5 4 6 -7 7 8 -10 -11 -12
leaf_value=-36.378600175547042 -60.0833882921007 -90.042726596566141 5.1849772182730742 -41.261411892872943 73.661814769988368 113.34307235967917 -31.652819967830883 -8.8333566497093017 71.09434062551945 76.748299645712208 -108.71582904730904
leaf_weight=20 21 20 20 25 22 29 24 20 22 20 21
leaf_count=20 21 20 20 25 22 29 24 20 22 20 21
internal_value=0.0517379 14.441 25.32 -0.299691 11.452 74.022 26.8681 9.97975 34.0411 42.4476 -75.959
internal_weight=264 223 203 134 113 69 88 66 42 40 41
internal_count=264 223 203 134 113 69 88 66 42 40 41
is_linear=0
shrinkage=0.01


Tree=272
num_leaves=9
num_cat=0
split_feature=8 7 2 9 9 4 9 1
split_gain=2.86151e+09 1.98119e+09 1.73994e+09 2.01372e+09 1.76656e+09 1.30133e+09 1.41878e+09 8.66827e+08
threshold=0.076600000000000015 21.500000000000004 7.0398927773806301 2018.5000000000002 2014.5000000000002 5.2541481481481496 2006.5000000000002 2.1445501945688066
decision_type=2 2 2 2 2 2 2 2
left_child=1 7 3 4 5 6 -2 -1
right_child=2 -3 -4 -5 -6 -7 -8 -9
leaf_value=-39.594100209554036 90.665034849877443 30.074231456681797 89.447202965369598 -70.707084269973464 97.732632734190744 -41.071236971028647 -7.1257147352662811 -115.38844045865333
leaf_weight=36 24 24 31 25 25 36 35 28
leaf_count=36 24 24 31 25 25 36 35 28
internal_value=0.0491326 -46.0541 23.2952 8.38127 25.5276 5.30237 33.915 -74.6374
internal_weight=264 88 176 145 120 95 59 64
internal_count=264 88 176 145 120 95 59 64
is_linear=0
shrinkage=0.01


Tree=273
num_leaves=11
num_cat=0
split_feature=3 9 8 7 4 7 4 9 9 5
split_gain=2.83904e+09 2.5168e+09 2.49196e+09 1.41716e+09 1.32084e+09 1.37574e+09 1.03691e+09 7.42672e+08 1.51607e+09 4.82864e+08
threshold=0.96330817972350247 2020.5000000000002 0.10750000000000001 22.500000000000004 3.273636666666667 18.500000000000004 3.4293060200668903 2010.5000000000002 2015.5000000000002 3.5000000000000004
decision_type=2 2 2 2 2 2 2 2 2 2
left_child=9 2 3 4 -2 -6 -4 -7 -9 -1
right_child=1 -3 6 -5 5 7 -8 8 -10 -11
leaf_value=-35.710966601704442 -63.204960655799276 -88.837506188680962 127.73663720148261 76.502120634038405 -59.420057522243923 63.32305023623185 33.751320598368743 -48.966736185325765 62.656575537787539 -107.34392331271702
leaf_weight=20 31 20 26 22 21 34 23 25 21 21
leaf_count=20 31 20 26 22 21 34 23 25 21 21
internal_value=0.050563 14.2382 24.9706 4.93119 -7.72277 9.98206 85.9342 28.9586 2.36094 -74.8949
internal_weight=264 223 203 154 132 101 49 80 46 41
internal_count=264 223 203 154 132 101 49 80 46 41
is_linear=0
shrinkage=0.01


Tree=274
num_leaves=11
num_cat=0
split_feature=3 9 8 2 3 4 4 2 8 1
split_gain=2.78617e+09 2.47005e+09 2.44511e+09 1.41227e+09 1.19559e+09 1.39455e+09 1.01734e+09 7.22228e+08 9.45373e+08 2.2283e+08
threshold=0.96330817972350247 2020.5000000000002 0.10750000000000001 8.8656642370993151 12.39062043010753 12.012629800307222 3.4293060200668903 -5.1771449822631253 0.095900000000000027 4.3670212045891397
decision_type=2 2 2 2 2 2 2 2 2 2
left_child=9 2 3 4 -2 7 -4 -6 -9 -1
right_child=1 -3 6 -5 5 -7 -8 8 -10 -11
leaf_value=-46.031379913330078 -52.893697249801072 -88.011111123728213 126.52894461891869 78.176854709201393 81.124383821709202 -59.325694281999461 33.434470021773357 48.510848766508552 -33.487950152228862 -98.494585528706395
leaf_weight=21 39 20 26 21 20 20 23 30 24 20
leaf_count=21 39 20 26 21 20 20 23 30 24 20
internal_value=0.0478241 14.1027 24.735 4.88486 -7.43029 11.9666 85.1228 32.0308 12.1466 -74.1965
internal_weight=264 223 203 154 133 94 49 74 54 41
internal_count=264 223 203 154 133 94 49 74 54 41
is_linear=0
shrinkage=0.01


Tree=275
num_leaves=11
num_cat=0
split_feature=5 8 9 9 2 9 9 1 4 9
split_gain=2.74527e+09 2.25075e+09 1.69004e+09 1.23418e+09 1.81086e+09 1.62303e+09 1.69261e+09 9.65724e+08 7.18924e+08 8.02787e+08
threshold=3.5000000000000004 0.095900000000000027 2019.5000000000002 2008.5000000000002 1.3014050119551037 2012.5000000000002 2015.5000000000002 -5.2742034053747266 2.8237846889952158 2012.5000000000002
decision_type=2 2 2 2 2 2 2 2 2 2
left_child=1 2 3 4 -1 -5 -7 -3 -9 -10
right_child=-2 7 -4 5 -6 6 -8 8 9 -11
leaf_value=30.11772889482214 -105.65593348524305 -6.2493950318453608 -97.936337266079207 89.684146369485305 -86.53884925478981 -75.339952818404797 45.173186097986552 105.82328833238135 3.9825130275038423 82.841737239107175
leaf_weight=22 21 27 20 24 30 20 24 25 29 22
leaf_count=22 21 27 20 24 30 20 24 25 29 22
internal_value=0.0467532 9.77375 -16.2882 -1.63896 -37.7233 26.1734 -10.2831 44.9231 62.8721 39.3954
internal_weight=264 243 140 120 52 68 44 103 76 51
internal_count=264 243 140 120 52 68 44 103 76 51
is_linear=0
shrinkage=0.01


Tree=276
num_leaves=11
num_cat=0
split_feature=5 8 1 2 2 3 4 8 3 4
split_gain=2.69422e+09 2.20864e+09 9.47628e+08 7.35486e+08 9.3833e+08 1.08018e+09 7.05362e+08 6.75054e+08 6.41074e+08 5.40455e+08
threshold=3.5000000000000004 0.095900000000000027 -5.2742034053747266 5.5241386594999673 2.2235095660821607 23.414645161290327 2.8237846889952158 0.084000000000000019 17.528806451612905 3.2521636363636368
decision_type=2 2 2 2 2 2 2 2 2 2
left_child=1 3 -3 4 5 7 -4 -1 -8 -5
right_child=-2 2 6 9 -6 -7 8 -9 -10 -11
leaf_value=-81.4645933702257 -104.66981198459202 -6.1901892946477517 104.82495450001844 -21.1680979546441 -85.596016384825418 37.988270329889261 0.89028154709759877 -4.8939098881740195 71.09351624605948 45.138310161243787
leaf_weight=21 21 27 25 21 23 25 24 24 27 26
leaf_count=21 21 27 25 21 23 25 24 24 27 26
internal_value=0.0454899 9.68163 44.5007 -16.1353 -32.2558 -13.3015 62.2806 -42.1023 39.0262 15.7734
internal_weight=264 243 103 140 93 70 76 45 51 47
internal_count=264 243 103 140 93 70 76 45 51 47
is_linear=0
shrinkage=0.01


Tree=277
num_leaves=10
num_cat=0
split_feature=7 9 8 4 9 4 4 9 4
split_gain=2.64786e+09 2.09636e+09 2.64981e+09 1.84638e+09 1.4469e+09 8.57706e+08 1.16897e+09 5.7958e+08 4.7778e+08
threshold=17.500000000000004 2020.5000000000002 0.072200000000000014 2.8237846889952158 2015.5000000000002 3.7987620320855622 5.2541481481481496 2009.5000000000002 2.2550735930735937
decision_type=2 2 2 2 2 2 2 2 2
left_child=-1 2 8 -4 5 -5 -7 -8 -2
right_child=1 -3 3 4 -6 6 7 -9 -10
leaf_value=-77.863009228515622 -10.952069055893842 -76.879087511427869 104.72136301537083 -52.627042621346412 79.767294265974812 74.017808957567411 20.221630745580644 -47.234287679036463 -75.197803148513145
leaf_weight=36 24 22 35 20 32 24 28 21 22
leaf_count=36 24 22 35 20 32 24 28 21 22
internal_value=0.0425458 12.772 22.833 42.0079 23.4146 3.06592 19.0768 -9.23215 -43.0829
internal_weight=264 228 206 160 125 93 73 49 46
internal_count=264 228 206 160 125 93 73 49 46
is_linear=0
shrinkage=0.01


Tree=278
num_leaves=11
num_cat=0
split_feature=3 9 8 2 3 4 4 2 8 5
split_gain=2.62222e+09 2.35639e+09 2.3066e+09 1.36693e+09 1.13012e+09 1.33559e+09 9.75714e+08 7.05589e+08 9.35803e+08 4.42995e+08
threshold=0.96330817972350247 2020.5000000000002 0.10750000000000001 8.8656642370993151 12.39062043010753 12.012629800307222 3.4293060200668903 -5.1771449822631253 0.095900000000000027 3.5000000000000004
decision_type=2 2 2 2 2 2 2 2 2 2
left_child=9 2 3 4 -2 7 -4 -6 -9 -1
right_child=1 -3 6 -5 5 -7 -8 8 -10 -11
leaf_value=-34.430328723996183 -51.536894533133804 -86.061379167423695 123.24925139687279 76.885197699652778 79.679836837413703 -58.240939160724018 32.145766358667494 47.713809000651047 -33.860467002719055 -103.07705826822918
leaf_weight=20 39 20 26 21 20 20 23 30 24 21
leaf_count=20 39 20 26 21 20 20 23 30 24 21
internal_value=0.0386149 13.6738 24.0591 4.77905 -7.33654 11.5232 82.7116 31.1611 11.5231 -71.9881
internal_weight=264 223 203 154 133 94 49 74 54 41
internal_count=264 223 203 154 133 94 49 74 54 41
is_linear=0
shrinkage=0.01


Tree=279
num_leaves=11
num_cat=0
split_feature=3 7 8 4 9 2 1 9 5 7
split_gain=2.57351e+09 2.37166e+09 1.94483e+09 1.01783e+09 1.49148e+09 2.64851e+09 1.09718e+09 7.30781e+08 4.34747e+08 3.64292e+08
threshold=0.96330817972350247 22.500000000000004 0.076600000000000015 2.6986071428571434 2008.5000000000002 1.8178255356099073 1.1885499062299301 2013.5000000000002 3.5000000000000004 20.500000000000004
decision_type=2 2 2 2 2 2 2 2 2 2
left_child=8 2 7 -4 6 9 -5 -2 -1 -6
right_child=1 -3 3 4 5 -7 -8 -9 -10 -11
leaf_value=-34.110048004860104 -15.476252452503552 100.53941459517046 78.266467092085861 10.771427172283794 -46.070086721866694 93.156556285511357 -91.411138170818958 -93.513636890269339 -102.11500531684027 7.4276749701248974
leaf_weight=20 26 26 23 20 22 37 20 22 21 27
leaf_count=20 26 26 23 20 22 37 20 22 21 27
internal_value=0.0378027 13.5457 1.39127 19.2648 7.70051 31.0351 -41.777 -52.9935 -71.3168 -17.2465
internal_weight=264 223 197 149 126 86 40 48 41 49
internal_count=264 223 197 149 126 86 40 48 41 49
is_linear=0
shrinkage=0.01


Tree=280
num_leaves=11
num_cat=0
split_feature=3 7 8 4 9 2 1 9 7 1
split_gain=2.52536e+09 2.32727e+09 1.90816e+09 9.99038e+08 1.46336e+09 2.59808e+09 1.07686e+09 7.17192e+08 3.57491e+08 2.17273e+08
threshold=0.96330817972350247 22.500000000000004 0.076600000000000015 2.6986071428571434 2008.5000000000002 1.8178255356099073 1.1885499062299301 2013.5000000000002 20.500000000000004 4.3670212045891397
decision_type=2 2 2 2 2 2 2 2 2 2
left_child=9 2 7 -4 6 8 -5 -2 -6 -1
right_child=1 -3 3 4 5 -7 -8 -9 -10 -11
leaf_value=-43.1640601671007 -15.329932073419746 99.588858537847358 77.531720556142389 10.671226437590843 -45.638792770061094 92.261286636947048 -90.56080340718114 -92.638189781675962 7.3573070459198542 -94.488193018713659
leaf_weight=21 26 26 23 20 22 37 20 22 27 20
leaf_count=21 26 26 23 20 22 37 20 22 27 20
internal_value=0.0321956 13.4132 1.37306 19.0774 7.62043 30.7341 -41.3883 -52.4966 -17.0855 -70.6517
internal_weight=264 223 197 149 126 86 40 48 49 41
internal_count=264 223 197 149 126 86 40 48 49 41
is_linear=0
shrinkage=0.01


Tree=281
num_leaves=10
num_cat=0
split_feature=9 8 4 9 10 9 9 7 4
split_gain=2.51942e+09 3.22205e+09 1.60184e+09 1.15079e+09 1.97376e+09 1.73286e+09 5.83673e+08 4.92193e+08 2.33107e+08
threshold=2020.5000000000002 0.072200000000000014 2.8237846889952158 2008.5000000000002 6.5000000000000009 2004.5000000000002 2008.5000000000002 21.500000000000004 8.3321279761904776
decision_type=2 2 2 2 2 2 2 2 2
left_child=1 6 7 5 -5 -4 -1 -3 -6
right_child=-2 2 3 4 8 -7 -8 -9 -10
leaf_value=-89.542541216681983 -94.506421299354699 45.462782720521439 33.702289140181108 95.778343948143117 -17.698774701018831 -79.857702973563718 -25.413077457682295 120.09087131943814 22.426028765510111
leaf_weight=24 24 20 26 33 32 25 36 20 24
leaf_count=24 24 20 26 33 32 25 36 20 24
internal_value=0.0265389 10.0082 31.1477 14.7978 36.2796 -22.6554 -52.6233 85.769 -0.36583
internal_weight=264 240 180 140 89 51 60 40 56
internal_count=264 240 180 140 89 51 60 40 56
is_linear=0
shrinkage=0.01


Tree=282
num_leaves=10
num_cat=0
split_feature=9 8 4 9 2 10 9 2 2
split_gain=2.47224e+09 3.16145e+09 1.57239e+09 1.12904e+09 2.98697e+09 1.93612e+09 5.72834e+08 2.38831e+08 2.31242e+08
threshold=2020.5000000000002 0.072200000000000014 2.8237846889952158 2008.5000000000002 2.2235095660821607 6.5000000000000009 2008.5000000000002 2.7082831557539326 2.0761927358724401
decision_type=2 2 2 2 2 2 2 2 2
left_child=1 6 7 4 -4 -5 -1 -3 -7
right_child=-2 2 3 5 -6 8 -8 -9 -10
leaf_value=-88.699789919385736 -93.616948852539068 53.748426937724275 48.617997169494629 94.862203209918476 -100.54224506452972 -16.459468224753795 -25.169111840820314 110.26519116778707 23.980734265915888
leaf_weight=24 24 20 27 33 24 34 36 20 22
leaf_count=24 24 20 27 33 24 34 36 20 22
internal_value=0.0268628 9.91459 30.8544 14.6556 -22.442 35.9335 -52.1251 84.9712 -0.360937
internal_weight=264 240 180 140 51 89 60 40 56
internal_count=264 240 180 140 51 89 60 40 56
is_linear=0
shrinkage=0.01


Tree=283
num_leaves=10
num_cat=0
split_feature=5 2 9 1 9 9 10 2 7
split_gain=2.4688e+09 2.09437e+09 3.0608e+09 1.58389e+09 1.2175e+09 1.74114e+09 8.51392e+08 1.02366e+09 1.21915e+09
threshold=3.5000000000000004 9.878218009690487 2019.5000000000002 5.7732283139878113 2015.5000000000002 2013.5000000000002 4.5000000000000009 -4.5401318786987765 21.500000000000004
decision_type=2 2 2 2 2 2 2 2 2
left_child=1 2 3 4 5 6 -1 -8 -9
right_child=-2 -3 -4 -5 -6 -7 7 8 -10
leaf_value=-15.749785025160191 -100.21188031684028 93.196129012197815 -99.658040738192469 -42.720706257761258 87.996056662819612 -65.885953016493062 106.8909250019872 -9.8449528652042542 83.159422580295143
leaf_weight=28 21 25 26 39 26 21 20 37 21
leaf_count=28 21 25 26 39 26 21 20 37 21
internal_value=0.0269889 9.2513 -0.946444 13.0896 27.5925 14.3435 30.9357 47.6756 25.0764
internal_weight=264 243 218 192 153 127 106 78 58
internal_count=264 243 218 192 153 127 106 78 58
is_linear=0
shrinkage=0.01


Tree=284
num_leaves=11
num_cat=0
split_feature=5 2 9 8 2 4 4 4 9 10
split_gain=2.42303e+09 2.05488e+09 3.00341e+09 1.51605e+09 1.27232e+09 5.6073e+08 4.71201e+08 3.97242e+08 4.3239e+08 2.52432e+08
threshold=3.5000000000000004 9.878218009690487 2019.5000000000002 0.10750000000000001 -1.6289557695985388 2.4221006441223838 3.4293060200668903 4.4945877777777783 2012.5000000000002 7.5000000000000009
decision_type=2 2 2 2 2 2 2 2 2 2
left_child=1 2 3 4 9 -6 -5 -7 -9 -1
right_child=-2 -3 -4 6 5 7 -8 8 -10 -11
leaf_value=12.089698841441761 -99.276569118923618 92.316918933796444 -98.715818226207389 87.161362671433835 15.874734708824935 -76.356402877097906 23.390507198901886 -47.754985910189355 11.74858130166697 56.447541875665841
leaf_weight=26 21 25 26 27 23 20 22 28 20 26
leaf_count=26 21 25 26 27 23 20 22 28 20 26
internal_value=0.028818 9.16721 -0.933961 12.9699 -3.62703 -26.0422 60.075 -40.2567 -23.3569 35.2296
internal_weight=264 243 218 192 143 91 49 68 48 52
internal_count=264 243 218 192 143 91 49 68 48 52
is_linear=0
shrinkage=0.01


Tree=285
num_leaves=10
num_cat=0
split_feature=5 2 9 1 8 9 9 2 2
split_gain=2.37795e+09 2.01632e+09 2.94685e+09 1.54015e+09 1.47368e+09 1.02391e+09 8.88016e+08 7.4085e+08 2.25557e+08
threshold=3.5000000000000004 9.878218009690487 2019.5000000000002 5.7732283139878113 0.10750000000000001 2015.5000000000002 2012.5000000000002 -1.4828673529617695 0.62530459341961786
decision_type=2 2 2 2 2 2 2 2 2
left_child=1 2 3 4 5 6 7 -1 -6
right_child=-2 -3 -4 -5 8 -7 -8 -9 -10
leaf_value=45.386366696565048 -98.349986490885428 91.446005882407135 -97.782506436434659 -42.186799534927175 48.38311251618142 70.52541464162428 -57.850297228754783 -18.513245863481004 102.42361415064612
leaf_weight=33 21 25 26 39 20 20 23 37 20
leaf_count=33 21 25 26 39 20 20 23 37 20
internal_value=0.0272263 9.08022 -0.925721 12.8466 27.1481 8.31462 -5.97103 11.9309 78.129
internal_weight=264 243 218 192 153 113 93 70 40
internal_count=264 243 218 192 153 113 93 70 40
is_linear=0
shrinkage=0.01


Tree=286
num_leaves=10
num_cat=0
split_feature=3 7 1 9 2 9 6 9 5
split_gain=2.35748e+09 2.23004e+09 1.35856e+09 1.31296e+09 3.37118e+09 1.7989e+09 9.98453e+08 1.09009e+09 3.89217e+08
threshold=0.96330817972350247 22.500000000000004 -5.9092557247283564 2008.5000000000002 2.2235095660821607 2011.5000000000002 1.5000000000000002 2015.5000000000002 3.5000000000000004
decision_type=2 2 2 2 2 2 2 2 2
left_child=8 2 -2 4 -4 -5 7 -7 -1
right_child=1 -3 3 5 -6 6 -8 -9 -10
leaf_value=-32.977438908066858 -53.090267297363283 97.314250909978696 75.611820636128272 100.7932086491989 -81.666593275960281 -24.171885798028175 -49.716586928256724 63.676910166283179 -97.432056369357639
leaf_weight=20 36 26 20 28 36 22 20 35 21
leaf_count=20 36 26 20 28 36 22 20 35 21
internal_value=0.0294106 12.958 1.17336 13.685 -24.9884 34.3723 8.75467 30.0198 -68.2646
internal_weight=264 223 197 161 56 105 77 57 41
internal_count=264 223 197 161 56 105 77 57 41
is_linear=0
shrinkage=0.01


Tree=287
num_leaves=9
num_cat=0
split_feature=9 8 7 3 3 9 9 9
split_gain=2.32378e+09 2.98149e+09 1.24908e+09 9.47661e+08 1.26997e+09 8.76849e+08 9.21217e+08 5.61562e+08
threshold=2020.5000000000002 0.072200000000000014 17.500000000000004 10.622416666666668 21.584500000000002 2015.5000000000002 2007.5000000000002 2008.5000000000002
decision_type=2 2 2 2 2 2 2 2
left_child=1 7 -3 -4 5 6 -5 -1
right_child=-2 2 3 4 -6 -7 -8 -9
leaf_value=-86.823327122108608 -90.75942892635571 -42.280337425054505 82.074812359387366 22.558358642578124 71.034584636923711 57.939431847860654 -52.318865146921645 -23.997476839192711
leaf_weight=24 24 20 38 31 39 20 32 36
leaf_count=24 24 20 38 31 39 20 32 36
internal_value=0.0290219 9.61524 29.9504 39.2882 25.1261 2.67648 -15.8066 -50.6327
internal_weight=264 240 180 160 122 83 63 60
internal_count=264 240 180 160 122 83 63 60
is_linear=0
shrinkage=0.01


Tree=288
num_leaves=11
num_cat=0
split_feature=9 8 7 9 9 10 9 7 2 2
split_gain=2.28006e+09 2.92498e+09 1.22564e+09 8.63531e+08 1.92684e+09 1.17994e+09 5.51131e+08 3.36671e+08 3.0476e+08 4.7208e+07
threshold=2020.5000000000002 0.072200000000000014 17.500000000000004 2015.5000000000002 2010.5000000000002 6.5000000000000009 2008.5000000000002 21.500000000000004 -1.4828673529617695 3.0911365991605053
decision_type=2 2 2 2 2 2 2 2 2 2
left_child=1 6 -3 4 5 -4 -1 -7 -6 -5
right_child=-2 2 3 9 8 7 -8 -9 -10 -11
leaf_value=-86.006164143880213 -89.90522427428003 -41.887033435910247 2.9315923394097223 93.514904451592031 -57.115638385151705 55.998184291294649 -23.767100056966147 114.31945589287336 -2.6709043281022895 57.905640627838849
leaf_weight=24 24 20 30 20 20 30 36 20 20 20
leaf_count=24 24 20 30 20 20 30 36 20 20 20
internal_value=0.0251956 9.52084 29.6624 38.9121 24.9279 52.9347 -50.1534 81.9771 -30.974 78.447
internal_weight=264 240 180 160 120 80 60 50 40 40
internal_count=264 240 180 160 120 80 60 50 40 40
is_linear=0
shrinkage=0.01


Tree=289
num_leaves=10
num_cat=0
split_feature=7 8 2 9 1 1 1 1 7
split_gain=2.2652e+09 2.48644e+09 1.06311e+09 1.76841e+09 1.6648e+09 1.05489e+09 6.56354e+08 3.63387e+08 2.18932e+08
threshold=22.500000000000004 0.076600000000000015 7.0398927773806301 2018.5000000000002 3.884174011343378 0.17904398323459467 -1.5033185759283139 -5.9092557247283564 19.500000000000004
decision_type=2 2 2 2 2 2 2 2 2
left_child=1 6 3 4 5 7 -1 -3 -8
right_child=-2 2 -4 -5 -6 -7 8 -9 -10
leaf_value=-13.659727639590992 81.13402011558658 -21.82346358188363 64.881508078653312 -75.610423512178315 -58.195590417740199 85.457207248493773 -101.75119917889032 29.404907705572587 -53.433647385982049
leaf_weight=24 29 20 29 24 22 28 23 38 27
leaf_count=24 29 20 29 24 22 28 23 38 27
internal_value=0.0262601 -10.4339 11.6707 -0.617117 16.8554 36.7232 -57.8027 11.6349 -77.9762
internal_weight=264 235 161 132 108 86 74 58 50
internal_count=264 235 161 132 108 86 74 58 50
is_linear=0
shrinkage=0.01


Tree=290
num_leaves=10
num_cat=0
split_feature=3 7 1 9 10 9 6 9 5
split_gain=2.23508e+09 2.14295e+09 1.30853e+09 1.29564e+09 2.28363e+09 1.75792e+09 9.69157e+08 1.05831e+09 3.80007e+08
threshold=0.96330817972350247 22.500000000000004 -5.9092557247283564 2008.5000000000002 7.5000000000000009 2011.5000000000002 1.5000000000000002 2015.5000000000002 3.5000000000000004
decision_type=2 2 2 2 2 2 2 2 2
left_child=8 2 -2 4 -4 -5 7 -7 -1
right_child=1 -3 3 5 -6 6 -8 -9 -10
leaf_value=-31.710498075263445 -52.194982440185548 95.303370350230821 -73.381451198630145 99.550704107769477 54.961759847005204 -23.872676794173874 -49.036832360555962 62.683990796232877 -95.262456488715273
leaf_weight=20 36 26 35 28 21 22 20 35 21
leaf_count=20 36 26 35 28 21 22 20 35 21
internal_value=0.0224035 12.6109 1.05943 13.3392 -25.0743 33.8911 8.56874 29.5205 -66.4751
internal_weight=264 223 197 161 56 105 77 57 41
internal_count=264 223 197 161 56 105 77 57 41
is_linear=0
shrinkage=0.01


Tree=291
num_leaves=10
num_cat=0
split_feature=9 8 4 9 2 10 9 7 4
split_gain=2.20947e+09 2.81214e+09 1.4905e+09 1.08419e+09 2.80239e+09 1.84876e+09 5.34434e+08 4.32294e+08 2.41034e+08
threshold=2020.5000000000002 0.072200000000000014 2.8237846889952158 2008.5000000000002 2.2235095660821607 6.5000000000000009 2008.5000000000002 21.500000000000004 8.3321279761904776
decision_type=2 2 2 2 2 2 2 2 2
left_child=1 6 7 4 -4 -5 -1 -3 -7
right_child=-2 2 3 5 -6 8 -8 -9 -10
leaf_value=-84.44321407542509 -88.505942550360004 43.865710108557415 45.896148381818804 91.800100062273557 -98.60272141400506 -18.831183044661337 -23.173127132161458 114.02679150958394 21.971814850451903
leaf_weight=24 24 20 27 33 24 32 36 20 24
leaf_count=24 24 20 27 33 24 32 36 20 24
internal_value=0.0214462 9.36897 29.118 13.3584 -22.9775 34.2159 -49.1432 81.8 -1.22701
internal_weight=264 240 180 140 51 89 60 40 56
internal_count=264 240 180 140 51 89 60 40 56
is_linear=0
shrinkage=0.01


Tree=292
num_leaves=10
num_cat=0
split_feature=5 2 9 1 9 9 10 2 1
split_gain=2.17985e+09 1.95119e+09 2.73807e+09 1.45893e+09 1.13045e+09 1.64423e+09 7.41579e+08 8.30105e+08 1.01495e+09
threshold=3.5000000000000004 9.878218009690487 2019.5000000000002 5.7732283139878113 2015.5000000000002 2013.5000000000002 5.5000000000000009 -3.7199827353786961 -0.29282627925480414
decision_type=2 2 2 2 2 2 2 2 2
left_child=1 2 3 4 5 6 -1 -8 -9
right_child=-2 -3 -4 -5 -6 -7 7 8 -10
leaf_value=-6.5866447468547076 -94.168828993055556 89.713923829276609 -94.513263627485799 -41.432179037965369 84.245140563964853 -64.663382553948296 100.55312382187955 -28.73501107149346 61.373963142770236
leaf_weight=37 21 25 26 39 26 21 20 20 29
leaf_count=37 21 25 26 39 26 21 20 20 29
internal_value=0.0214579 8.68918 -1.15218 12.1251 26.0467 13.2877 29.4177 48.4538 24.8335
internal_weight=264 243 218 192 153 127 106 69 49
internal_count=264 243 218 192 153 127 106 69 49
is_linear=0
shrinkage=0.01


Tree=293
num_leaves=10
num_cat=0
split_feature=8 2 9 7 9 2 3 7 9
split_gain=2.15848e+09 1.14306e+09 1.59733e+09 9.31753e+08 1.16773e+09 2.109e+09 8.95817e+08 6.47208e+08 2.86355e+08
threshold=0.092500000000000013 7.1928976200398749 2004.5000000000002 18.500000000000004 2008.5000000000002 5.5241386594999673 20.946033333333336 20.500000000000004 2014.5000000000002
decision_type=2 2 2 2 2 2 2 2 2
left_child=3 2 -2 -1 -5 -6 7 -4 -9
right_child=1 -3 6 4 5 -7 -8 8 -10
leaf_value=-70.728329573567706 93.01188737736193 95.345465620173968 -63.247459538236583 -55.541282279459637 -29.708042316678203 90.029128716651428 50.923767037898934 -20.298426106770833 27.424841264512803
leaf_weight=36 20 20 22 36 38 22 22 27 21
leaf_count=36 20 20 22 36 38 22 22 27 21
internal_value=0.0215688 28.4542 15.4071 -28.4113 -11.6983 15.3204 -2.68495 -20.2484 0.778662
internal_weight=264 132 112 132 96 60 92 70 48
internal_count=264 132 112 132 96 60 92 70 48
is_linear=0
shrinkage=0.01


Tree=294
num_leaves=10
num_cat=0
split_feature=7 8 2 9 9 2 4 9 9
split_gain=2.14579e+09 2.34582e+09 1.00962e+09 1.69204e+09 1.37224e+09 1.12247e+09 6.84389e+08 4.13244e+08 1.25459e+09
threshold=22.500000000000004 0.076600000000000015 7.0398927773806301 2018.5000000000002 2014.5000000000002 -1.887008912865501 5.3718660714285731 2013.5000000000002 2007.5000000000002
decision_type=2 2 2 2 2 2 2 2 2
left_child=1 7 3 4 5 -3 -7 8 -1
right_child=-2 2 -4 -5 -6 6 -8 -9 -10
leaf_value=-85.656080581989698 78.96897081218782 43.711465312900827 63.172868365928771 -74.011959563610603 84.158140999002669 1.5514225886418269 -69.093820651307396 -84.432543732173855 18.394307679521276
leaf_weight=22 29 32 29 24 22 31 23 30 22
leaf_count=22 29 32 29 24 22 31 23 30 22
internal_value=0.027975 -10.1527 11.3178 -0.656269 16.4355 -2.03455 -29.5922 -56.1626 -34.7394
internal_weight=264 235 161 132 108 86 54 74 44
internal_count=264 235 161 132 108 86 54 74 44
is_linear=0
shrinkage=0.01


Tree=295
num_leaves=10
num_cat=0
split_feature=9 10 4 9 2 10 9 7 4
split_gain=2.11538e+09 2.67746e+09 1.45e+09 1.06214e+09 2.72378e+09 1.78862e+09 5.11874e+08 4.16658e+08 2.39351e+08
threshold=2020.5000000000002 3.5000000000000004 2.8237846889952158 2008.5000000000002 2.2235095660821607 6.5000000000000009 2008.5000000000002 21.500000000000004 8.3321279761904776
decision_type=2 2 2 2 2 2 2 2 2
left_child=1 6 7 4 -4 -5 -1 -3 -7
right_child=-2 2 3 5 -6 8 -8 -9 -10
leaf_value=-82.464571078431376 -86.595430214077822 43.149501839571222 44.858435358415576 90.188726101198071 -97.606250125660608 -18.850639764586493 -22.515016471354166 112.04503264671148 21.809986246146408
leaf_weight=24 24 20 27 33 24 32 36 20 24
leaf_count=24 24 20 27 33 24 32 36 20 24
internal_value=0.0263828 9.17266 28.4429 12.9023 -23.0568 33.5488 -47.9215 80.4022 -1.31012
internal_weight=264 240 180 140 51 89 60 40 56
internal_count=264 240 180 140 51 89 60 40 56
is_linear=0
shrinkage=0.01


Tree=296
num_leaves=10
num_cat=0
split_feature=5 2 9 1 8 9 9 2 2
split_gain=2.10156e+09 1.8768e+09 2.61878e+09 1.41259e+09 1.34784e+09 9.4074e+08 8.27689e+08 6.66472e+08 2.25627e+08
threshold=3.5000000000000004 9.878218009690487 2019.5000000000002 5.7732283139878113 0.10750000000000001 2015.5000000000002 2012.5000000000002 -1.4828673529617695 0.62530459341961786
decision_type=2 2 2 2 2 2 2 2 2
left_child=1 2 3 4 5 6 7 -1 -6
right_child=-2 -3 -4 -5 8 -7 -8 -9 -10
leaf_value=42.898758474156473 -92.457037109374994 88.00214445581976 -92.419739968039778 -40.829269491125039 45.070571658112286 67.195995231450993 -56.206590028101083 -17.706124093191963 98.389230914448589
leaf_weight=33 21 25 26 39 20 20 23 37 20
leaf_count=33 21 25 26 39 20 20 23 37 20
internal_value=0.0263458 8.53697 -1.11507 11.8696 25.5687 7.563 -6.12423 11.1652 74.3228
internal_weight=264 243 218 192 153 113 93 70 40
internal_count=264 243 218 192 153 113 93 70 40
is_linear=0
shrinkage=0.01


Tree=297
num_leaves=11
num_cat=0
split_feature=3 8 9 1 3 9 4 9 5 4
split_gain=2.06921e+09 1.88902e+09 1.68754e+09 7.88908e+08 5.32026e+08 1.39485e+09 9.43747e+08 8.26077e+08 3.50202e+08 3.10977e+08
threshold=0.96330817972350247 0.10230000000000002 2019.5000000000002 -0.29282627925480414 13.021569892473119 2008.5000000000002 11.618397619047622 2011.5000000000002 3.5000000000000004 4.4945877777777783
decision_type=2 2 2 2 2 2 2 2 2 2
left_child=8 2 4 -3 5 -2 7 -6 -1 -5
right_child=1 3 -4 9 6 -7 -8 -9 -10 -11
leaf_value=-30.566085744458576 -78.848545925564238 13.364478504693329 -88.621436848958325 103.22362013872932 79.750688145524364 26.706965246367872 -32.661776361668366 3.7093195097325213 -91.594104871961804 44.56220224779706
leaf_weight=20 21 32 21 24 28 27 22 28 21 20
leaf_count=20 21 32 21 24 28 27 22 28 21 20
internal_value=0.0284515 12.1408 -8.83769 52.1035 5.34568 -20.4633 21.3147 42.8188 -63.9541 78.9077
internal_weight=264 223 147 76 126 48 78 56 41 44
internal_count=264 223 147 76 126 48 78 56 41 44
is_linear=0
shrinkage=0.01


Tree=298
num_leaves=10
num_cat=0
split_feature=7 8 3 4 9 9 3 9 9
split_gain=2.07869e+09 2.20731e+09 9.91783e+08 8.76737e+08 7.00585e+08 1.54286e+09 9.39129e+08 4.07617e+08 1.21616e+09
threshold=22.500000000000004 0.076600000000000015 21.584500000000002 7.1778717741935489 2010.5000000000002 2015.5000000000002 12.715533333333335 2013.5000000000002 2007.5000000000002
decision_type=2 2 2 2 2 2 2 2 2
left_child=1 7 3 4 6 -6 -3 8 -1
right_child=-2 2 -4 -5 5 -7 -8 -9 -10
leaf_value=-83.552557035405584 77.722249040447295 79.282507850796563 56.736130795413501 -60.703813519145172 -67.396754790188965 32.786415250408119 -8.3498918930365118 -82.664278186616443 18.85953982089428
leaf_weight=22 29 24 35 20 27 32 23 30 22
leaf_count=22 29 24 35 20 27 32 23 30 22
internal_value=0.025287 -9.99495 10.8332 -2.435 9.25264 -13.5943 37.4664 -54.6253 -33.4127
internal_weight=264 235 161 126 106 59 47 74 44
internal_count=264 235 161 126 106 59 47 74 44
is_linear=0
shrinkage=0.01


Tree=299
num_leaves=10
num_cat=0
split_feature=7 8 2 9 1 1 1 1 7
split_gain=2.03946e+09 2.16554e+09 9.83439e+08 1.60518e+09 1.53709e+09 1.01743e+09 6.4386e+08 3.50974e+08 2.00612e+08
threshold=22.500000000000004 0.076600000000000015 7.0398927773806301 2018.5000000000002 3.884174011343378 0.17904398323459467 -1.5033185759283139 -5.9092557247283564 19.500000000000004
decision_type=2 2 2 2 2 2 2 2 2
left_child=1 6 3 4 5 7 -1 -3 -8
right_child=-2 2 -4 -5 -6 -7 8 -9 -10
leaf_value=-10.607376816693474 76.983249931960813 -22.762400991750319 61.906410507452293 -72.528289340150124 -56.53236794106504 82.514625099311431 -96.791499671157524 27.552752704861796 -50.641372027480813
leaf_weight=24 29 20 29 24 22 28 23 38 27
leaf_count=24 29 20 29 24 22 28 23 38 27
internal_value=0.0229274 -9.90229 10.7279 -1.08508 15.5671 34.6643 -54.1083 10.0661 -74.0715
internal_weight=264 235 161 132 108 86 74 58 50
internal_count=264 235 161 132 108 86 74 58 50
is_linear=0
shrinkage=0.01


end of trees

feature_importances:
temp_avg=483
year=476
avg_weight=444
platt_apag_mom_pct=310
precip_avg=265
possible_working_days=237
platt_crude_mom_pct=225
month=86
season=74
threshold_temp_days=45
threshold_rainy_days=44

parameters:
[boosting: gbdt]
[objective: regression]
[metric: rmse,l2]
[tree_learner: serial]
[device_type: cpu]
[data_sample_strategy: bagging]
[data: ]
[valid: ]
[num_iterations: 300]
[learning_rate: 0.01]
[num_leaves: 63]
[num_threads: 12]
[seed: 42]
[deterministic: 0]
[force_col_wise: 0]
[force_row_wise: 0]
[histogram_pool_size: -1]
[max_depth: -1]
[min_data_in_leaf: 20]
[min_sum_hessian_in_leaf: 0.001]
[bagging_fraction: 1]
[pos_bagging_fraction: 1]
[neg_bagging_fraction: 1]
[bagging_freq: 0]
[bagging_seed: 400]
[bagging_by_query: 0]
[feature_fraction: 0.8]
[feature_fraction_bynode: 1]
[feature_fraction_seed: 30056]
[extra_trees: 0]
[extra_seed: 12879]
[early_stopping_round: 0]
[early_stopping_min_delta: 0]
[first_metric_only: 0]
[max_delta_step: 0]
[lambda_l1: 1]
[lambda_l2: 1.5]
[linear_lambda: 0]
[min_gain_to_split: 0]
[drop_rate: 0.1]
[max_drop: 50]
[skip_drop: 0.5]
[xgboost_dart_mode: 0]
[uniform_drop: 0]
[drop_seed: 17869]
[top_rate: 0.2]
[other_rate: 0.1]
[min_data_per_group: 100]
[max_cat_threshold: 32]
[cat_l2: 10]
[cat_smooth: 10]
[max_cat_to_onehot: 4]
[top_k: 20]
[monotone_constraints: ]
[monotone_constraints_method: basic]
[monotone_penalty: 0]
[feature_contri: ]
[forcedsplits_filename: ]
[refit_decay_rate: 0.9]
[cegb_tradeoff: 1]
[cegb_penalty_split: 0]
[cegb_penalty_feature_lazy: ]
[cegb_penalty_feature_coupled: ]
[path_smooth: 0]
[interaction_constraints: ]
[verbosity: 1]
[saved_feature_importance_type: 0]
[use_quantized_grad: 0]
[num_grad_quant_bins: 4]
[quant_train_renew_leaf: 0]
[stochastic_rounding: 1]
[linear_tree: 0]
[max_bin: 255]
[max_bin_by_feature: ]
[min_data_in_bin: 3]
[bin_construct_sample_cnt: 200000]
[data_random_seed: 175]
[is_enable_sparse: 1]
[enable_bundle: 1]
[use_missing: 1]
[zero_as_missing: 0]
[feature_pre_filter: 1]
[pre_partition: 0]
[two_round: 0]
[header: 0]
[label_column: ]
[weight_column: ]
[group_column: ]
[ignore_column: ]
[categorical_feature: ]
[forcedbins_filename: ]
[precise_float_parser: 0]
[parser_config_file: ]
[objective_seed: 16083]
[num_class: 1]
[is_unbalance: 0]
[scale_pos_weight: 1]
[sigmoid: 1]
[boost_from_average: 1]
[reg_sqrt: 0]
[alpha: 0.9]
[fair_c: 1]
[poisson_max_delta_step: 0.7]
[tweedie_variance_power: 1.5]
[lambdarank_truncation_level: 30]
[lambdarank_norm: 1]
[label_gain: ]
[lambdarank_position_bias_regularization: 0]
[eval_at: ]
[multi_error_top_k: 1]
[auc_mu_weights: ]
[num_machines: 1]
[local_listen_port: 12400]
[time_out: 120]
[machine_list_filename: ]
[machines: ]
[gpu_platform_id: -1]
[gpu_device_id: -1]
[gpu_use_dp: 0]
[num_gpu: 1]

end of parameters

pandas_categorical:[]
